####
#
# OBJ File Generated by Meshlab
#
####
# Object bottle_0338.obj
#
# Vertices: 3508
# Faces: 5586
#
####
vn 0.0000000 0.0000000 1.0000000
v 624.8610229 393.5539856 0.0000000
vn -0.0130449 -0.0000000 0.9999149
v 505.2200012 393.5539856 -1.5608400
vn -0.0126005 -0.0033763 0.9999149
v 509.2969971 362.5889893 -1.5608400
vn 0.0126005 0.0033763 -0.9999149
v 509.2969971 362.5889893 -1.5608400
vn 0.0130449 0.0000000 -0.9999149
v 505.2200012 393.5539856 -1.5608400
vn -0.0000000 -0.0000000 -1.0000000
v 624.8610229 393.5539856 0.0000000
vn -0.0126005 0.0033763 0.9999149
v 509.2969971 424.5190125 -1.5608400
vn 0.0126005 -0.0033763 -0.9999149
v 509.2969971 424.5190125 -1.5608400
vn 0.3582246 0.0959833 0.9286885
v 506.3789978 361.8070068 -0.5550870
vn 0.3159651 0.0000000 0.9487708
v 505.2200012 393.5539856 -1.5608400
vn 0.3708748 0.0000000 0.9286829
v 502.2000122 393.5539856 -0.5550870
vn 0.3051164 0.0817562 0.9487992
v 509.2969971 362.5889893 -1.5608400
vn -0.3051164 -0.0817562 -0.9487992
v 509.2969971 362.5889893 -1.5608400
vn -0.3582246 -0.0959833 -0.9286885
v 506.3789978 361.8070068 -0.5550870
vn -0.3159651 -0.0000000 -0.9487708
v 505.2200012 393.5539856 -1.5608400
vn -0.3708748 -0.0000000 -0.9286829
v 502.2000122 393.5539856 -0.5550870
vn -0.0112973 -0.0065224 0.9999149
v 521.2490234 333.7330017 -1.5608400
vn 0.0112973 0.0065224 -0.9999149
v 521.2490234 333.7330017 -1.5608400
vn -0.0112973 0.0065225 0.9999149
v 521.2490234 453.3739929 -1.5608400
vn 0.0112973 -0.0065225 -0.9999149
v 521.2490234 453.3739929 -1.5608400
vn 0.3582242 -0.0959855 0.9286885
v 506.3789978 425.3009949 -0.5550870
vn 0.3051158 -0.0817582 0.9487993
v 509.2969971 424.5190125 -1.5608400
vn -0.3051158 0.0817582 -0.9487992
v 509.2969971 424.5190125 -1.5608400
vn -0.3582242 0.0959855 -0.9286885
v 506.3789978 425.3009949 -0.5550870
vn 0.4531794 0.1214225 0.8831110
v 503.5840149 361.0580139 0.7722830
vn 0.4691643 -0.0000005 0.8831109
v 499.3059998 393.5539856 0.7722830
vn -0.4531794 -0.1214225 -0.8831110
v 503.5840149 361.0580139 0.7722830
vn -0.4691642 0.0000005 -0.8831109
v 499.3059998 393.5539856 0.7722830
vn 0.3211823 0.1854312 0.9286858
v 518.6329956 332.2229919 -0.5550870
vn 0.2735921 0.1579580 0.9487869
v 521.2490234 333.7330017 -1.5608400
vn -0.2735922 -0.1579580 -0.9487869
v 521.2490234 333.7330017 -1.5608400
vn -0.3211824 -0.1854312 -0.9286858
v 518.6329956 332.2229919 -0.5550870
vn -0.0092241 -0.0092242 0.9999149
v 540.2620239 308.9549866 -1.5608400
vn 0.0092241 0.0092242 -0.9999149
v 540.2620239 308.9549866 -1.5608400
vn -0.0092241 0.0092243 0.9999149
v 540.2620239 478.1520081 -1.5608400
vn 0.0092241 -0.0092243 -0.9999149
v 540.2620239 478.1520081 -1.5608400
vn 0.3211811 -0.1854306 0.9286863
v 518.6329956 454.8840027 -0.5550870
vn 0.2735911 -0.1579598 0.9487869
v 521.2490234 453.3739929 -1.5608400
vn -0.2735911 0.1579598 -0.9487869
v 521.2490234 453.3739929 -1.5608400
vn -0.3211811 0.1854306 -0.9286863
v 518.6329956 454.8840027 -0.5550870
vn 0.4531953 -0.1214343 0.8831012
v 503.5840149 426.0499878 0.7722830
vn -0.4531953 0.1214343 -0.8831012
v 503.5840149 426.0499878 0.7722830
vn 0.5428035 0.1454494 0.8271692
v 500.9440002 360.3500061 2.4056201
vn 0.5619274 -0.0000004 0.8271865
v 496.5729980 393.5539856 2.4056201
vn -0.5428035 -0.1454494 -0.8271692
v 500.9440002 360.3500061 2.4056201
vn -0.5619274 0.0000004 -0.8271865
v 496.5729980 393.5539856 2.4056201
vn 0.4063274 0.2345943 0.8830989
v 516.1270142 330.7760010 0.7722830
vn -0.4063274 -0.2345943 -0.8830989
v 516.1270142 330.7760010 0.7722830
vn 0.2622502 0.2622490 0.9286820
v 538.1259766 306.8190002 -0.5550870
vn 0.2233699 0.2233728 0.9487942
v 540.2620239 308.9549866 -1.5608400
vn -0.2233699 -0.2233727 -0.9487942
v 540.2620239 308.9549866 -1.5608400
vn -0.2622502 -0.2622490 -0.9286820
v 538.1259766 306.8190002 -0.5550870
vn -0.0065224 -0.0112973 0.9999149
v 565.0410156 289.9419861 -1.5608400
vn 0.0065224 0.0112973 -0.9999149
v 565.0410156 289.9419861 -1.5608400
vn -0.0065226 0.0112973 0.9999149
v 565.0410156 497.1650085 -1.5608400
vn 0.0065226 -0.0112973 -0.9999149
v 565.0410156 497.1650085 -1.5608400
vn 0.2622227 -0.2622122 0.9287001
v 538.1259766 480.2879944 -0.5550870
vn 0.2233711 -0.2233683 0.9487950
v 540.2620239 478.1520081 -1.5608400
vn -0.2233711 0.2233683 -0.9487950
v 540.2620239 478.1520081 -1.5608400
vn -0.2622227 0.2622122 -0.9287001
v 538.1259766 480.2879944 -0.5550870
vn 0.4062978 -0.2345733 0.8831180
v 516.1270142 456.3309937 0.7722830
vn -0.4062979 0.2345733 -0.8831180
v 516.1270142 456.3309937 0.7722830
vn 0.5428025 -0.1454333 0.8271727
v 500.9440002 426.7569885 2.4056201
vn -0.5428025 0.1454333 -0.8271727
v 500.9440002 426.7569885 2.4056201
vn 0.6259949 0.1677290 0.7615756
v 498.4909973 359.6929932 4.3256602
vn 0.6480470 -0.0000007 0.7616004
v 494.0329895 393.5539856 4.3256602
vn -0.6259949 -0.1677290 -0.7615756
v 498.4909973 359.6929932 4.3256602
vn -0.6480470 0.0000007 -0.7616004
v 494.0329895 393.5539856 4.3256602
vn 0.4866977 0.2809833 0.8271480
v 513.7600098 329.4100037 2.4056201
vn -0.4866977 -0.2809834 -0.8271480
v 513.7600098 329.4100037 2.4056201
vn 0.3317314 0.3317358 0.8831227
v 536.0800171 304.7730103 0.7722830
vn -0.3317314 -0.3317358 -0.8831227
v 536.0800171 304.7730103 0.7722830
vn 0.1854224 0.3211643 0.9286938
v 563.5300293 287.3259888 -0.5550870
vn 0.1579299 0.2735590 0.9488012
v 565.0410156 289.9419861 -1.5608400
vn -0.1579299 -0.2735589 -0.9488012
v 565.0410156 289.9419861 -1.5608400
vn -0.1854224 -0.3211643 -0.9286938
v 563.5300293 287.3259888 -0.5550870
vn -0.0033763 -0.0126005 0.9999149
v 593.8959961 277.9899902 -1.5608400
vn 0.0033763 0.0126005 -0.9999149
v 593.8959961 277.9899902 -1.5608400
vn -0.0033763 0.0126005 0.9999149
v 593.8959961 509.1180115 -1.5608400
vn 0.0033763 -0.0126005 -0.9999149
v 593.8959961 509.1180115 -1.5608400
vn 0.1854033 -0.3211328 0.9287084
v 563.5300293 499.7820129 -0.5550870
vn 0.1578916 -0.2734925 0.9488267
v 565.0410156 497.1650085 -1.5608400
vn -0.1578916 0.2734924 -0.9488267
v 565.0410156 497.1650085 -1.5608400
vn -0.1854033 0.3211328 -0.9287084
v 563.5300293 499.7820129 -0.5550870
vn 0.3317406 -0.3317488 0.8831143
v 536.0800171 482.3349915 0.7722830
vn -0.3317406 0.3317488 -0.8831143
v 536.0800171 482.3349915 0.7722830
vn 0.4866676 -0.2809767 0.8271679
v 513.7600098 457.6979980 2.4056201
vn -0.4866677 0.2809767 -0.8271679
v 513.7600098 457.6979980 2.4056201
vn 0.6259957 -0.1677470 0.7615710
v 498.4909973 427.4150085 4.3256602
vn -0.6259956 0.1677470 -0.7615710
v 498.4909973 427.4150085 4.3256602
vn 0.7018226 0.1880620 0.6870791
v 496.2529907 359.0929871 6.5097599
vn 0.7266023 -0.0000013 0.6870584
v 491.7160034 393.5539856 6.5097599
vn -0.7018226 -0.1880620 -0.6870791
v 496.2529907 359.0929871 6.5097599
vn -0.7266023 0.0000013 -0.6870584
v 491.7160034 393.5539856 6.5097599
vn 0.5612113 0.3240212 0.7616116
v 511.5610046 328.1400146 4.3256602
vn -0.5612113 -0.3240212 -0.7616116
v 511.5610046 328.1400146 4.3256602
vn 0.3973641 0.3973518 0.8271719
v 534.1469727 302.8399963 2.4056201
vn -0.3973641 -0.3973517 -0.8271719
v 534.1469727 302.8399963 2.4056201
vn 0.2345979 0.4063246 0.8830992
v 562.0830078 284.8200073 0.7722830
vn -0.2345979 -0.4063247 -0.8830991
v 562.0830078 284.8200073 0.7722830
vn 0.0959879 0.3582204 0.9286897
v 593.1140137 275.0719910 -0.5550870
vn 0.0817560 0.3051152 0.9487996
v 593.8959961 277.9899902 -1.5608400
vn -0.0817560 -0.3051152 -0.9487996
v 593.8959961 277.9899902 -1.5608400
vn -0.0959879 -0.3582204 -0.9286897
v 593.1140137 275.0719910 -0.5550870
vn 0.0000000 -0.0130449 0.9999149
v 624.8610229 273.9129944 -1.5608400
vn -0.0000000 0.0130449 -0.9999149
v 624.8610229 273.9129944 -1.5608400
vn 0.0000000 0.0130450 0.9999149
v 624.8610229 513.1939697 -1.5608400
vn -0.0000000 -0.0130450 -0.9999149
v 624.8610229 513.1939697 -1.5608400
vn 0.0959792 -0.3581977 0.9286993
v 593.1140137 512.0349731 -0.5550870
vn 0.0817821 -0.3052027 0.9487692
v 593.8959961 509.1180115 -1.5608400
vn -0.0817822 0.3052027 -0.9487692
v 593.8959961 509.1180115 -1.5608400
vn -0.0959792 0.3581977 -0.9286993
v 593.1140137 512.0349731 -0.5550870
vn 0.2345990 -0.4063224 0.8831000
v 562.0830078 502.2879944 0.7722830
vn -0.2345989 0.4063224 -0.8830999
v 562.0830078 502.2879944 0.7722830
vn 0.3973984 -0.3973783 0.8271427
v 534.1469727 484.2669983 2.4056201
vn -0.3973984 0.3973782 -0.8271427
v 534.1469727 484.2669983 2.4056201
vn 0.5612422 -0.3240509 0.7615762
v 511.5610046 458.9679871 4.3256602
vn -0.5612422 0.3240508 -0.7615762
v 511.5610046 458.9679871 4.3256602
vn 0.7018232 -0.1880429 0.6870838
v 496.2529907 428.0140076 6.5097599
vn -0.7018232 0.1880429 -0.6870838
v 496.2529907 428.0140076 6.5097599
vn 0.7966330 -0.0000006 0.6044633
v 489.6499939 393.5539856 8.9321804
vn 0.7694713 0.2061637 0.6044919
v 494.2569885 358.5589905 8.9321804
vn -0.7966329 0.0000006 -0.6044633
v 489.6499939 393.5539856 8.9321804
vn -0.7694713 -0.2061637 -0.6044919
v 494.2569885 358.5589905 8.9321804
vn 0.6292284 0.3632948 0.6870870
v 509.5539856 326.9809875 6.5097599
vn -0.6292285 -0.3632949 -0.6870869
v 509.5539856 326.9809875 6.5097599
vn 0.4583083 0.4583070 0.7615171
v 532.3519897 301.0440063 4.3256602
vn -0.4583082 -0.4583069 -0.7615172
v 532.3519897 301.0440063 4.3256602
vn 0.2809504 0.4866333 0.8271970
v 560.7169800 282.4530029 2.4056201
vn -0.2809504 -0.4866333 -0.8271970
v 560.7169800 282.4530029 2.4056201
vn 0.1214246 0.4531805 0.8831102
v 592.3649902 272.2770081 0.7722830
vn -0.1214246 -0.4531804 -0.8831102
v 592.3649902 272.2770081 0.7722830
vn -0.0000016 0.3708321 0.9287000
v 624.8610229 270.8919983 -0.5550870
vn -0.0000002 0.3158758 0.9488006
v 624.8610229 273.9129944 -1.5608400
vn 0.0000002 -0.3158758 -0.9488006
v 624.8610229 273.9129944 -1.5608400
vn 0.0000016 -0.3708321 -0.9287000
v 624.8610229 270.8919983 -0.5550870
vn 0.0033763 -0.0126005 0.9999149
v 655.8259888 277.9899902 -1.5608400
vn -0.0033763 0.0126005 -0.9999149
v 655.8259888 277.9899902 -1.5608400
vn 0.0033763 0.0126005 0.9999149
v 655.8259888 509.1180115 -1.5608400
vn -0.0033763 -0.0126005 -0.9999149
v 655.8259888 509.1180115 -1.5608400
vn -0.0000000 -0.3708341 0.9286991
v 624.8610229 516.2150269 -0.5550870
vn -0.0000000 -0.3158699 0.9488025
v 624.8610229 513.1939697 -1.5608400
vn 0.0000000 0.3158699 -0.9488025
v 624.8610229 513.1939697 -1.5608400
vn 0.0000000 0.3708341 -0.9286991
v 624.8610229 516.2150269 -0.5550870
vn 0.1214041 -0.4531305 0.8831387
v 592.3649902 514.8309937 0.7722830
vn -0.1214041 0.4531305 -0.8831387
v 592.3649902 514.8309937 0.7722830
vn 0.2809903 -0.4866941 0.8271478
v 560.7169800 504.6549988 2.4056201
vn -0.2809902 0.4866941 -0.8271478
v 560.7169800 504.6549988 2.4056201
vn 0.4583040 -0.4583110 0.7615173
v 532.3519897 486.0629883 4.3256602
vn -0.4583040 0.4583110 -0.7615173
v 532.3519897 486.0629883 4.3256602
vn 0.6292602 -0.3633080 0.6870508
v 509.5539856 460.1260071 6.5097599
vn -0.6292602 0.3633080 -0.6870508
v 509.5539856 460.1260071 6.5097599
vn 0.7694691 -0.2061877 0.6044865
v 494.2569885 428.5490112 8.9321804
vn -0.7694691 0.2061877 -0.6044865
v 494.2569885 428.5490112 8.9321804
vn 0.8572870 -0.0000009 0.5148388
v 487.8590088 393.5539856 11.5642996
vn 0.8280696 0.2218851 0.5148473
v 492.5270081 358.0950012 11.5642996
vn -0.8572870 0.0000009 -0.5148388
v 487.8590088 393.5539856 11.5642996
vn -0.8280696 -0.2218851 -0.5148474
v 492.5270081 358.0950012 11.5642996
vn 0.6899296 0.3983477 0.6044140
v 507.7650146 325.9479980 8.9321804
vn -0.6899295 -0.3983477 -0.6044140
v 507.7650146 325.9479980 8.9321804
vn 0.5137954 0.5138032 0.6870375
v 530.7139893 299.4060059 6.5097599
vn -0.5137953 -0.5138032 -0.6870376
v 530.7139893 299.4060059 6.5097599
vn 0.3240439 0.5612708 0.7615581
v 559.4470215 280.2529907 4.3256602
vn -0.3240439 -0.5612708 -0.7615581
v 559.4470215 280.2529907 4.3256602
vn 0.1454495 0.5428032 0.8271693
v 591.6569824 269.6369934 2.4056201
vn -0.1454495 -0.5428032 -0.8271694
v 591.6569824 269.6369934 2.4056201
vn 0.0000036 0.4692408 0.8830703
v 624.8610229 267.9979858 0.7722830
vn -0.0000036 -0.4692408 -0.8830703
v 624.8610229 267.9979858 0.7722830
vn -0.0959866 0.3582215 0.9286894
v 656.6079712 275.0719910 -0.5550870
vn -0.0817558 0.3051154 0.9487996
v 655.8259888 277.9899902 -1.5608400
vn 0.0817558 -0.3051154 -0.9487996
v 655.8259888 277.9899902 -1.5608400
vn 0.0959866 -0.3582215 -0.9286894
v 656.6079712 275.0719910 -0.5550870
vn 0.0065224 -0.0112973 0.9999149
v 684.6810303 289.9419861 -1.5608400
vn -0.0065224 0.0112973 -0.9999149
v 684.6810303 289.9419861 -1.5608400
vn 0.0065226 0.0112973 0.9999149
v 684.6810303 497.1650085 -1.5608400
vn -0.0065226 -0.0112973 -0.9999149
v 684.6810303 497.1650085 -1.5608400
vn -0.0817821 -0.3052027 0.9487692
v 655.8259888 509.1180115 -1.5608400
vn -0.0959791 -0.3581977 0.9286993
v 656.6079712 512.0349731 -0.5550870
vn 0.0959791 0.3581977 -0.9286993
v 656.6079712 512.0349731 -0.5550870
vn 0.0817821 0.3052027 -0.9487692
v 655.8259888 509.1180115 -1.5608400
vn -0.0000000 -0.4691665 0.8831097
v 624.8610229 519.1090088 0.7722830
vn 0.0000000 0.4691665 -0.8831097
v 624.8610229 519.1090088 0.7722830
vn 0.1454495 -0.5428030 0.8271695
v 591.6569824 517.4710083 2.4056201
vn -0.1454495 0.5428030 -0.8271695
v 591.6569824 517.4710083 2.4056201
vn 0.3240855 -0.5613124 0.7615097
v 559.4470215 506.8540039 4.3256602
vn -0.3240854 0.5613124 -0.7615097
v 559.4470215 506.8540039 4.3256602
vn 0.5137964 -0.5138014 0.6870382
v 530.7139893 487.7009888 6.5097599
vn -0.5137964 0.5138014 -0.6870382
v 530.7139893 487.7009888 6.5097599
vn 0.6899008 -0.3983184 0.6044663
v 507.7650146 461.1589966 8.9321804
vn -0.6899008 0.3983184 -0.6044663
v 507.7650146 461.1589966 8.9321804
vn 0.8280863 -0.2218807 0.5148223
v 492.5270081 429.0119934 11.5642996
vn -0.8280864 0.2218807 -0.5148222
v 492.5270081 429.0119934 11.5642996
vn 0.9078413 -0.0000016 0.4193140
v 486.3640137 393.5539856 14.3752003
vn 0.8768923 0.2349616 0.4193484
v 491.0830078 357.7080078 14.3752003
vn -0.9078413 0.0000016 -0.4193140
v 486.3640137 393.5539856 14.3752003
vn -0.8768923 -0.2349616 -0.4193484
v 491.0830078 357.7080078 14.3752003
vn 0.7424166 0.4286301 0.5148727
v 506.2139893 325.0530090 11.5642996
vn -0.7424166 -0.4286301 -0.5148727
v 506.2139893 325.0530090 11.5642996
vn 0.5632824 0.5633043 0.6044844
v 529.2529907 297.9450073 8.9321804
vn -0.5632823 -0.5633042 -0.6044844
v 529.2529907 297.9450073 8.9321804
vn 0.3633311 0.6293157 0.6869879
v 558.2890015 278.2470093 6.5097599
vn -0.3633310 -0.6293157 -0.6869878
v 558.2890015 278.2470093 6.5097599
vn 0.1677446 0.6260172 0.7615538
v 591.0000000 267.1839905 4.3256602
vn -0.1677446 -0.6260172 -0.7615538
v 591.0000000 267.1839905 4.3256602
vn 0.0000010 0.5619887 0.8271450
v 624.8610229 265.2659912 2.4056201
vn -0.0000010 -0.5619887 -0.8271450
v 624.8610229 265.2659912 2.4056201
vn -0.1214401 0.4531927 0.8831018
v 657.3569946 272.2770081 0.7722830
vn 0.1214400 -0.4531927 -0.8831018
v 657.3569946 272.2770081 0.7722830
vn -0.1579297 0.2735590 0.9488012
v 684.6810303 289.9419861 -1.5608400
vn -0.1854238 0.3211659 0.9286929
v 686.1920166 287.3259888 -0.5550870
vn 0.1854238 -0.3211659 -0.9286929
v 686.1920166 287.3259888 -0.5550870
vn 0.1579297 -0.2735590 -0.9488012
v 684.6810303 289.9419861 -1.5608400
vn 0.0092241 -0.0092242 0.9999149
v 709.4600220 308.9549866 -1.5608400
vn -0.0092241 0.0092242 -0.9999149
v 709.4600220 308.9549866 -1.5608400
vn 0.0092241 0.0092243 0.9999149
v 709.4600220 478.1520081 -1.5608400
vn -0.0092241 -0.0092243 -0.9999149
v 709.4600220 478.1520081 -1.5608400
vn -0.1578915 -0.2734925 0.9488267
v 684.6810303 497.1650085 -1.5608400
vn -0.1854047 -0.3211343 0.9287077
v 686.1920166 499.7820129 -0.5550870
vn 0.1854047 0.3211343 -0.9287077
v 686.1920166 499.7820129 -0.5550870
vn 0.1578915 0.2734925 -0.9488267
v 684.6810303 497.1650085 -1.5608400
vn -0.1214169 -0.4531467 0.8831285
v 657.3569946 514.8309937 0.7722830
vn 0.1214169 0.4531467 -0.8831285
v 657.3569946 514.8309937 0.7722830
vn -0.0000007 -0.5619240 0.8271889
v 624.8610229 521.8419800 2.4056201
vn 0.0000008 0.5619240 -0.8271889
v 624.8610229 521.8419800 2.4056201
vn 0.1677462 -0.6260217 0.7615498
v 591.0000000 519.9240112 4.3256602
vn -0.1677462 0.6260217 -0.7615498
v 591.0000000 519.9240112 4.3256602
vn 0.3633021 -0.6292485 0.6870647
v 558.2890015 508.8599854 6.5097599
vn -0.3633021 0.6292485 -0.6870648
v 558.2890015 508.8599854 6.5097599
vn 0.5632530 -0.5632548 0.6045579
v 529.2529907 489.1619873 8.9321804
vn -0.5632530 0.5632548 -0.6045578
v 529.2529907 489.1619873 8.9321804
vn 0.7424117 -0.4286475 0.5148652
v 506.2139893 462.0549927 11.5642996
vn -0.7424117 0.4286475 -0.5148651
v 506.2139893 462.0549927 11.5642996
vn 0.8768930 -0.2349613 0.4193470
v 491.0830078 429.3989868 14.3752003
vn -0.8768930 0.2349613 -0.4193470
v 491.0830078 429.3989868 14.3752003
vn 0.9478060 -0.0000016 0.3188477
v 485.1820068 393.5539856 17.3316002
vn 0.9154960 0.2452996 0.3188968
v 489.9410095 357.4020081 17.3316002
vn -0.9478060 0.0000016 -0.3188477
v 485.1820068 393.5539856 17.3316002
vn -0.9154960 -0.2452996 -0.3188968
v 489.9410095 357.4020081 17.3316002
vn 0.7861695 0.4539009 0.4194180
v 504.9190063 324.3049927 14.3752003
vn -0.7861695 -0.4539009 -0.4194179
v 504.9190063 324.3049927 14.3752003
vn 0.6061698 0.6061512 0.5149166
v 527.9860229 296.6789856 11.5642996
vn -0.6061698 -0.6061512 -0.5149166
v 527.9860229 296.6789856 11.5642996
vn 0.3983107 0.6899016 0.6044703
v 557.2559814 276.4580078 8.9321804
vn -0.3983107 -0.6899015 -0.6044704
v 557.2559814 276.4580078 8.9321804
vn 0.1880496 0.7018259 0.6870791
v 590.4010010 264.9460144 6.5097599
vn -0.1880496 -0.7018259 -0.6870791
v 590.4010010 264.9460144 6.5097599
vn -0.0000028 0.6480476 0.7615999
v 624.8610229 262.7260132 4.3256602
vn 0.0000028 -0.6480476 -0.7615998
v 624.8610229 262.7260132 4.3256602
vn -0.1454353 0.5428038 0.8271714
v 658.0640259 269.6369934 2.4056201
vn 0.1454353 -0.5428038 -0.8271714
v 658.0640259 269.6369934 2.4056201
vn -0.2345974 0.4063276 0.8830979
v 687.6389771 284.8200073 0.7722830
vn 0.2345974 -0.4063276 -0.8830979
v 687.6389771 284.8200073 0.7722830
vn -0.2233731 0.2233751 0.9487929
v 709.4600220 308.9549866 -1.5608400
vn -0.2622492 0.2622488 0.9286824
v 711.5960083 306.8190002 -0.5550870
vn 0.2622492 -0.2622488 -0.9286824
v 711.5960083 306.8190002 -0.5550870
vn 0.2233731 -0.2233751 -0.9487929
v 709.4600220 308.9549866 -1.5608400
vn 0.0112973 -0.0065224 0.9999149
v 728.4730225 333.7330017 -1.5608400
vn -0.0112973 0.0065224 -0.9999149
v 728.4730225 333.7330017 -1.5608400
vn 0.0112973 0.0065225 0.9999149
v 728.4730225 453.3739929 -1.5608400
vn -0.0112973 -0.0065225 -0.9999149
v 728.4730225 453.3739929 -1.5608400
vn -0.2233744 -0.2233707 0.9487937
v 709.4600220 478.1520081 -1.5608400
vn -0.2622218 -0.2622120 0.9287005
v 711.5960083 480.2879944 -0.5550870
vn 0.2622218 0.2622120 -0.9287005
v 711.5960083 480.2879944 -0.5550870
vn 0.2233744 0.2233707 -0.9487937
v 709.4600220 478.1520081 -1.5608400
vn -0.2345985 -0.4063253 0.8830987
v 687.6389771 502.2879944 0.7722830
vn 0.2345985 0.4063253 -0.8830987
v 687.6389771 502.2879944 0.7722830
vn -0.1454329 -0.5428012 0.8271736
v 658.0640259 517.4710083 2.4056201
vn 0.1454329 0.5428012 -0.8271737
v 658.0640259 517.4710083 2.4056201
vn -0.0000006 -0.6481344 0.7615260
v 624.8610229 524.3820190 4.3256602
vn 0.0000006 0.6481344 -0.7615260
v 624.8610229 524.3820190 4.3256602
vn 0.1880667 -0.7019059 0.6869928
v 590.4010010 522.1619873 6.5097599
vn -0.1880667 0.7019060 -0.6869928
v 590.4010010 522.1619873 6.5097599
vn 0.3982795 -0.6898512 0.6045484
v 557.2559814 510.6499939 8.9321804
vn -0.3982795 0.6898513 -0.6045484
v 557.2559814 510.6499939 8.9321804
vn 0.6061673 -0.6061625 0.5149061
v 527.9860229 490.4289856 11.5642996
vn -0.6061673 0.6061625 -0.5149061
v 527.9860229 490.4289856 11.5642996
vn 0.7861984 -0.4539071 0.4193572
v 504.9190063 462.8020020 14.3752003
vn -0.7861985 0.4539071 -0.4193571
v 504.9190063 462.8020020 14.3752003
vn 0.9154956 -0.2453012 0.3188967
v 489.9410095 429.7049866 17.3316002
vn -0.9154956 0.2453012 -0.3188968
v 489.9410095 429.7049866 17.3316002
vn 0.9766845 -0.0000017 0.2146802
v 484.3280029 393.5539856 20.3987999
vn 0.9434143 0.2527810 0.2146422
v 489.1159973 357.1809998 20.3987999
vn -0.9766845 0.0000017 -0.2146802
v 484.3280029 393.5539856 20.3987999
vn -0.9434143 -0.2527810 -0.2146422
v 489.1159973 357.1809998 20.3987999
vn 0.8208335 0.4739110 0.3188115
v 503.8949890 323.7139893 17.3316002
vn -0.8208335 -0.4739110 -0.3188116
v 503.8949890 323.7139893 17.3316002
vn 0.6419226 0.6419547 0.4193205
v 526.9290161 295.6210022 14.3752003
vn -0.6419225 -0.6419547 -0.4193205
v 526.9290161 295.6210022 14.3752003
vn 0.4286221 0.7423848 0.5149252
v 556.3599854 274.9070129 11.5642996
vn -0.4286221 -0.7423848 -0.5149252
v 556.3599854 274.9070129 11.5642996
vn 0.2061739 0.7694471 0.6045193
v 589.8660278 262.9500122 8.9321804
vn -0.2061738 -0.7694471 -0.6045193
v 589.8660278 262.9500122 8.9321804
vn -0.0000032 0.7265995 0.6870613
v 624.8610229 260.4089966 6.5097599
vn 0.0000032 -0.7265995 -0.6870613
v 624.8610229 260.4089966 6.5097599
vn -0.1677429 0.6260005 0.7615679
v 658.7219849 267.1839905 4.3256602
vn 0.1677429 -0.6260005 -0.7615679
v 658.7219849 267.1839905 4.3256602
vn -0.2809508 0.4866312 0.8271982
v 689.0050049 282.4530029 2.4056201
vn 0.2809508 -0.4866312 -0.8271981
v 689.0050049 282.4530029 2.4056201
vn -0.3317771 0.3317685 0.8830932
v 713.6420288 304.7730103 0.7722830
vn 0.3317772 -0.3317685 -0.8830932
v 713.6420288 304.7730103 0.7722830
vn -0.2735968 0.1579599 0.9487853
v 728.4730225 333.7330017 -1.5608400
vn -0.3211841 0.1854321 0.9286849
v 731.0889893 332.2229919 -0.5550870
vn 0.3211841 -0.1854321 -0.9286849
v 731.0889893 332.2229919 -0.5550870
vn 0.2735968 -0.1579599 -0.9487853
v 728.4730225 333.7330017 -1.5608400
vn 0.0126005 -0.0033761 0.9999149
v 740.4249878 362.5889893 -1.5608400
vn -0.0126005 0.0033761 -0.9999149
v 740.4249878 362.5889893 -1.5608400
vn 0.0126005 0.0033761 0.9999149
v 740.4249878 424.5190125 -1.5608400
vn -0.0126005 -0.0033761 -0.9999149
v 740.4249878 424.5190125 -1.5608400
vn -0.2735957 -0.1579618 0.9487853
v 728.4730225 453.3739929 -1.5608400
vn -0.3211829 -0.1854316 0.9286855
v 731.0889893 454.8840027 -0.5550870
vn 0.3211829 0.1854316 -0.9286855
v 731.0889893 454.8840027 -0.5550870
vn 0.2735957 0.1579618 -0.9487853
v 728.4730225 453.3739929 -1.5608400
vn -0.3317864 -0.3317816 0.8830848
v 713.6420288 482.3349915 0.7722830
vn 0.3317864 0.3317817 -0.8830848
v 713.6420288 482.3349915 0.7722830
vn -0.2809905 -0.4866919 0.8271489
v 689.0050049 504.6549988 2.4056201
vn 0.2809905 0.4866919 -0.8271489
v 689.0050049 504.6549988 2.4056201
vn -0.1677468 -0.6260047 0.7615637
v 658.7219849 519.9240112 4.3256602
vn 0.1677468 0.6260047 -0.7615637
v 658.7219849 519.9240112 4.3256602
vn -0.0000033 -0.7266722 0.6869844
v 624.8610229 526.6979980 6.5097599
vn 0.0000033 0.7266722 -0.6869844
v 624.8610229 526.6979980 6.5097599
vn 0.2061669 -0.7694315 0.6045416
v 589.8660278 524.1569824 8.9321804
vn -0.2061669 0.7694315 -0.6045416
v 589.8660278 524.1569824 8.9321804
vn 0.4286235 -0.7423866 0.5149214
v 556.3599854 512.2009888 11.5642996
vn -0.4286235 0.7423866 -0.5149214
v 556.3599854 512.2009888 11.5642996
vn 0.6419373 -0.6419342 0.4193293
v 526.9290161 491.4859924 14.3752003
vn -0.6419373 0.6419342 -0.4193294
v 526.9290161 491.4859924 14.3752003
vn 0.8208350 -0.4739067 0.3188140
v 503.8949890 463.3930054 17.3316002
vn -0.8208351 0.4739067 -0.3188139
v 503.8949890 463.3930054 17.3316002
vn 0.9434139 -0.2527826 0.2146421
v 489.1159973 429.9259949 20.3987999
vn -0.9434139 0.2527826 -0.2146421
v 489.1159973 429.9259949 20.3987999
vn 0.9941474 -0.0000017 0.1080325
v 483.8110046 393.5539856 23.5403996
vn 0.9602780 0.2573233 0.1079394
v 488.6170044 357.0469971 23.5403996
vn -0.9941474 0.0000017 -0.1080325
v 483.8110046 393.5539856 23.5403996
vn -0.9602780 -0.2573233 -0.1079394
v 488.6170044 357.0469971 23.5403996
vn 0.8458382 0.4883688 0.2146013
v 503.1560059 323.2869873 20.3987999
vn -0.8458382 -0.4883688 -0.2146013
v 503.1560059 323.2869873 20.3987999
vn 0.6702132 0.6702026 0.3188147
v 526.0930176 294.7860107 17.3316002
vn -0.6702132 -0.6702026 -0.3188147
v 526.0930176 294.7860107 17.3316002
vn 0.4539076 0.7861691 0.4194116
v 555.6119995 273.6119995 14.3752003
vn -0.4539076 -0.7861691 -0.4194116
v 555.6119995 273.6119995 14.3752003
vn 0.2218842 0.8280659 0.5148537
v 589.4019775 261.2200012 11.5642996
vn -0.2218842 -0.8280659 -0.5148537
v 589.4019775 261.2200012 11.5642996
vn -0.0000027 0.7966334 0.6044629
v 624.8610229 258.3429871 8.9321804
vn 0.0000027 -0.7966334 -0.6044629
v 624.8610229 258.3429871 8.9321804
vn -0.1880416 0.7018258 0.6870815
v 659.3209839 264.9460144 6.5097599
vn 0.1880416 -0.7018258 -0.6870815
v 659.3209839 264.9460144 6.5097599
vn -0.3240465 0.5612685 0.7615587
v 690.2750244 280.2529907 4.3256602
vn 0.3240465 -0.5612685 -0.7615587
v 690.2750244 280.2529907 4.3256602
vn -0.3973449 0.3973511 0.8271815
v 715.5739746 302.8399963 2.4056201
vn 0.3973449 -0.3973511 -0.8271815
v 715.5739746 302.8399963 2.4056201
vn -0.4063272 0.2345983 0.8830979
v 733.5949707 330.7760010 0.7722830
vn 0.4063272 -0.2345984 -0.8830979
v 733.5949707 330.7760010 0.7722830
vn -0.3051153 0.0817504 0.9488000
v 740.4249878 362.5889893 -1.5608400
vn -0.3582226 0.0959807 0.9286896
v 743.3430176 361.8070068 -0.5550870
vn 0.3582226 -0.0959807 -0.9286896
v 743.3430176 361.8070068 -0.5550870
vn 0.3051153 -0.0817504 -0.9488000
v 740.4249878 362.5889893 -1.5608400
vn 0.0130450 -0.0000000 0.9999149
v 744.5009766 393.5539856 -1.5608400
vn -0.0130450 0.0000000 -0.9999149
v 744.5009766 393.5539856 -1.5608400
vn -0.3051148 -0.0817524 0.9488001
v 740.4249878 424.5190125 -1.5608400
vn -0.3582222 -0.0959829 0.9286895
v 743.3430176 425.3009949 -0.5550870
vn 0.3582222 0.0959829 -0.9286895
v 743.3430176 425.3009949 -0.5550870
vn 0.3051148 0.0817524 -0.9488001
v 740.4249878 424.5190125 -1.5608400
vn -0.4062977 -0.2345773 0.8831171
v 733.5949707 456.3309937 0.7722830
vn 0.4062977 0.2345773 -0.8831171
v 733.5949707 456.3309937 0.7722830
vn -0.3973792 -0.3973776 0.8271523
v 715.5739746 484.2669983 2.4056201
vn 0.3973792 0.3973776 -0.8271523
v 715.5739746 484.2669983 2.4056201
vn -0.3240880 -0.5613101 0.7615104
v 690.2750244 506.8540039 4.3256602
vn 0.3240880 0.5613101 -0.7615104
v 690.2750244 506.8540039 4.3256602
vn -0.1880555 -0.7019060 0.6869957
v 659.3209839 522.1619873 6.5097599
vn 0.1880556 0.7019060 -0.6869958
v 659.3209839 522.1619873 6.5097599
vn -0.0000023 -0.7965499 0.6045728
v 624.8610229 528.7639771 8.9321804
vn 0.0000023 0.7965499 -0.6045728
v 624.8610229 528.7639771 8.9321804
vn 0.2218654 -0.8280117 0.5149490
v 589.4019775 525.8880005 11.5642996
vn -0.2218654 0.8280117 -0.5149490
v 589.4019775 525.8880005 11.5642996
vn 0.4539274 -0.7862197 0.4192953
v 555.6119995 513.4959717 14.3752003
vn -0.4539275 0.7862197 -0.4192953
v 555.6119995 513.4959717 14.3752003
vn 0.6701877 -0.6701841 0.3189073
v 526.0930176 492.3219910 17.3316002
vn -0.6701876 0.6701841 -0.3189074
v 526.0930176 492.3219910 17.3316002
vn 0.8458350 -0.4883411 0.2146770
v 503.1560059 463.8200073 20.3987999
vn -0.8458350 0.4883410 -0.2146769
v 503.1560059 463.8200073 20.3987999
vn 0.9602774 -0.2573078 0.1079814
v 488.6170044 430.0599976 23.5403996
vn -0.9602774 0.2573078 -0.1079813
v 488.6170044 430.0599976 23.5403996
vn 0.9996323 -0.0000008 0.0271161
v 483.6380005 393.5539856 26.7196007
vn 0.9655732 0.2587195 0.0270680
v 488.4500122 357.0029907 26.7196007
vn -0.9996323 0.0000008 -0.0271161
v 483.6380005 393.5539856 26.7196007
vn -0.9655732 -0.2587195 -0.0270680
v 488.4500122 357.0029907 26.7196007
vn 0.8609682 0.4970699 0.1079595
v 502.7080078 323.0289917 23.5403996
vn -0.8609682 -0.4970699 -0.1079595
v 502.7080078 323.0289917 23.5403996
vn 0.6906348 0.6906356 0.2145834
v 525.4890137 294.1820068 20.3987999
vn -0.6906349 -0.6906356 -0.2145834
v 525.4890137 294.1820068 20.3987999
vn 0.4739070 0.8208348 0.3188142
v 555.0209961 272.5880127 17.3316002
vn -0.4739070 -0.8208348 -0.3188142
v 555.0209961 272.5880127 17.3316002
vn 0.2349597 0.8768929 0.4193481
v 589.0150146 259.7760010 14.3752003
vn -0.2349596 -0.8768929 -0.4193480
v 589.0150146 259.7760010 14.3752003
vn -0.0000003 0.8572870 0.5148389
v 624.8610229 256.5520020 11.5642996
vn 0.0000003 -0.8572870 -0.5148389
v 624.8610229 256.5520020 11.5642996
vn -0.2061695 0.7694492 0.6045182
v 659.8560181 262.9500122 8.9321804
vn 0.2061695 -0.7694491 -0.6045182
v 659.8560181 262.9500122 8.9321804
vn -0.3633344 0.6293142 0.6869874
v 691.4329834 278.2470093 6.5097599
vn 0.3633344 -0.6293142 -0.6869874
v 691.4329834 278.2470093 6.5097599
vn -0.4582760 0.4582718 0.7615577
v 717.3699951 301.0440063 4.3256602
vn 0.4582760 -0.4582719 -0.7615577
v 717.3699951 301.0440063 4.3256602
vn -0.4866926 0.2809844 0.8271506
v 735.9619751 329.4100037 2.4056201
vn 0.4866926 -0.2809844 -0.8271506
v 735.9619751 329.4100037 2.4056201
vn -0.4531794 0.1214225 0.8831110
v 746.1380005 361.0580139 0.7722830
vn 0.4531794 -0.1214225 -0.8831110
v 746.1380005 361.0580139 0.7722830
vn -0.3158758 0.0000000 0.9488006
v 744.5009766 393.5539856 -1.5608400
vn -0.3708301 0.0000000 0.9287007
v 747.5219727 393.5539856 -0.5550870
vn 0.3708301 -0.0000000 -0.9287007
v 747.5219727 393.5539856 -0.5550870
vn 0.3158759 -0.0000000 -0.9488005
v 744.5009766 393.5539856 -1.5608400
vn -0.4531952 -0.1214344 0.8831012
v 746.1380005 426.0499878 0.7722830
vn 0.4531952 0.1214344 -0.8831012
v 746.1380005 426.0499878 0.7722830
vn -0.4866627 -0.2809778 0.8271705
v 735.9619751 457.6979980 2.4056201
vn 0.4866626 0.2809778 -0.8271705
v 735.9619751 457.6979980 2.4056201
vn -0.4582716 -0.4582759 0.7615578
v 717.3699951 486.0629883 4.3256602
vn 0.4582717 0.4582759 -0.7615578
v 717.3699951 486.0629883 4.3256602
vn -0.3633075 -0.6292444 0.6870656
v 691.4329834 508.8599854 6.5097599
vn 0.3633075 0.6292443 -0.6870657
v 691.4329834 508.8599854 6.5097599
vn -0.2061677 -0.7694350 0.6045367
v 659.8560181 524.1569824 8.9321804
vn 0.2061677 0.7694350 -0.6045367
v 659.8560181 524.1569824 8.9321804
vn -0.0000003 -0.8572190 0.5149521
v 624.8610229 530.5560303 11.5642996
vn 0.0000003 0.8572190 -0.5149519
v 624.8610229 530.5560303 11.5642996
vn 0.2349791 -0.8769473 0.4192236
v 589.0150146 527.3319702 14.3752003
vn -0.2349791 0.8769473 -0.4192236
v 589.0150146 527.3319702 14.3752003
vn 0.4739125 -0.8208278 0.3188241
v 555.0209961 514.5189819 17.3316002
vn -0.4739125 0.8208278 -0.3188241
v 555.0209961 514.5189819 17.3316002
vn 0.6906341 -0.6906359 0.2145850
v 525.4890137 492.9259949 20.3987999
vn -0.6906341 0.6906359 -0.2145851
v 525.4890137 492.9259949 20.3987999
vn 0.8609591 -0.4970861 0.1079578
v 502.7080078 464.0790100 23.5403996
vn -0.8609591 0.4970861 -0.1079578
v 502.7080078 464.0790100 23.5403996
vn 0.9655689 -0.2587317 0.0271054
v 488.4500122 430.1050110 26.7196007
vn -0.9655689 0.2587317 -0.0271054
v 488.4500122 430.1050110 26.7196007
vn 0.9659244 0.2588243 0.0000000
v 488.4500122 357.0029907 278.4490051
vn 1.0000000 0.0000001 0.0000000
v 483.6380005 393.5539856 278.4490051
vn -1.0000000 -0.0000001 0.0000000
v 483.6380005 393.5539856 278.4490051
vn -0.9659244 -0.2588243 0.0000000
v 488.4500122 357.0029907 278.4490051
vn 0.8656973 0.4998363 0.0270495
v 502.5589905 322.9419861 26.7196007
vn -0.8656974 -0.4998363 -0.0270495
v 502.5589905 322.9419861 26.7196007
vn 0.7029800 0.7029693 0.1079511
v 525.1240234 293.8169861 23.5403996
vn -0.7029800 -0.7029692 -0.1079511
v 525.1240234 293.8169861 23.5403996
vn 0.4883677 0.8458383 0.2146034
v 554.5939941 271.8489990 20.3987999
vn -0.4883677 -0.8458383 -0.2146034
v 554.5939941 271.8489990 20.3987999
vn 0.2453062 0.9154950 0.3188944
v 588.7089844 258.6340027 17.3316002
vn -0.2453062 -0.9154950 -0.3188945
v 588.7089844 258.6340027 17.3316002
vn -0.0000016 0.9078408 0.4193152
v 624.8610229 255.0570068 14.3752003
vn 0.0000016 -0.9078407 -0.4193153
v 624.8610229 255.0570068 14.3752003
vn -0.2218869 0.8280671 0.5148506
v 660.3200073 261.2200012 11.5642996
vn 0.2218869 -0.8280671 -0.5148506
v 660.3200073 261.2200012 11.5642996
vn -0.3983128 0.6899011 0.6044695
v 692.4660034 276.4580078 8.9321804
vn 0.3983128 -0.6899011 -0.6044695
v 692.4660034 276.4580078 8.9321804
vn -0.5137951 0.5138034 0.6870376
v 719.0079956 299.4060059 6.5097599
vn 0.5137952 -0.5138034 -0.6870376
v 719.0079956 299.4060059 6.5097599
vn -0.5612097 0.3240205 0.7616131
v 738.1610107 328.1400146 4.3256602
vn 0.5612097 -0.3240205 -0.7616131
v 738.1610107 328.1400146 4.3256602
vn -0.5428036 0.1454494 0.8271692
v 748.7780151 360.3500061 2.4056201
vn 0.5428036 -0.1454494 -0.8271692
v 748.7780151 360.3500061 2.4056201
vn -0.4691648 -0.0000005 0.8831106
v 750.4160156 393.5539856 0.7722830
vn 0.4691648 0.0000005 -0.8831106
v 750.4160156 393.5539856 0.7722830
vn -0.5428025 -0.1454333 0.8271727
v 748.7780151 426.7569885 2.4056201
vn 0.5428025 0.1454333 -0.8271727
v 748.7780151 426.7569885 2.4056201
vn -0.5612406 -0.3240502 0.7615777
v 738.1610107 458.9679871 4.3256602
vn 0.5612406 0.3240502 -0.7615777
v 738.1610107 458.9679871 4.3256602
vn -0.5137961 -0.5138015 0.6870384
v 719.0079956 487.7009888 6.5097599
vn 0.5137962 0.5138015 -0.6870382
v 719.0079956 487.7009888 6.5097599
vn -0.3982778 -0.6898562 0.6045437
v 692.4660034 510.6499939 8.9321804
vn 0.3982779 0.6898562 -0.6045438
v 692.4660034 510.6499939 8.9321804
vn -0.2218660 -0.8280097 0.5149519
v 660.3200073 525.8880005 11.5642996
vn 0.2218660 0.8280097 -0.5149519
v 660.3200073 525.8880005 11.5642996
vn -0.0000053 -0.9078463 0.4193031
v 624.8610229 532.0510254 14.3752003
vn 0.0000053 0.9078463 -0.4193031
v 624.8610229 532.0510254 14.3752003
vn 0.2453262 -0.9155342 0.3187668
v 588.7089844 528.4730225 17.3316002
vn -0.2453262 0.9155341 -0.3187669
v 588.7089844 528.4730225 17.3316002
vn 0.4883465 -0.8458523 0.2145965
v 554.5939941 515.2589722 20.3987999
vn -0.4883465 0.8458523 -0.2145965
v 554.5939941 515.2589722 20.3987999
vn 0.7029793 -0.7029873 0.1078378
v 525.1240234 493.2909851 23.5403996
vn -0.7029793 0.7029873 -0.1078379
v 525.1240234 493.2909851 23.5403996
vn 0.8657023 -0.4998322 0.0269710
v 502.5589905 464.1650085 26.7196007
vn -0.8657023 0.4998322 -0.0269710
v 502.5589905 464.1650085 26.7196007
vn 0.9659231 -0.2588292 0.0000000
v 488.4500122 430.1050110 278.4490051
vn -0.9659231 0.2588292 0.0000000
v 488.4500122 430.1050110 278.4490051
vn 0.8660212 0.5000073 0.0000000
v 502.5589905 322.9419861 278.4490051
vn -0.8660212 -0.5000073 0.0000000
v 502.5589905 322.9419861 278.4490051
vn 0.7068418 0.7068505 0.0271517
v 525.0020142 293.6940002 26.7196007
vn -0.7068418 -0.7068505 -0.0271517
v 525.0020142 293.6940002 26.7196007
vn 0.4970821 0.8609543 0.1080144
v 554.3359985 271.4010010 23.5403996
vn -0.4970821 -0.8609543 -0.1080144
v 554.3359985 271.4010010 23.5403996
vn 0.2527931 0.9434193 0.2146059
v 588.4879761 257.8089905 20.3987999
vn -0.2527932 -0.9434193 -0.2146059
v 588.4879761 257.8089905 20.3987999
vn -0.0000033 0.9478064 0.3188466
v 624.8610229 253.8750000 17.3316002
vn 0.0000033 -0.9478064 -0.3188466
v 624.8610229 253.8750000 17.3316002
vn -0.2349779 0.8769040 0.4193146
v 660.7069702 259.7760010 14.3752003
vn 0.2349779 -0.8769041 -0.4193145
v 660.7069702 259.7760010 14.3752003
vn -0.4286195 0.7423882 0.5149223
v 693.3619995 274.9070129 11.5642996
vn 0.4286196 -0.7423882 -0.5149223
v 693.3619995 274.9070129 11.5642996
vn -0.5632803 0.5633007 0.6044895
v 720.4689941 297.9450073 8.9321804
vn 0.5632803 -0.5633007 -0.6044895
v 720.4689941 297.9450073 8.9321804
vn -0.6292350 0.3632924 0.6870822
v 740.1680298 326.9809875 6.5097599
vn 0.6292350 -0.3632924 -0.6870822
v 740.1680298 326.9809875 6.5097599
vn -0.6259974 0.1677293 0.7615736
v 751.2310181 359.6929932 4.3256602
vn 0.6259974 -0.1677293 -0.7615736
v 751.2310181 359.6929932 4.3256602
vn -0.5619270 -0.0000004 0.8271869
v 753.1489868 393.5539856 2.4056201
vn 0.5619269 0.0000004 -0.8271869
v 753.1489868 393.5539856 2.4056201
vn -0.6259981 -0.1677473 0.7615690
v 751.2310181 427.4150085 4.3256602
vn 0.6259981 0.1677473 -0.7615690
v 751.2310181 427.4150085 4.3256602
vn -0.6292668 -0.3633055 0.6870462
v 740.1680298 460.1260071 6.5097599
vn 0.6292669 0.3633055 -0.6870462
v 740.1680298 460.1260071 6.5097599
vn -0.5632517 -0.5632495 0.6045639
v 720.4689941 489.1619873 8.9321804
vn 0.5632517 0.5632495 -0.6045638
v 720.4689941 489.1619873 8.9321804
vn -0.4286228 -0.7423864 0.5149223
v 693.3619995 512.2009888 11.5642996
vn 0.4286228 0.7423864 -0.5149223
v 693.3619995 512.2009888 11.5642996
vn -0.2349890 -0.8769628 0.4191854
v 660.7069702 527.3319702 14.3752003
vn 0.2349890 0.8769629 -0.4191853
v 660.7069702 527.3319702 14.3752003
vn -0.0000040 -0.9478101 0.3188356
v 624.8610229 533.2329712 17.3316002
vn 0.0000040 0.9478101 -0.3188356
v 624.8610229 533.2329712 17.3316002
vn 0.2527976 -0.9434197 0.2145988
v 588.4879761 529.2979736 20.3987999
vn -0.2527976 0.9434198 -0.2145988
v 588.4879761 529.2979736 20.3987999
vn 0.4970844 -0.8609685 0.1078912
v 554.3359985 515.7059937 23.5403996
vn -0.4970844 0.8609685 -0.1078912
v 554.3359985 515.7059937 23.5403996
vn 0.7068481 -0.7068481 0.0270461
v 525.0020142 493.4129944 26.7196007
vn -0.7068481 0.7068481 -0.0270461
v 525.0020142 493.4129944 26.7196007
vn 0.8660187 -0.5000118 0.0000000
v 502.5589905 464.1650085 278.4490051
vn -0.8660187 0.5000118 0.0000000
v 502.5589905 464.1650085 278.4490051
vn 0.7071066 0.7071070 0.0000000
v 525.0020142 293.6940002 278.4490051
vn -0.7071065 -0.7071071 0.0000000
v 525.0020142 293.6940002 278.4490051
vn 0.4998114 0.8657102 0.0271009
v 554.2500000 271.2510071 26.7196007
vn -0.4998114 -0.8657103 -0.0271009
v 554.2500000 271.2510071 26.7196007
vn 0.2572899 0.9602870 0.1079391
v 588.3549805 257.3099976 23.5403996
vn -0.2572899 -0.9602870 -0.1079391
v 588.3549805 257.3099976 23.5403996
vn 0.0000017 0.9766849 0.2146782
v 624.8610229 253.0209961 20.3987999
vn -0.0000017 -0.9766849 -0.2146782
v 624.8610229 253.0209961 20.3987999
vn -0.2452782 0.9155005 0.3189003
v 661.0120239 258.6340027 17.3316002
vn 0.2452782 -0.9155005 -0.3189004
v 661.0120239 258.6340027 17.3316002
vn -0.4539244 0.7861924 0.4193499
v 694.1099854 273.6119995 14.3752003
vn 0.4539244 -0.7861924 -0.4193499
v 694.1099854 273.6119995 14.3752003
vn -0.6061692 0.6061486 0.5149201
v 721.7360229 296.6789856 11.5642996
vn 0.6061693 -0.6061487 -0.5149201
v 721.7360229 296.6789856 11.5642996
vn -0.6899317 0.3983437 0.6044143
v 741.9569702 325.9479980 8.9321804
vn 0.6899317 -0.3983437 -0.6044142
v 741.9569702 325.9479980 8.9321804
vn -0.7019030 0.1880857 0.6869906
v 753.4689941 359.0929871 6.5097599
vn 0.7019029 -0.1880858 -0.6869906
v 753.4689941 359.0929871 6.5097599
vn -0.6481279 -0.0000007 0.7615315
v 755.6890259 393.5539856 4.3256602
vn 0.6481278 0.0000007 -0.7615316
v 755.6890259 393.5539856 4.3256602
vn -0.7019095 -0.1880588 0.6869913
v 753.4689941 428.0140076 6.5097599
vn 0.7019095 0.1880588 -0.6869913
v 753.4689941 428.0140076 6.5097599
vn -0.6899028 -0.3983143 0.6044666
v 741.9569702 461.1589966 8.9321804
vn 0.6899028 0.3983143 -0.6044666
v 741.9569702 461.1589966 8.9321804
vn -0.6061665 -0.6061629 0.5149066
v 721.7360229 490.4289856 11.5642996
vn 0.6061665 0.6061629 -0.5149066
v 721.7360229 490.4289856 11.5642996
vn -0.4539486 -0.7862400 0.4192343
v 694.1099854 513.4959717 14.3752003
vn 0.4539486 0.7862400 -0.4192343
v 694.1099854 513.4959717 14.3752003
vn -0.2452989 -0.9155388 0.3187744
v 661.0120239 528.4730225 17.3316002
vn 0.2452989 0.9155388 -0.3187744
v 661.0120239 528.4730225 17.3316002
vn 0.0000033 -0.9767160 0.2145362
v 624.8610229 534.0869751 20.3987999
vn -0.0000033 0.9767160 -0.2145362
v 624.8610229 534.0869751 20.3987999
vn 0.2572922 -0.9602862 0.1079409
v 588.3549805 529.7969971 23.5403996
vn -0.2572922 0.9602862 -0.1079409
v 588.3549805 529.7969971 23.5403996
vn 0.4998094 -0.8657112 0.0271036
v 554.2500000 515.8560181 26.7196007
vn -0.4998094 0.8657112 -0.0271036
v 554.2500000 515.8560181 26.7196007
vn 0.7071068 -0.7071068 0.0000000
v 525.0020142 493.4129944 278.4490051
vn -0.7071068 0.7071068 0.0000000
v 525.0020142 493.4129944 278.4490051
vn 0.5000010 0.8660249 0.0000000
v 554.2500000 271.2510071 278.4490051
vn -0.5000010 -0.8660249 0.0000000
v 554.2500000 271.2510071 278.4490051
vn 0.2587247 0.9655707 0.0271085
v 588.3099976 257.1430054 26.7196007
vn -0.2587247 -0.9655707 -0.0271085
v 588.3099976 257.1430054 26.7196007
vn 0.0000035 0.9941473 0.1080331
v 624.8610229 252.5039978 23.5403996
vn -0.0000035 -0.9941473 -0.1080331
v 624.8610229 252.5039978 23.5403996
vn -0.2528058 0.9434083 0.2146394
v 661.2340088 257.8089905 20.3987999
vn 0.2528058 -0.9434083 -0.2146394
v 661.2340088 257.8089905 20.3987999
vn -0.4738869 0.8208442 0.3188197
v 694.7000122 272.5880127 17.3316002
vn 0.4738869 -0.8208442 -0.3188196
v 694.7000122 272.5880127 17.3316002
vn -0.6419276 0.6419508 0.4193186
v 722.7930298 295.6210022 14.3752003
vn 0.6419277 -0.6419509 -0.4193186
v 722.7930298 295.6210022 14.3752003
vn -0.7424166 0.4286300 0.5148728
v 743.5079956 325.0530090 11.5642996
vn 0.7424166 -0.4286300 -0.5148728
v 743.5079956 325.0530090 11.5642996
vn -0.7694551 0.2061637 0.6045125
v 755.4639893 358.5589905 8.9321804
vn 0.7694551 -0.2061637 -0.6045125
v 755.4639893 358.5589905 8.9321804
vn -0.7265885 -0.0000104 0.6870729
v 758.0050049 393.5539856 6.5097599
vn 0.7265885 0.0000104 -0.6870729
v 758.0050049 393.5539856 6.5097599
vn -0.7694479 -0.2061852 0.6045144
v 755.4639893 428.5490112 8.9321804
vn 0.7694479 0.2061852 -0.6045144
v 755.4639893 428.5490112 8.9321804
vn -0.7424119 -0.4286474 0.5148652
v 743.5079956 462.0549927 11.5642996
vn 0.7424118 0.4286473 -0.5148652
v 743.5079956 462.0549927 11.5642996
vn -0.6419412 -0.6419287 0.4193317
v 722.7930298 491.4859924 14.3752003
vn 0.6419412 0.6419287 -0.4193317
v 722.7930298 491.4859924 14.3752003
vn -0.4738895 -0.8208404 0.3188256
v 694.7000122 514.5189819 17.3316002
vn 0.4738895 0.8208404 -0.3188256
v 694.7000122 514.5189819 17.3316002
vn -0.2528100 -0.9434083 0.2146345
v 661.2340088 529.2979736 20.3987999
vn 0.2528100 0.9434083 -0.2146345
v 661.2340088 529.2979736 20.3987999
vn 0.0000025 -0.9941630 0.1078887
v 624.8610229 534.6030273 23.5403996
vn -0.0000024 0.9941630 -0.1078887
v 624.8610229 534.6030273 23.5403996
vn 0.2587250 -0.9655706 0.0271082
v 588.3099976 529.9639893 26.7196007
vn -0.2587250 0.9655706 -0.0271082
v 588.3099976 529.9639893 26.7196007
vn 0.5000008 -0.8660249 0.0000000
v 554.2500000 515.8560181 278.4490051
vn -0.5000008 0.8660249 0.0000000
v 554.2500000 515.8560181 278.4490051
vn 0.2588175 0.9659263 0.0000000
v 588.3099976 257.1430054 278.4490051
vn -0.2588174 -0.9659263 0.0000000
v 588.3099976 257.1430054 278.4490051
vn 0.0000005 0.9996323 0.0271170
v 624.8610229 252.3309937 26.7196007
vn -0.0000005 -0.9996323 -0.0271170
v 624.8610229 252.3309937 26.7196007
vn -0.2572978 0.9602847 0.1079405
v 661.3670044 257.3099976 23.5403996
vn 0.2572978 -0.9602847 -0.1079405
v 661.3670044 257.3099976 23.5403996
vn -0.4883642 0.8458230 0.2146714
v 695.1279907 271.8489990 20.3987999
vn 0.4883642 -0.8458230 -0.2146714
v 695.1279907 271.8489990 20.3987999
vn -0.6702163 0.6702024 0.3188085
v 723.6290283 294.7860107 17.3316002
vn 0.6702163 -0.6702025 -0.3188084
v 723.6290283 294.7860107 17.3316002
vn -0.7862204 0.4539224 0.4192993
v 744.8029785 324.3049927 14.3752003
vn 0.7862205 -0.4539225 -0.4192992
v 744.8029785 324.3049927 14.3752003
vn -0.8280135 0.2218625 0.5149473
v 757.1950073 358.0950012 11.5642996
vn 0.8280135 -0.2218625 -0.5149472
v 757.1950073 358.0950012 11.5642996
vn -0.7965698 -0.0000016 0.6045466
v 760.0720215 393.5539856 8.9321804
vn 0.7965698 0.0000016 -0.6045467
v 760.0720215 393.5539856 8.9321804
vn -0.8280312 -0.2218630 0.5149186
v 757.1950073 429.0119934 11.5642996
vn 0.8280312 0.2218630 -0.5149186
v 757.1950073 429.0119934 11.5642996
vn -0.7862495 -0.4539286 0.4192383
v 744.8029785 462.8020020 14.3752003
vn 0.7862494 0.4539286 -0.4192383
v 744.8029785 462.8020020 14.3752003
vn -0.6701931 -0.6701829 0.3188984
v 723.6290283 492.3219910 17.3316002
vn 0.6701931 0.6701828 -0.3188984
v 723.6290283 492.3219910 17.3316002
vn -0.4883484 -0.8458336 0.2146658
v 695.1279907 515.2589722 20.3987999
vn 0.4883484 0.8458336 -0.2146657
v 695.1279907 515.2589722 20.3987999
vn -0.2572959 -0.9602853 0.1079396
v 661.3670044 529.7969971 23.5403996
vn 0.2572959 0.9602853 -0.1079396
v 661.3670044 529.7969971 23.5403996
vn -0.0000005 -0.9996324 0.0271124
v 624.8610229 534.7760010 26.7196007
vn 0.0000005 0.9996324 -0.0271124
v 624.8610229 534.7760010 26.7196007
vn 0.2588170 -0.9659264 0.0000000
v 588.3099976 529.9639893 278.4490051
vn -0.2588170 0.9659264 0.0000000
v 588.3099976 529.9639893 278.4490051
vn -0.0000001 1.0000000 0.0000000
v 624.8610229 252.3309937 278.4490051
vn 0.0000001 -1.0000000 0.0000000
v 624.8610229 252.3309937 278.4490051
vn -0.2587252 0.9655705 0.0271081
v 661.4119873 257.1430054 26.7196007
vn 0.2587252 -0.9655706 -0.0271081
v 661.4119873 257.1430054 26.7196007
vn -0.4970772 0.8609574 0.1080126
v 695.3859863 271.4010010 23.5403996
vn 0.4970772 -0.8609574 -0.1080126
v 695.3859863 271.4010010 23.5403996
vn -0.6906338 0.6906349 0.2145891
v 724.2329712 294.1820068 20.3987999
vn 0.6906338 -0.6906349 -0.2145889
v 724.2329712 294.1820068 20.3987999
vn -0.8208304 0.4739095 0.3188217
v 745.8259888 323.7139893 17.3316002
vn 0.8208304 -0.4739094 -0.3188217
v 745.8259888 323.7139893 17.3316002
vn -0.8769471 0.2349795 0.4192236
v 758.6389771 357.7080078 14.3752003
vn 0.8769470 -0.2349795 -0.4192237
v 758.6389771 357.7080078 14.3752003
vn -0.8572870 0.0000037 0.5148388
v 761.8629761 393.5539856 11.5642996
vn 0.8572870 -0.0000037 -0.5148388
v 761.8629761 393.5539856 11.5642996
vn -0.8769500 -0.2349749 0.4192202
v 758.6389771 429.3989868 14.3752003
vn 0.8769500 0.2349749 -0.4192202
v 758.6389771 429.3989868 14.3752003
vn -0.8208320 -0.4739052 0.3188242
v 745.8259888 463.3930054 17.3316002
vn 0.8208319 0.4739053 -0.3188242
v 745.8259888 463.3930054 17.3316002
vn -0.6906300 -0.6906388 0.2145886
v 724.2329712 492.9259949 20.3987999
vn 0.6906299 0.6906389 -0.2145886
v 724.2329712 492.9259949 20.3987999
vn -0.4970846 -0.8609684 0.1078904
v 695.3859863 515.7059937 23.5403996
vn 0.4970846 0.8609684 -0.1078904
v 695.3859863 515.7059937 23.5403996
vn -0.2587245 -0.9655707 0.0271084
v 661.4119873 529.9639893 26.7196007
vn 0.2587245 0.9655707 -0.0271084
v 661.4119873 529.9639893 26.7196007
vn -0.0000001 -1.0000000 0.0000000
v 624.8610229 534.7760010 278.4490051
vn 0.0000001 1.0000000 0.0000000
v 624.8610229 534.7760010 278.4490051
vn -0.2588175 0.9659262 0.0000000
v 661.4119873 257.1430054 278.4490051
vn 0.2588175 -0.9659262 0.0000000
v 661.4119873 257.1430054 278.4490051
vn -0.4998139 0.8657087 0.0271028
v 695.4719849 271.2510071 26.7196007
vn 0.4998139 -0.8657087 -0.0271028
v 695.4719849 271.2510071 26.7196007
vn -0.7029819 0.7029681 0.1079464
v 724.5980225 293.8169861 23.5403996
vn 0.7029819 -0.7029681 -0.1079463
v 724.5980225 293.8169861 23.5403996
vn -0.8458265 0.4883352 0.2147238
v 746.5659790 323.2869873 20.3987999
vn 0.8458265 -0.4883352 -0.2147239
v 746.5659790 323.2869873 20.3987999
vn -0.9155346 0.2453260 0.3187658
v 759.7800293 357.4020081 17.3316002
vn 0.9155346 -0.2453259 -0.3187658
v 759.7800293 357.4020081 17.3316002
vn -0.9078424 -0.0000063 0.4193117
v 763.3579712 393.5539856 14.3752003
vn 0.9078424 0.0000063 -0.4193117
v 763.3579712 393.5539856 14.3752003
vn -0.9155341 -0.2453240 0.3187686
v 759.7800293 429.7049866 17.3316002
vn 0.9155341 0.2453239 -0.3187686
v 759.7800293 429.7049866 17.3316002
vn -0.8458233 -0.4883075 0.2147995
v 746.5659790 463.8200073 20.3987999
vn 0.8458233 0.4883075 -0.2147995
v 746.5659790 463.8200073 20.3987999
vn -0.7029790 -0.7029878 0.1078363
v 724.5980225 493.2909851 23.5403996
vn 0.7029790 0.7029878 -0.1078363
v 724.5980225 493.2909851 23.5403996
vn -0.4998113 -0.8657101 0.0271049
v 695.4719849 515.8560181 26.7196007
vn 0.4998113 0.8657101 -0.0271049
v 695.4719849 515.8560181 26.7196007
vn -0.2588172 -0.9659263 0.0000000
v 661.4119873 529.9639893 278.4490051
vn 0.2588172 0.9659263 0.0000000
v 661.4119873 529.9639893 278.4490051
vn -0.5000009 0.8660249 0.0000000
v 695.4719849 271.2510071 278.4490051
vn 0.5000009 -0.8660249 0.0000000
v 695.4719849 271.2510071 278.4490051
vn -0.7068390 0.7068534 0.0271472
v 724.7199707 293.6940002 26.7196007
vn 0.7068391 -0.7068533 -0.0271471
v 724.7199707 293.6940002 26.7196007
vn -0.8609740 0.4970589 0.1079637
v 747.0139771 323.0289917 23.5403996
vn 0.8609741 -0.4970589 -0.1079637
v 747.0139771 323.0289917 23.5403996
vn -0.9434125 0.2527878 0.2146423
v 760.6049805 357.1809998 20.3987999
vn 0.9434124 -0.2527878 -0.2146424
v 760.6049805 357.1809998 20.3987999
vn -0.9478076 -0.0000051 0.3188430
v 764.5399780 393.5539856 17.3316002
vn 0.9478076 0.0000051 -0.3188430
v 764.5399780 393.5539856 17.3316002
vn -0.9434129 -0.2527875 0.2146407
v 760.6049805 429.9259949 20.3987999
vn 0.9434129 0.2527875 -0.2146407
v 760.6049805 429.9259949 20.3987999
vn -0.8609649 -0.4970751 0.1079620
v 747.0139771 464.0790100 23.5403996
vn 0.8609649 0.4970752 -0.1079620
v 747.0139771 464.0790100 23.5403996
vn -0.7068461 -0.7068504 0.0270409
v 724.7199707 493.4129944 26.7196007
vn 0.7068461 0.7068504 -0.0270409
v 724.7199707 493.4129944 26.7196007
vn -0.5000008 -0.8660249 0.0000000
v 695.4719849 515.8560181 278.4490051
vn 0.5000008 0.8660249 0.0000000
v 695.4719849 515.8560181 278.4490051
vn -0.7071063 0.7071072 0.0000000
v 724.7199707 293.6940002 278.4490051
vn 0.7071063 -0.7071072 0.0000000
v 724.7199707 293.6940002 278.4490051
vn -0.8657038 0.4998251 0.0270534
v 747.1630249 322.9419861 26.7196007
vn 0.8657038 -0.4998251 -0.0270533
v 747.1630249 322.9419861 26.7196007
vn -0.9602794 0.2573180 0.1079397
v 761.1040039 357.0469971 23.5403996
vn 0.9602794 -0.2573180 -0.1079396
v 761.1040039 357.0469971 23.5403996
vn -0.9766839 -0.0000038 0.2146826
v 765.3939819 393.5539856 20.3987999
vn 0.9766839 0.0000038 -0.2146825
v 765.3939819 393.5539856 20.3987999
vn -0.9602773 -0.2573059 0.1079870
v 761.1040039 430.0599976 23.5403996
vn 0.9602773 0.2573059 -0.1079869
v 761.1040039 430.0599976 23.5403996
vn -0.8657086 -0.4998210 0.0269748
v 747.1630249 464.1650085 26.7196007
vn 0.8657085 0.4998210 -0.0269748
v 747.1630249 464.1650085 26.7196007
vn -0.7071065 -0.7071071 0.0000000
v 724.7199707 493.4129944 278.4490051
vn 0.7071065 0.7071071 0.0000000
v 724.7199707 493.4129944 278.4490051
vn -0.8660274 0.4999966 0.0000000
v 747.1630249 322.9419861 278.4490051
vn 0.8660274 -0.4999966 0.0000000
v 747.1630249 322.9419861 278.4490051
vn -0.9655764 0.2587076 0.0270682
v 761.2709961 357.0029907 26.7196007
vn 0.9655764 -0.2587076 -0.0270682
v 761.2709961 357.0029907 26.7196007
vn -0.9941634 0.0000020 0.1078848
v 765.9110107 393.5539856 23.5403996
vn 0.9941634 -0.0000020 -0.1078848
v 765.9110107 393.5539856 23.5403996
vn -0.9655707 -0.2587254 0.0271016
v 761.2709961 430.1050110 26.7196007
vn 0.9655707 0.2587253 -0.0271015
v 761.2709961 430.1050110 26.7196007
vn -0.8660248 -0.5000012 0.0000000
v 747.1630249 464.1650085 278.4490051
vn 0.8660248 0.5000011 0.0000000
v 747.1630249 464.1650085 278.4490051
vn -0.9659277 0.2588120 0.0000000
v 761.2709961 357.0029907 278.4490051
vn 0.9659277 -0.2588120 0.0000000
v 761.2709961 357.0029907 278.4490051
vn -0.9996364 0.0000050 0.0269636
v 766.0830078 393.5539856 26.7196007
vn 0.9996364 -0.0000050 -0.0269637
v 766.0830078 393.5539856 26.7196007
vn -0.9659264 -0.2588170 0.0000000
v 761.2709961 430.1050110 278.4490051
vn 0.9659264 0.2588171 0.0000000
v 761.2709961 430.1050110 278.4490051
vn -1.0000000 0.0000001 0.0000000
v 766.0830078 393.5539856 278.4490051
vn 1.0000000 -0.0000001 0.0000000
v 766.0830078 393.5539856 278.4490051
vn -1.0000000 -0.0000001 0.0000000
v 556.8330078 393.5539856 658.1179810
vn -0.9659258 -0.2588194 0.0000000
v 559.1510010 375.9469910 602.6770020
vn -0.9659258 -0.2588194 0.0000000
v 559.1510010 375.9469910 658.1179810
vn -1.0000000 -0.0000001 0.0000000
v 556.8330078 393.5539856 602.6770020
vn -0.9659258 0.2588193 0.0000000
v 559.1510010 411.1610107 658.1179810
vn -0.9659258 0.2588193 0.0000000
v 559.1510010 411.1610107 602.6770020
vn 0.0000000 0.0000000 -1.0000000
v 559.1510010 411.1610107 602.6770020
vn 0.0000000 0.0000000 -1.0000000
v 559.1510010 375.9469910 602.6770020
vn 0.0000000 0.0000000 -1.0000000
v 556.8330078 393.5539856 602.6770020
vn 0.0000000 0.0000000 -1.0000000
v 565.9470215 427.5679932 602.6770020
vn 0.0000000 0.0000000 -1.0000000
v 565.8880005 393.5539856 602.6770020
vn 0.0000000 0.0000000 -1.0000000
v 567.8980103 408.8169861 602.6770020
vn 0.0000000 0.0000000 -1.0000000
v 576.7579956 441.6560059 602.6770020
vn 0.0000000 0.0000000 -1.0000000
v 573.7890015 423.0400085 602.6770020
vn 0.0000000 0.0000000 -1.0000000
v 583.1610107 435.2539978 602.6770020
vn 0.0000000 0.0000000 -1.0000000
v 590.8469849 452.4670105 602.6770020
vn 0.0000000 0.0000000 -1.0000000
v 595.3750000 444.6250000 602.6770020
vn 0.0000000 0.0000000 -1.0000000
v 607.2540283 459.2630005 602.6770020
vn 0.0000000 0.0000000 -1.0000000
v 609.5980225 450.5169983 602.6770020
vn 0.0000000 0.0000000 -1.0000000
v 624.8610229 461.5809937 602.6770020
vn 0.0000000 0.0000000 -1.0000000
v 624.8610229 452.5260010 602.6770020
vn 0.0000000 0.0000000 -1.0000000
v 640.1240234 450.5169983 602.6770020
vn 0.0000000 0.0000000 -1.0000000
v 642.4680176 459.2630005 602.6770020
vn 0.0000000 0.0000000 -1.0000000
v 654.3469849 444.6250000 602.6770020
vn 0.0000000 0.0000000 -1.0000000
v 658.8750000 452.4670105 602.6770020
vn 0.0000000 0.0000000 -1.0000000
v 666.5609741 435.2539978 602.6770020
vn 0.0000000 0.0000000 -1.0000000
v 672.9639893 441.6560059 602.6770020
vn 0.0000000 0.0000000 -1.0000000
v 675.9329834 423.0400085 602.6770020
vn 0.0000000 0.0000000 -1.0000000
v 683.7750244 427.5679932 602.6770020
vn 0.0000000 0.0000000 -1.0000000
v 681.8239746 408.8169861 602.6770020
vn 0.0000000 0.0000000 -1.0000000
v 683.8330078 393.5539856 602.6770020
vn 0.0000000 0.0000000 -1.0000000
v 690.5700073 411.1610107 602.6770020
vn 0.0000000 0.0000000 -1.0000000
v 565.9470215 359.5400085 602.6770020
vn 0.0000000 0.0000000 -1.0000000
v 567.8980103 378.2909851 602.6770020
vn 0.0000000 0.0000000 -1.0000000
v 576.7579956 345.4509888 602.6770020
vn 0.0000000 0.0000000 -1.0000000
v 573.7890015 364.0679932 602.6770020
vn 0.0000000 0.0000000 -1.0000000
v 583.1610107 351.8540039 602.6770020
vn 0.0000000 0.0000000 -1.0000000
v 590.8469849 334.6400146 602.6770020
vn 0.0000000 0.0000000 -1.0000000
v 595.3750000 342.4819946 602.6770020
vn 0.0000000 0.0000000 -1.0000000
v 607.2540283 327.8439941 602.6770020
vn 0.0000000 0.0000000 -1.0000000
v 609.5980225 336.5910034 602.6770020
vn 0.0000000 0.0000000 -1.0000000
v 624.8610229 325.5260010 602.6770020
vn 0.0000000 0.0000000 -1.0000000
v 624.8610229 334.5809937 602.6770020
vn 0.0000000 0.0000000 -1.0000000
v 640.1240234 336.5910034 602.6770020
vn 0.0000000 0.0000000 -1.0000000
v 642.4680176 327.8439941 602.6770020
vn 0.0000000 0.0000000 -1.0000000
v 654.3469849 342.4819946 602.6770020
vn 0.0000000 0.0000000 -1.0000000
v 658.8750000 334.6400146 602.6770020
vn 0.0000000 0.0000000 -1.0000000
v 666.5609741 351.8540039 602.6770020
vn 0.0000000 0.0000000 -1.0000000
v 672.9639893 345.4509888 602.6770020
vn 0.0000000 0.0000000 -1.0000000
v 675.9329834 364.0679932 602.6770020
vn 0.0000000 0.0000000 -1.0000000
v 683.7750244 359.5400085 602.6770020
vn 0.0000000 0.0000000 -1.0000000
v 681.8239746 378.2909851 602.6770020
vn 0.0000000 0.0000000 -1.0000000
v 690.5700073 375.9469910 602.6770020
vn 0.0000000 0.0000000 -1.0000000
v 692.8880005 393.5539856 602.6770020
vn -0.8660241 -0.5000023 0.0000000
v 565.9470215 359.5400085 602.6770020
vn -0.8660241 -0.5000023 0.0000000
v 565.9470215 359.5400085 658.1179810
vn 0.0000000 0.0000000 1.0000000
v 559.1510010 375.9469910 658.1179810
vn 0.0000000 0.0000000 1.0000000
v 559.1510010 411.1610107 658.1179810
vn 0.0000000 0.0000000 1.0000000
v 556.8330078 393.5539856 658.1179810
vn 0.0000000 0.0000000 1.0000000
v 565.9470215 427.5679932 658.1179810
vn 0.0000000 0.0000000 1.0000000
v 565.9470215 359.5400085 658.1179810
vn 0.0000000 0.0000000 1.0000000
v 576.7579956 441.6560059 658.1179810
vn 0.0000000 0.0000000 1.0000000
v 576.7579956 345.4509888 658.1179810
vn 0.0000000 0.0000000 1.0000000
v 590.8469849 452.4670105 658.1179810
vn 0.0000000 0.0000000 1.0000000
v 590.8469849 334.6400146 658.1179810
vn 0.0000000 0.0000000 1.0000000
v 607.2540283 327.8439941 658.1179810
vn 0.0000000 0.0000000 1.0000000
v 607.2540283 459.2630005 658.1179810
vn 0.0000000 0.0000000 1.0000000
v 624.8610229 325.5260010 658.1179810
vn 0.0000000 0.0000000 1.0000000
v 624.8610229 461.5809937 658.1179810
vn 0.0000000 0.0000000 1.0000000
v 642.4680176 327.8439941 658.1179810
vn 0.0000000 0.0000000 1.0000000
v 642.4680176 459.2630005 658.1179810
vn 0.0000000 0.0000000 1.0000000
v 658.8750000 334.6400146 658.1179810
vn 0.0000000 0.0000000 1.0000000
v 658.8750000 452.4670105 658.1179810
vn 0.0000000 0.0000000 1.0000000
v 672.9639893 345.4509888 658.1179810
vn 0.0000000 0.0000000 1.0000000
v 672.9639893 441.6560059 658.1179810
vn 0.0000000 0.0000000 1.0000000
v 683.7750244 359.5400085 658.1179810
vn 0.0000000 0.0000000 1.0000000
v 683.7750244 427.5679932 658.1179810
vn 0.0000000 0.0000000 1.0000000
v 690.5700073 375.9469910 658.1179810
vn 0.0000000 0.0000000 1.0000000
v 690.5700073 411.1610107 658.1179810
vn 0.0000000 0.0000000 1.0000000
v 692.8880005 393.5539856 658.1179810
vn -0.8660155 0.5000173 0.0000000
v 565.9470215 427.5679932 658.1179810
vn -0.8660155 0.5000173 0.0000000
v 565.9470215 427.5679932 602.6770020
vn 0.0000000 -1.0000000 0.0000000
v 624.8610229 325.5260010 658.1179810
vn -0.2588187 -0.9659259 0.0000000
v 607.2540283 327.8439941 602.6770020
vn 0.0000000 -1.0000000 0.0000000
v 624.8610229 325.5260010 602.6770020
vn -0.2588187 -0.9659259 0.0000000
v 607.2540283 327.8439941 658.1179810
vn -0.5000022 -0.8660241 0.0000000
v 590.8469849 334.6400146 602.6770020
vn -0.5000022 -0.8660241 0.0000000
v 590.8469849 334.6400146 658.1179810
vn -0.7071072 -0.7071064 0.0000000
v 576.7579956 345.4509888 602.6770020
vn -0.7071072 -0.7071064 0.0000000
v 576.7579956 345.4509888 658.1179810
vn -0.7070955 0.7071182 0.0000000
v 576.7579956 441.6560059 658.1179810
vn -0.7070955 0.7071182 0.0000000
v 576.7579956 441.6560059 602.6770020
vn -0.5000021 0.8660242 0.0000000
v 590.8469849 452.4670105 602.6770020
vn -0.5000021 0.8660242 0.0000000
v 590.8469849 452.4670105 658.1179810
vn -0.2588180 0.9659262 0.0000000
v 607.2540283 459.2630005 602.6770020
vn -0.2588180 0.9659261 0.0000000
v 607.2540283 459.2630005 658.1179810
vn 0.0000000 1.0000000 0.0000000
v 624.8610229 461.5809937 602.6770020
vn 0.0000000 1.0000000 0.0000000
v 624.8610229 461.5809937 658.1179810
vn 0.2588186 0.9659260 0.0000000
v 642.4680176 459.2630005 602.6770020
vn 0.2588186 0.9659260 0.0000000
v 642.4680176 459.2630005 658.1179810
vn 0.5000027 0.8660239 0.0000000
v 658.8750000 452.4670105 602.6770020
vn 0.5000027 0.8660239 0.0000000
v 658.8750000 452.4670105 658.1179810
vn 0.7070945 0.7071190 0.0000000
v 672.9639893 441.6560059 602.6770020
vn 0.7070945 0.7071190 0.0000000
v 672.9639893 441.6560059 658.1179810
vn 0.8660282 0.4999951 0.0000000
v 683.7750244 427.5679932 658.1179810
vn 0.8660282 0.4999951 0.0000000
v 683.7750244 427.5679932 602.6770020
vn 0.9659328 0.2587932 0.0000000
v 690.5700073 411.1610107 658.1179810
vn 0.9659328 0.2587932 0.0000000
v 690.5700073 411.1610107 602.6770020
vn 1.0000000 -0.0000001 0.0000000
v 692.8880005 393.5539856 658.1179810
vn 1.0000000 -0.0000001 0.0000000
v 692.8880005 393.5539856 602.6770020
vn 0.9659327 -0.2587933 0.0000000
v 690.5700073 375.9469910 658.1179810
vn 0.9659327 -0.2587933 0.0000000
v 690.5700073 375.9469910 602.6770020
vn 0.8660369 -0.4999802 0.0000000
v 683.7750244 359.5400085 658.1179810
vn 0.8660369 -0.4999801 0.0000000
v 683.7750244 359.5400085 602.6770020
vn 0.7071062 -0.7071074 0.0000000
v 672.9639893 345.4509888 658.1179810
vn 0.7071062 -0.7071074 0.0000000
v 672.9639893 345.4509888 602.6770020
vn 0.5000027 -0.8660238 0.0000000
v 658.8750000 334.6400146 602.6770020
vn 0.5000027 -0.8660238 0.0000000
v 658.8750000 334.6400146 658.1179810
vn 0.2588194 -0.9659258 0.0000000
v 642.4680176 327.8439941 602.6770020
vn 0.2588194 -0.9659258 0.0000000
v 642.4680176 327.8439941 658.1179810
vn -1.0000000 0.0000000 0.0000000
v 565.8880005 393.5539856 602.6770020
vn -0.9659237 -0.2588271 0.0000000
v 567.8980103 378.2909851 593.6220093
vn -0.9659237 -0.2588271 0.0000000
v 567.8980103 378.2909851 602.6770020
vn -1.0000000 -0.0000000 0.0000000
v 565.8880005 393.5539856 593.6220093
vn 1.0000000 0.0000000 0.0000000
v 565.8880005 393.5539856 593.6220093
vn 1.0000000 -0.0000000 0.0000000
v 565.8880005 393.5539856 602.6770020
vn 0.9659237 0.2588271 0.0000000
v 567.8980103 378.2909851 593.6220093
vn 0.9659237 0.2588271 0.0000000
v 567.8980103 378.2909851 602.6770020
vn -0.9659238 0.2588267 0.0000000
v 567.8980103 408.8169861 602.6770020
vn -0.9659238 0.2588267 0.0000000
v 567.8980103 408.8169861 593.6220093
vn 0.9659238 -0.2588267 0.0000000
v 567.8980103 408.8169861 593.6220093
vn 0.9659238 -0.2588267 0.0000000
v 567.8980103 408.8169861 602.6770020
vn -0.8660324 -0.4999879 0.0000000
v 573.7890015 364.0679932 593.6220093
vn -0.8660324 -0.4999879 0.0000000
v 573.7890015 364.0679932 602.6770020
vn 0.8660324 0.4999879 0.0000000
v 573.7890015 364.0679932 593.6220093
vn 0.8660324 0.4999879 0.0000000
v 573.7890015 364.0679932 602.6770020
vn -0.8660325 0.4999876 0.0000000
v 573.7890015 423.0400085 602.6770020
vn -0.8660326 0.4999876 0.0000000
v 573.7890015 423.0400085 593.6220093
vn 0.8660325 -0.4999876 0.0000000
v 573.7890015 423.0400085 593.6220093
vn 0.8660325 -0.4999876 0.0000000
v 573.7890015 423.0400085 602.6770020
vn -0.7071068 -0.7071068 0.0000000
v 583.1610107 351.8540039 593.6220093
vn -0.7071068 -0.7071068 0.0000000
v 583.1610107 351.8540039 602.6770020
vn 0.7071068 0.7071068 0.0000000
v 583.1610107 351.8540039 593.6220093
vn 0.7071068 0.7071068 0.0000000
v 583.1610107 351.8540039 602.6770020
vn -0.7070885 0.7071252 0.0000000
v 583.1610107 435.2539978 602.6770020
vn -0.7070885 0.7071251 0.0000000
v 583.1610107 435.2539978 593.6220093
vn 0.7070885 -0.7071251 0.0000000
v 583.1610107 435.2539978 593.6220093
vn 0.7070885 -0.7071252 0.0000000
v 583.1610107 435.2539978 602.6770020
vn -0.4999876 -0.8660325 0.0000000
v 595.3750000 342.4819946 602.6770020
vn -0.4999876 -0.8660325 0.0000000
v 595.3750000 342.4819946 593.6220093
vn 0.4999876 0.8660325 0.0000000
v 595.3750000 342.4819946 602.6770020
vn 0.4999877 0.8660326 0.0000000
v 595.3750000 342.4819946 593.6220093
vn -0.4999914 0.8660305 0.0000000
v 595.3750000 444.6250000 593.6220093
vn -0.4999914 0.8660304 0.0000000
v 595.3750000 444.6250000 602.6770020
vn 0.4999913 -0.8660305 0.0000000
v 595.3750000 444.6250000 602.6770020
vn 0.4999914 -0.8660305 0.0000000
v 595.3750000 444.6250000 593.6220093
vn -0.2588267 -0.9659238 0.0000000
v 609.5980225 336.5910034 602.6770020
vn -0.2588267 -0.9659238 0.0000000
v 609.5980225 336.5910034 593.6220093
vn 0.2588267 0.9659238 0.0000000
v 609.5980225 336.5910034 602.6770020
vn 0.2588267 0.9659238 0.0000000
v 609.5980225 336.5910034 593.6220093
vn -0.2588246 0.9659244 0.0000000
v 609.5980225 450.5169983 593.6220093
vn -0.2588246 0.9659244 0.0000000
v 609.5980225 450.5169983 602.6770020
vn 0.2588246 -0.9659244 0.0000000
v 609.5980225 450.5169983 602.6770020
vn 0.2588246 -0.9659244 0.0000000
v 609.5980225 450.5169983 593.6220093
vn 0.0000000 -1.0000000 0.0000000
v 624.8610229 334.5809937 602.6770020
vn -0.0000000 -1.0000000 0.0000000
v 624.8610229 334.5809937 593.6220093
vn -0.0000000 1.0000000 0.0000000
v 624.8610229 334.5809937 602.6770020
vn 0.0000000 1.0000000 0.0000000
v 624.8610229 334.5809937 593.6220093
vn 0.0000000 1.0000000 0.0000000
v 624.8610229 452.5260010 593.6220093
vn -0.0000000 1.0000000 0.0000000
v 624.8610229 452.5260010 602.6770020
vn 0.0000000 -1.0000000 0.0000000
v 624.8610229 452.5260010 602.6770020
vn -0.0000000 -1.0000000 0.0000000
v 624.8610229 452.5260010 593.6220093
vn 0.2588275 -0.9659236 0.0000000
v 640.1240234 336.5910034 602.6770020
vn 0.2588274 -0.9659236 0.0000000
v 640.1240234 336.5910034 593.6220093
vn -0.2588275 0.9659236 0.0000000
v 640.1240234 336.5910034 602.6770020
vn -0.2588274 0.9659236 0.0000000
v 640.1240234 336.5910034 593.6220093
vn 0.2588253 0.9659241 0.0000000
v 640.1240234 450.5169983 593.6220093
vn 0.2588253 0.9659241 0.0000000
v 640.1240234 450.5169983 602.6770020
vn -0.2588253 -0.9659241 0.0000000
v 640.1240234 450.5169983 602.6770020
vn -0.2588253 -0.9659241 0.0000000
v 640.1240234 450.5169983 593.6220093
vn 0.4999883 -0.8660322 0.0000000
v 654.3469849 342.4819946 602.6770020
vn 0.4999883 -0.8660322 0.0000000
v 654.3469849 342.4819946 593.6220093
vn -0.4999883 0.8660322 0.0000000
v 654.3469849 342.4819946 602.6770020
vn -0.4999883 0.8660322 0.0000000
v 654.3469849 342.4819946 593.6220093
vn 0.4999920 0.8660300 0.0000000
v 654.3469849 444.6250000 593.6220093
vn 0.4999920 0.8660300 0.0000000
v 654.3469849 444.6250000 602.6770020
vn -0.4999920 -0.8660301 0.0000000
v 654.3469849 444.6250000 602.6770020
vn -0.4999920 -0.8660300 0.0000000
v 654.3469849 444.6250000 593.6220093
vn 0.7071068 -0.7071068 0.0000000
v 666.5609741 351.8540039 602.6770020
vn 0.7071068 -0.7071068 0.0000000
v 666.5609741 351.8540039 593.6220093
vn -0.7071068 0.7071068 0.0000000
v 666.5609741 351.8540039 602.6770020
vn -0.7071068 0.7071068 0.0000000
v 666.5609741 351.8540039 593.6220093
vn 0.7070884 0.7071252 0.0000000
v 666.5609741 435.2539978 593.6220093
vn 0.7070885 0.7071251 0.0000000
v 666.5609741 435.2539978 602.6770020
vn -0.7070885 -0.7071251 0.0000000
v 666.5609741 435.2539978 602.6770020
vn -0.7070885 -0.7071252 0.0000000
v 666.5609741 435.2539978 593.6220093
vn 0.8660324 -0.4999879 0.0000000
v 675.9329834 364.0679932 593.6220093
vn 0.8660324 -0.4999879 0.0000000
v 675.9329834 364.0679932 602.6770020
vn -0.8660324 0.4999880 0.0000000
v 675.9329834 364.0679932 602.6770020
vn -0.8660324 0.4999879 0.0000000
v 675.9329834 364.0679932 593.6220093
vn 0.8660325 0.4999876 0.0000000
v 675.9329834 423.0400085 602.6770020
vn 0.8660325 0.4999876 0.0000000
v 675.9329834 423.0400085 593.6220093
vn -0.8660325 -0.4999876 0.0000000
v 675.9329834 423.0400085 602.6770020
vn -0.8660326 -0.4999877 0.0000000
v 675.9329834 423.0400085 593.6220093
vn 0.9659318 -0.2587967 0.0000000
v 681.8239746 378.2909851 593.6220093
vn 0.9659318 -0.2587967 0.0000000
v 681.8239746 378.2909851 602.6770020
vn -0.9659318 0.2587967 0.0000000
v 681.8239746 378.2909851 602.6770020
vn -0.9659318 0.2587967 0.0000000
v 681.8239746 378.2909851 593.6220093
vn 0.9659320 0.2587963 0.0000000
v 681.8239746 408.8169861 602.6770020
vn 0.9659320 0.2587964 0.0000000
v 681.8239746 408.8169861 593.6220093
vn -0.9659320 -0.2587963 0.0000000
v 681.8239746 408.8169861 602.6770020
vn -0.9659320 -0.2587964 0.0000000
v 681.8239746 408.8169861 593.6220093
vn 1.0000000 0.0000000 0.0000000
v 683.8330078 393.5539856 593.6220093
vn 1.0000000 -0.0000000 0.0000000
v 683.8330078 393.5539856 602.6770020
vn -1.0000000 0.0000000 0.0000000
v 683.8330078 393.5539856 602.6770020
vn -1.0000000 -0.0000000 0.0000000
v 683.8330078 393.5539856 593.6220093
vn -1.0000000 -0.0000001 0.0000000
v 556.8330078 393.5539856 593.6220093
vn -0.9659258 -0.2588194 0.0000000
v 559.1510010 375.9469910 584.5670166
vn -0.9659258 -0.2588194 0.0000000
v 559.1510010 375.9469910 593.6220093
vn -1.0000000 -0.0000001 0.0000000
v 556.8330078 393.5539856 584.5670166
vn 1.0000000 0.0000001 0.0000000
v 556.8330078 393.5539856 584.5670166
vn 1.0000000 0.0000001 0.0000000
v 556.8330078 393.5539856 593.6220093
vn 0.9659258 0.2588194 0.0000000
v 559.1510010 375.9469910 584.5670166
vn 0.9659258 0.2588194 0.0000000
v 559.1510010 375.9469910 593.6220093
vn -0.9659258 0.2588193 0.0000000
v 559.1510010 411.1610107 593.6220093
vn -0.9659258 0.2588193 0.0000000
v 559.1510010 411.1610107 584.5670166
vn 0.9659258 -0.2588193 0.0000000
v 559.1510010 411.1610107 584.5670166
vn 0.9659258 -0.2588193 0.0000000
v 559.1510010 411.1610107 593.6220093
vn 0.0000000 0.0000000 -1.0000000
v 559.1510010 411.1610107 584.5670166
vn 0.0000000 0.0000000 -1.0000000
v 559.1510010 375.9469910 584.5670166
vn 0.0000000 0.0000000 -1.0000000
v 556.8330078 393.5539856 584.5670166
vn 0.0000000 0.0000000 -1.0000000
v 565.9470215 427.5679932 584.5670166
vn 0.0000000 0.0000000 -1.0000000
v 565.8880005 393.5539856 584.5670166
vn 0.0000000 0.0000000 -1.0000000
v 567.8980103 408.8169861 584.5670166
vn 0.0000000 0.0000000 -1.0000000
v 576.7579956 441.6560059 584.5670166
vn 0.0000000 0.0000000 -1.0000000
v 573.7890015 423.0400085 584.5670166
vn 0.0000000 0.0000000 -1.0000000
v 583.1610107 435.2539978 584.5670166
vn 0.0000000 0.0000000 -1.0000000
v 590.8469849 452.4670105 584.5670166
vn 0.0000000 0.0000000 -1.0000000
v 595.3750000 444.6250000 584.5670166
vn 0.0000000 0.0000000 -1.0000000
v 607.2540283 459.2630005 584.5670166
vn 0.0000000 0.0000000 -1.0000000
v 609.5980225 450.5169983 584.5670166
vn 0.0000000 0.0000000 -1.0000000
v 624.8610229 461.5809937 584.5670166
vn 0.0000000 0.0000000 -1.0000000
v 624.8610229 452.5260010 584.5670166
vn 0.0000000 0.0000000 -1.0000000
v 640.1240234 450.5169983 584.5670166
vn 0.0000000 0.0000000 -1.0000000
v 642.4680176 459.2630005 584.5670166
vn 0.0000000 0.0000000 -1.0000000
v 654.3469849 444.6250000 584.5670166
vn 0.0000000 0.0000000 -1.0000000
v 658.8750000 452.4670105 584.5670166
vn 0.0000000 0.0000000 -1.0000000
v 666.5609741 435.2539978 584.5670166
vn 0.0000000 0.0000000 -1.0000000
v 672.9639893 441.6560059 584.5670166
vn 0.0000000 0.0000000 -1.0000000
v 675.9329834 423.0400085 584.5670166
vn 0.0000000 0.0000000 -1.0000000
v 683.7750244 427.5679932 584.5670166
vn 0.0000000 0.0000000 -1.0000000
v 681.8239746 408.8169861 584.5670166
vn 0.0000000 0.0000000 -1.0000000
v 683.8330078 393.5539856 584.5670166
vn 0.0000000 0.0000000 -1.0000000
v 690.5700073 411.1610107 584.5670166
vn 0.0000000 0.0000000 -1.0000000
v 565.9470215 359.5400085 584.5670166
vn 0.0000000 0.0000000 -1.0000000
v 567.8980103 378.2909851 584.5670166
vn 0.0000000 0.0000000 -1.0000000
v 576.7579956 345.4509888 584.5670166
vn 0.0000000 0.0000000 -1.0000000
v 573.7890015 364.0679932 584.5670166
vn 0.0000000 0.0000000 -1.0000000
v 583.1610107 351.8540039 584.5670166
vn 0.0000000 0.0000000 -1.0000000
v 590.8469849 334.6400146 584.5670166
vn 0.0000000 0.0000000 -1.0000000
v 595.3750000 342.4819946 584.5670166
vn 0.0000000 0.0000000 -1.0000000
v 607.2540283 327.8439941 584.5670166
vn 0.0000000 0.0000000 -1.0000000
v 609.5980225 336.5910034 584.5670166
vn 0.0000000 0.0000000 -1.0000000
v 624.8610229 325.5260010 584.5670166
vn 0.0000000 0.0000000 -1.0000000
v 624.8610229 334.5809937 584.5670166
vn 0.0000000 0.0000000 -1.0000000
v 640.1240234 336.5910034 584.5670166
vn 0.0000000 0.0000000 -1.0000000
v 642.4680176 327.8439941 584.5670166
vn 0.0000000 0.0000000 -1.0000000
v 654.3469849 342.4819946 584.5670166
vn 0.0000000 0.0000000 -1.0000000
v 658.8750000 334.6400146 584.5670166
vn 0.0000000 0.0000000 -1.0000000
v 666.5609741 351.8540039 584.5670166
vn 0.0000000 0.0000000 -1.0000000
v 672.9639893 345.4509888 584.5670166
vn 0.0000000 0.0000000 -1.0000000
v 675.9329834 364.0679932 584.5670166
vn 0.0000000 0.0000000 -1.0000000
v 683.7750244 359.5400085 584.5670166
vn 0.0000000 0.0000000 -1.0000000
v 681.8239746 378.2909851 584.5670166
vn 0.0000000 0.0000000 -1.0000000
v 690.5700073 375.9469910 584.5670166
vn 0.0000000 0.0000000 -1.0000000
v 692.8880005 393.5539856 584.5670166
vn 0.0000000 0.0000000 1.0000000
v 692.8880005 393.5539856 584.5670166
vn 0.0000000 0.0000000 1.0000000
v 690.5700073 411.1610107 584.5670166
vn 0.0000000 0.0000000 1.0000000
v 690.5700073 375.9469910 584.5670166
vn 0.0000000 0.0000000 1.0000000
v 683.8330078 393.5539856 584.5670166
vn 0.0000000 0.0000000 1.0000000
v 683.7750244 359.5400085 584.5670166
vn 0.0000000 0.0000000 1.0000000
v 681.8239746 378.2909851 584.5670166
vn 0.0000000 0.0000000 1.0000000
v 675.9329834 364.0679932 584.5670166
vn 0.0000000 0.0000000 1.0000000
v 672.9639893 345.4509888 584.5670166
vn 0.0000000 0.0000000 1.0000000
v 666.5609741 351.8540039 584.5670166
vn 0.0000000 0.0000000 1.0000000
v 658.8750000 334.6400146 584.5670166
vn 0.0000000 0.0000000 1.0000000
v 654.3469849 342.4819946 584.5670166
vn 0.0000000 0.0000000 1.0000000
v 642.4680176 327.8439941 584.5670166
vn 0.0000000 0.0000000 1.0000000
v 640.1240234 336.5910034 584.5670166
vn 0.0000000 0.0000000 1.0000000
v 624.8610229 325.5260010 584.5670166
vn 0.0000000 0.0000000 1.0000000
v 624.8610229 334.5809937 584.5670166
vn 0.0000000 0.0000000 1.0000000
v 609.5980225 336.5910034 584.5670166
vn 0.0000000 0.0000000 1.0000000
v 607.2540283 327.8439941 584.5670166
vn 0.0000000 0.0000000 1.0000000
v 595.3750000 342.4819946 584.5670166
vn 0.0000000 0.0000000 1.0000000
v 590.8469849 334.6400146 584.5670166
vn 0.0000000 0.0000000 1.0000000
v 583.1610107 351.8540039 584.5670166
vn 0.0000000 0.0000000 1.0000000
v 576.7579956 345.4509888 584.5670166
vn 0.0000000 0.0000000 1.0000000
v 573.7890015 364.0679932 584.5670166
vn 0.0000000 0.0000000 1.0000000
v 567.8980103 378.2909851 584.5670166
vn 0.0000000 0.0000000 1.0000000
v 565.9470215 359.5400085 584.5670166
vn 0.0000000 0.0000000 1.0000000
v 565.8880005 393.5539856 584.5670166
vn 0.0000000 0.0000000 1.0000000
v 559.1510010 375.9469910 584.5670166
vn 0.0000000 0.0000000 1.0000000
v 683.7750244 427.5679932 584.5670166
vn 0.0000000 0.0000000 1.0000000
v 681.8239746 408.8169861 584.5670166
vn 0.0000000 0.0000000 1.0000000
v 675.9329834 423.0400085 584.5670166
vn 0.0000000 0.0000000 1.0000000
v 672.9639893 441.6560059 584.5670166
vn 0.0000000 0.0000000 1.0000000
v 666.5609741 435.2539978 584.5670166
vn 0.0000000 0.0000000 1.0000000
v 658.8750000 452.4670105 584.5670166
vn 0.0000000 0.0000000 1.0000000
v 654.3469849 444.6250000 584.5670166
vn 0.0000000 0.0000000 1.0000000
v 642.4680176 459.2630005 584.5670166
vn 0.0000000 0.0000000 1.0000000
v 640.1240234 450.5169983 584.5670166
vn 0.0000000 0.0000000 1.0000000
v 624.8610229 461.5809937 584.5670166
vn 0.0000000 0.0000000 1.0000000
v 624.8610229 452.5260010 584.5670166
vn 0.0000000 0.0000000 1.0000000
v 609.5980225 450.5169983 584.5670166
vn 0.0000000 0.0000000 1.0000000
v 607.2540283 459.2630005 584.5670166
vn 0.0000000 0.0000000 1.0000000
v 595.3750000 444.6250000 584.5670166
vn 0.0000000 0.0000000 1.0000000
v 590.8469849 452.4670105 584.5670166
vn 0.0000000 0.0000000 1.0000000
v 583.1610107 435.2539978 584.5670166
vn 0.0000000 0.0000000 1.0000000
v 576.7579956 441.6560059 584.5670166
vn 0.0000000 0.0000000 1.0000000
v 573.7890015 423.0400085 584.5670166
vn 0.0000000 0.0000000 1.0000000
v 567.8980103 408.8169861 584.5670166
vn 0.0000000 0.0000000 1.0000000
v 565.9470215 427.5679932 584.5670166
vn 0.0000000 0.0000000 1.0000000
v 559.1510010 411.1610107 584.5670166
vn 0.0000000 0.0000000 1.0000000
v 556.8330078 393.5539856 584.5670166
vn -0.8660241 -0.5000023 0.0000000
v 565.9470215 359.5400085 584.5670166
vn -0.8660241 -0.5000023 0.0000000
v 565.9470215 359.5400085 593.6220093
vn 0.8660241 0.5000023 0.0000000
v 565.9470215 359.5400085 584.5670166
vn 0.8660241 0.5000023 0.0000000
v 565.9470215 359.5400085 593.6220093
vn 0.0000000 0.0000000 1.0000000
v 565.9470215 359.5400085 593.6220093
vn 0.0000000 0.0000000 1.0000000
v 565.8880005 393.5539856 593.6220093
vn 0.0000000 0.0000000 1.0000000
v 559.1510010 375.9469910 593.6220093
vn 0.0000000 0.0000000 1.0000000
v 567.8980103 378.2909851 593.6220093
vn 0.0000000 0.0000000 1.0000000
v 576.7579956 345.4509888 593.6220093
vn 0.0000000 0.0000000 1.0000000
v 573.7890015 364.0679932 593.6220093
vn 0.0000000 0.0000000 1.0000000
v 583.1610107 351.8540039 593.6220093
vn 0.0000000 0.0000000 1.0000000
v 590.8469849 334.6400146 593.6220093
vn 0.0000000 0.0000000 1.0000000
v 595.3750000 342.4819946 593.6220093
vn 0.0000000 0.0000000 1.0000000
v 607.2540283 327.8439941 593.6220093
vn 0.0000000 0.0000000 1.0000000
v 609.5980225 336.5910034 593.6220093
vn 0.0000000 0.0000000 1.0000000
v 624.8610229 325.5260010 593.6220093
vn 0.0000000 0.0000000 1.0000000
v 624.8610229 334.5809937 593.6220093
vn 0.0000000 0.0000000 1.0000000
v 642.4680176 327.8439941 593.6220093
vn 0.0000000 0.0000000 1.0000000
v 640.1240234 336.5910034 593.6220093
vn 0.0000000 0.0000000 1.0000000
v 654.3469849 342.4819946 593.6220093
vn 0.0000000 0.0000000 1.0000000
v 658.8750000 334.6400146 593.6220093
vn 0.0000000 0.0000000 1.0000000
v 666.5609741 351.8540039 593.6220093
vn 0.0000000 0.0000000 1.0000000
v 672.9639893 345.4509888 593.6220093
vn 0.0000000 0.0000000 1.0000000
v 675.9329834 364.0679932 593.6220093
vn 0.0000000 0.0000000 1.0000000
v 683.7750244 359.5400085 593.6220093
vn 0.0000000 0.0000000 1.0000000
v 681.8239746 378.2909851 593.6220093
vn 0.0000000 0.0000000 1.0000000
v 683.8330078 393.5539856 593.6220093
vn 0.0000000 0.0000000 1.0000000
v 690.5700073 375.9469910 593.6220093
vn 0.0000000 0.0000000 1.0000000
v 559.1510010 411.1610107 593.6220093
vn 0.0000000 0.0000000 1.0000000
v 556.8330078 393.5539856 593.6220093
vn 0.0000000 0.0000000 1.0000000
v 565.9470215 427.5679932 593.6220093
vn 0.0000000 0.0000000 1.0000000
v 567.8980103 408.8169861 593.6220093
vn 0.0000000 0.0000000 1.0000000
v 576.7579956 441.6560059 593.6220093
vn 0.0000000 0.0000000 1.0000000
v 573.7890015 423.0400085 593.6220093
vn 0.0000000 0.0000000 1.0000000
v 583.1610107 435.2539978 593.6220093
vn 0.0000000 0.0000000 1.0000000
v 590.8469849 452.4670105 593.6220093
vn 0.0000000 0.0000000 1.0000000
v 595.3750000 444.6250000 593.6220093
vn 0.0000000 0.0000000 1.0000000
v 607.2540283 459.2630005 593.6220093
vn 0.0000000 0.0000000 1.0000000
v 609.5980225 450.5169983 593.6220093
vn 0.0000000 0.0000000 1.0000000
v 624.8610229 461.5809937 593.6220093
vn 0.0000000 0.0000000 1.0000000
v 624.8610229 452.5260010 593.6220093
vn 0.0000000 0.0000000 1.0000000
v 640.1240234 450.5169983 593.6220093
vn 0.0000000 0.0000000 1.0000000
v 642.4680176 459.2630005 593.6220093
vn 0.0000000 0.0000000 1.0000000
v 654.3469849 444.6250000 593.6220093
vn 0.0000000 0.0000000 1.0000000
v 658.8750000 452.4670105 593.6220093
vn 0.0000000 0.0000000 1.0000000
v 666.5609741 435.2539978 593.6220093
vn 0.0000000 0.0000000 1.0000000
v 672.9639893 441.6560059 593.6220093
vn 0.0000000 0.0000000 1.0000000
v 675.9329834 423.0400085 593.6220093
vn 0.0000000 0.0000000 1.0000000
v 683.7750244 427.5679932 593.6220093
vn 0.0000000 0.0000000 1.0000000
v 681.8239746 408.8169861 593.6220093
vn 0.0000000 0.0000000 1.0000000
v 690.5700073 411.1610107 593.6220093
vn 0.0000000 0.0000000 1.0000000
v 692.8880005 393.5539856 593.6220093
vn 0.0000000 0.0000000 -1.0000000
v 692.8880005 393.5539856 593.6220093
vn 0.0000000 0.0000000 -1.0000000
v 690.5700073 375.9469910 593.6220093
vn 0.0000000 0.0000000 -1.0000000
v 690.5700073 411.1610107 593.6220093
vn 0.0000000 0.0000000 -1.0000000
v 683.8330078 393.5539856 593.6220093
vn 0.0000000 0.0000000 -1.0000000
v 683.7750244 427.5679932 593.6220093
vn 0.0000000 0.0000000 -1.0000000
v 681.8239746 408.8169861 593.6220093
vn 0.0000000 0.0000000 -1.0000000
v 675.9329834 423.0400085 593.6220093
vn 0.0000000 0.0000000 -1.0000000
v 672.9639893 441.6560059 593.6220093
vn 0.0000000 0.0000000 -1.0000000
v 666.5609741 435.2539978 593.6220093
vn 0.0000000 0.0000000 -1.0000000
v 658.8750000 452.4670105 593.6220093
vn 0.0000000 0.0000000 -1.0000000
v 654.3469849 444.6250000 593.6220093
vn 0.0000000 0.0000000 -1.0000000
v 642.4680176 459.2630005 593.6220093
vn 0.0000000 0.0000000 -1.0000000
v 640.1240234 450.5169983 593.6220093
vn 0.0000000 0.0000000 -1.0000000
v 624.8610229 461.5809937 593.6220093
vn 0.0000000 0.0000000 -1.0000000
v 624.8610229 452.5260010 593.6220093
vn 0.0000000 0.0000000 -1.0000000
v 609.5980225 450.5169983 593.6220093
vn 0.0000000 0.0000000 -1.0000000
v 607.2540283 459.2630005 593.6220093
vn 0.0000000 0.0000000 -1.0000000
v 595.3750000 444.6250000 593.6220093
vn 0.0000000 0.0000000 -1.0000000
v 590.8469849 452.4670105 593.6220093
vn 0.0000000 0.0000000 -1.0000000
v 583.1610107 435.2539978 593.6220093
vn 0.0000000 0.0000000 -1.0000000
v 576.7579956 441.6560059 593.6220093
vn 0.0000000 0.0000000 -1.0000000
v 573.7890015 423.0400085 593.6220093
vn 0.0000000 0.0000000 -1.0000000
v 567.8980103 408.8169861 593.6220093
vn 0.0000000 0.0000000 -1.0000000
v 565.9470215 427.5679932 593.6220093
vn 0.0000000 0.0000000 -1.0000000
v 565.8880005 393.5539856 593.6220093
vn 0.0000000 0.0000000 -1.0000000
v 559.1510010 375.9469910 593.6220093
vn 0.0000000 0.0000000 -1.0000000
v 559.1510010 411.1610107 593.6220093
vn 0.0000000 0.0000000 -1.0000000
v 556.8330078 393.5539856 593.6220093
vn 0.0000000 0.0000000 -1.0000000
v 683.7750244 359.5400085 593.6220093
vn 0.0000000 0.0000000 -1.0000000
v 681.8239746 378.2909851 593.6220093
vn 0.0000000 0.0000000 -1.0000000
v 675.9329834 364.0679932 593.6220093
vn 0.0000000 0.0000000 -1.0000000
v 672.9639893 345.4509888 593.6220093
vn 0.0000000 0.0000000 -1.0000000
v 666.5609741 351.8540039 593.6220093
vn 0.0000000 0.0000000 -1.0000000
v 658.8750000 334.6400146 593.6220093
vn 0.0000000 0.0000000 -1.0000000
v 654.3469849 342.4819946 593.6220093
vn 0.0000000 0.0000000 -1.0000000
v 642.4680176 327.8439941 593.6220093
vn 0.0000000 0.0000000 -1.0000000
v 640.1240234 336.5910034 593.6220093
vn 0.0000000 0.0000000 -1.0000000
v 624.8610229 334.5809937 593.6220093
vn 0.0000000 0.0000000 -1.0000000
v 624.8610229 325.5260010 593.6220093
vn 0.0000000 0.0000000 -1.0000000
v 609.5980225 336.5910034 593.6220093
vn 0.0000000 0.0000000 -1.0000000
v 607.2540283 327.8439941 593.6220093
vn 0.0000000 0.0000000 -1.0000000
v 595.3750000 342.4819946 593.6220093
vn 0.0000000 0.0000000 -1.0000000
v 590.8469849 334.6400146 593.6220093
vn 0.0000000 0.0000000 -1.0000000
v 583.1610107 351.8540039 593.6220093
vn 0.0000000 0.0000000 -1.0000000
v 576.7579956 345.4509888 593.6220093
vn 0.0000000 0.0000000 -1.0000000
v 573.7890015 364.0679932 593.6220093
vn 0.0000000 0.0000000 -1.0000000
v 567.8980103 378.2909851 593.6220093
vn 0.0000000 0.0000000 -1.0000000
v 565.9470215 359.5400085 593.6220093
vn -0.8660154 0.5000173 0.0000000
v 565.9470215 427.5679932 593.6220093
vn -0.8660155 0.5000173 0.0000000
v 565.9470215 427.5679932 584.5670166
vn 0.8660154 -0.5000173 0.0000000
v 565.9470215 427.5679932 584.5670166
vn 0.8660154 -0.5000173 0.0000000
v 565.9470215 427.5679932 593.6220093
vn 0.0000000 -1.0000000 0.0000000
v 624.8610229 325.5260010 593.6220093
vn -0.2588187 -0.9659259 0.0000000
v 607.2540283 327.8439941 584.5670166
vn -0.0000000 -1.0000000 0.0000000
v 624.8610229 325.5260010 584.5670166
vn -0.2588187 -0.9659259 0.0000000
v 607.2540283 327.8439941 593.6220093
vn 0.2588187 0.9659259 0.0000000
v 607.2540283 327.8439941 593.6220093
vn -0.0000000 1.0000000 0.0000000
v 624.8610229 325.5260010 593.6220093
vn 0.2588187 0.9659259 0.0000000
v 607.2540283 327.8439941 584.5670166
vn 0.0000000 1.0000000 0.0000000
v 624.8610229 325.5260010 584.5670166
vn -0.5000022 -0.8660241 0.0000000
v 590.8469849 334.6400146 584.5670166
vn -0.5000022 -0.8660241 0.0000000
v 590.8469849 334.6400146 593.6220093
vn 0.5000022 0.8660241 0.0000000
v 590.8469849 334.6400146 593.6220093
vn 0.5000022 0.8660241 0.0000000
v 590.8469849 334.6400146 584.5670166
vn -0.7071072 -0.7071064 0.0000000
v 576.7579956 345.4509888 584.5670166
vn -0.7071072 -0.7071064 0.0000000
v 576.7579956 345.4509888 593.6220093
vn 0.7071072 0.7071064 0.0000000
v 576.7579956 345.4509888 593.6220093
vn 0.7071072 0.7071064 0.0000000
v 576.7579956 345.4509888 584.5670166
vn -0.7070954 0.7071182 0.0000000
v 576.7579956 441.6560059 593.6220093
vn -0.7070954 0.7071182 0.0000000
v 576.7579956 441.6560059 584.5670166
vn 0.7070954 -0.7071182 0.0000000
v 576.7579956 441.6560059 584.5670166
vn 0.7070954 -0.7071182 0.0000000
v 576.7579956 441.6560059 593.6220093
vn -0.5000021 0.8660242 0.0000000
v 590.8469849 452.4670105 584.5670166
vn -0.5000021 0.8660242 0.0000000
v 590.8469849 452.4670105 593.6220093
vn 0.5000021 -0.8660242 0.0000000
v 590.8469849 452.4670105 593.6220093
vn 0.5000021 -0.8660242 0.0000000
v 590.8469849 452.4670105 584.5670166
vn -0.2588180 0.9659262 0.0000000
v 607.2540283 459.2630005 584.5670166
vn -0.2588180 0.9659261 0.0000000
v 607.2540283 459.2630005 593.6220093
vn 0.2588180 -0.9659262 0.0000000
v 607.2540283 459.2630005 593.6220093
vn 0.2588180 -0.9659262 0.0000000
v 607.2540283 459.2630005 584.5670166
vn 0.0000000 1.0000000 0.0000000
v 624.8610229 461.5809937 584.5670166
vn -0.0000000 1.0000000 0.0000000
v 624.8610229 461.5809937 593.6220093
vn 0.0000000 -1.0000000 0.0000000
v 624.8610229 461.5809937 593.6220093
vn -0.0000000 -1.0000000 0.0000000
v 624.8610229 461.5809937 584.5670166
vn 0.2588187 0.9659260 0.0000000
v 642.4680176 459.2630005 584.5670166
vn 0.2588186 0.9659260 0.0000000
v 642.4680176 459.2630005 593.6220093
vn -0.2588186 -0.9659260 0.0000000
v 642.4680176 459.2630005 593.6220093
vn -0.2588187 -0.9659260 0.0000000
v 642.4680176 459.2630005 584.5670166
vn 0.5000027 0.8660239 0.0000000
v 658.8750000 452.4670105 584.5670166
vn 0.5000027 0.8660238 0.0000000
v 658.8750000 452.4670105 593.6220093
vn -0.5000027 -0.8660238 0.0000000
v 658.8750000 452.4670105 593.6220093
vn -0.5000027 -0.8660239 0.0000000
v 658.8750000 452.4670105 584.5670166
vn 0.7070945 0.7071190 0.0000000
v 672.9639893 441.6560059 584.5670166
vn 0.7070945 0.7071190 0.0000000
v 672.9639893 441.6560059 593.6220093
vn -0.7070945 -0.7071190 0.0000000
v 672.9639893 441.6560059 593.6220093
vn -0.7070945 -0.7071190 0.0000000
v 672.9639893 441.6560059 584.5670166
vn 0.8660282 0.4999951 0.0000000
v 683.7750244 427.5679932 593.6220093
vn 0.8660282 0.4999951 0.0000000
v 683.7750244 427.5679932 584.5670166
vn -0.8660282 -0.4999951 0.0000000
v 683.7750244 427.5679932 593.6220093
vn -0.8660282 -0.4999951 0.0000000
v 683.7750244 427.5679932 584.5670166
vn 0.9659328 0.2587932 0.0000000
v 690.5700073 411.1610107 593.6220093
vn 0.9659328 0.2587932 0.0000000
v 690.5700073 411.1610107 584.5670166
vn -0.9659328 -0.2587932 0.0000000
v 690.5700073 411.1610107 593.6220093
vn -0.9659328 -0.2587932 0.0000000
v 690.5700073 411.1610107 584.5670166
vn 1.0000000 -0.0000001 0.0000000
v 692.8880005 393.5539856 593.6220093
vn 1.0000000 -0.0000001 0.0000000
v 692.8880005 393.5539856 584.5670166
vn -1.0000000 0.0000001 0.0000000
v 692.8880005 393.5539856 593.6220093
vn -1.0000000 0.0000001 0.0000000
v 692.8880005 393.5539856 584.5670166
vn 0.9659327 -0.2587934 0.0000000
v 690.5700073 375.9469910 593.6220093
vn 0.9659327 -0.2587933 0.0000000
v 690.5700073 375.9469910 584.5670166
vn -0.9659327 0.2587934 0.0000000
v 690.5700073 375.9469910 593.6220093
vn -0.9659327 0.2587933 0.0000000
v 690.5700073 375.9469910 584.5670166
vn 0.8660369 -0.4999801 0.0000000
v 683.7750244 359.5400085 593.6220093
vn 0.8660369 -0.4999801 0.0000000
v 683.7750244 359.5400085 584.5670166
vn -0.8660369 0.4999801 0.0000000
v 683.7750244 359.5400085 593.6220093
vn -0.8660369 0.4999801 0.0000000
v 683.7750244 359.5400085 584.5670166
vn 0.7071062 -0.7071074 0.0000000
v 672.9639893 345.4509888 593.6220093
vn 0.7071063 -0.7071074 0.0000000
v 672.9639893 345.4509888 584.5670166
vn -0.7071062 0.7071074 0.0000000
v 672.9639893 345.4509888 593.6220093
vn -0.7071063 0.7071074 0.0000000
v 672.9639893 345.4509888 584.5670166
vn 0.5000027 -0.8660238 0.0000000
v 658.8750000 334.6400146 584.5670166
vn 0.5000028 -0.8660238 0.0000000
v 658.8750000 334.6400146 593.6220093
vn -0.5000028 0.8660238 0.0000000
v 658.8750000 334.6400146 593.6220093
vn -0.5000027 0.8660238 0.0000000
v 658.8750000 334.6400146 584.5670166
vn 0.2588194 -0.9659258 0.0000000
v 642.4680176 327.8439941 584.5670166
vn 0.2588194 -0.9659258 0.0000000
v 642.4680176 327.8439941 593.6220093
vn -0.2588194 0.9659258 0.0000000
v 642.4680176 327.8439941 593.6220093
vn -0.2588194 0.9659258 0.0000000
v 642.4680176 327.8439941 584.5670166
vn -1.0000000 0.0000000 0.0000000
v 565.8880005 393.5539856 584.5670166
vn -0.9659237 -0.2588271 0.0000000
v 567.8980103 378.2909851 563.0200195
vn -0.9659237 -0.2588271 0.0000000
v 567.8980103 378.2909851 584.5670166
vn -1.0000000 -0.0000000 0.0000000
v 565.8880005 393.5539856 563.0200195
vn 1.0000000 0.0000000 0.0000000
v 565.8880005 393.5539856 563.0200195
vn 1.0000000 -0.0000000 0.0000000
v 565.8880005 393.5539856 584.5670166
vn 0.9659237 0.2588271 0.0000000
v 567.8980103 378.2909851 563.0200195
vn 0.9659237 0.2588271 0.0000000
v 567.8980103 378.2909851 584.5670166
vn -0.9659238 0.2588267 0.0000000
v 567.8980103 408.8169861 584.5670166
vn -0.9659238 0.2588267 0.0000000
v 567.8980103 408.8169861 563.0200195
vn 0.9659238 -0.2588267 0.0000000
v 567.8980103 408.8169861 563.0200195
vn 0.9659238 -0.2588267 0.0000000
v 567.8980103 408.8169861 584.5670166
vn -0.3636461 -0.0974440 0.9264265
v 556.2269897 375.1629944 558.9060059
vn -0.3223105 0.0000008 0.9466341
v 565.8880005 393.5539856 563.0200195
vn -0.3764789 0.0000012 0.9264252
v 553.8049927 393.5539856 558.9060059
vn -0.3113288 -0.0834220 0.9466336
v 567.8980103 378.2909851 563.0200195
vn 0.3113288 0.0834220 -0.9466336
v 567.8980103 378.2909851 563.0200195
vn 0.3636461 0.0974440 -0.9264266
v 556.2269897 375.1629944 558.9060059
vn 0.3223105 -0.0000008 -0.9466341
v 565.8880005 393.5539856 563.0200195
vn 0.3764789 -0.0000012 -0.9264252
v 553.8049927 393.5539856 558.9060059
vn -0.8660324 -0.4999880 0.0000000
v 573.7890015 364.0679932 563.0200195
vn -0.8660324 -0.4999880 0.0000000
v 573.7890015 364.0679932 584.5670166
vn 0.8660324 0.4999880 0.0000000
v 573.7890015 364.0679932 563.0200195
vn 0.8660324 0.4999879 0.0000000
v 573.7890015 364.0679932 584.5670166
vn -0.8660326 0.4999876 0.0000000
v 573.7890015 423.0400085 584.5670166
vn -0.8660325 0.4999876 0.0000000
v 573.7890015 423.0400085 563.0200195
vn 0.8660325 -0.4999876 0.0000000
v 573.7890015 423.0400085 563.0200195
vn 0.8660326 -0.4999876 0.0000000
v 573.7890015 423.0400085 584.5670166
vn -0.3636499 0.0974429 0.9264252
v 556.2269897 411.9440002 558.9060059
vn -0.3113330 0.0834230 0.9466321
v 567.8980103 408.8169861 563.0200195
vn 0.3113330 -0.0834230 -0.9466321
v 567.8980103 408.8169861 563.0200195
vn 0.3636499 -0.0974429 -0.9264252
v 556.2269897 411.9440002 558.9060059
vn -0.4573851 -0.1225590 0.8807827
v 545.0490112 372.1679993 553.5209961
vn -0.4735273 0.0000008 0.8807791
v 542.2329712 393.5539856 553.5209961
vn 0.4573851 0.1225590 -0.8807827
v 545.0490112 372.1679993 553.5209961
vn 0.4735273 -0.0000008 -0.8807792
v 542.2329712 393.5539856 553.5209961
vn -0.3260372 -0.1882337 0.9264274
v 563.3250122 358.0260010 558.9060059
vn -0.2791299 -0.1611494 0.9466348
v 573.7890015 364.0679932 563.0200195
vn 0.2791299 0.1611494 -0.9466348
v 573.7890015 364.0679932 563.0200195
vn 0.3260372 0.1882337 -0.9264274
v 563.3250122 358.0260010 558.9060059
vn -0.7071068 -0.7071068 0.0000000
v 583.1610107 351.8540039 563.0200195
vn -0.7071068 -0.7071068 0.0000000
v 583.1610107 351.8540039 584.5670166
vn 0.7071068 0.7071068 0.0000000
v 583.1610107 351.8540039 563.0200195
vn 0.7071068 0.7071068 0.0000000
v 583.1610107 351.8540039 584.5670166
vn -0.7070885 0.7071252 0.0000000
v 583.1610107 435.2539978 584.5670166
vn -0.7070885 0.7071251 0.0000000
v 583.1610107 435.2539978 563.0200195
vn 0.7070885 -0.7071251 0.0000000
v 583.1610107 435.2539978 563.0200195
vn 0.7070885 -0.7071251 0.0000000
v 583.1610107 435.2539978 584.5670166
vn -0.3260462 0.1882368 0.9264237
v 563.3250122 429.0820007 558.9060059
vn -0.2791299 0.1611493 0.9466348
v 573.7890015 423.0400085 563.0200195
vn 0.2791299 -0.1611493 -0.9466348
v 573.7890015 423.0400085 563.0200195
vn 0.3260462 -0.1882368 -0.9264237
v 563.3250122 429.0820007 558.9060059
vn -0.4573810 0.1225592 0.8807848
v 545.0490112 414.9389954 553.5209961
vn 0.4573810 -0.1225592 -0.8807848
v 545.0490112 414.9389954 553.5209961
vn -0.5458652 -0.1462608 0.8250085
v 534.4940186 369.3399963 546.9240112
vn -0.5651290 0.0000006 0.8250026
v 531.3060303 393.5539856 546.9240112
vn 0.5458652 0.1462608 -0.8250085
v 534.4940186 369.3399963 546.9240112
vn 0.5651290 -0.0000006 -0.8250026
v 531.3060303 393.5539856 546.9240112
vn -0.4100858 -0.2367592 0.8807808
v 553.3029785 352.2399902 553.5209961
vn 0.4100858 0.2367592 -0.8807807
v 553.3029785 352.2399902 553.5209961
vn -0.2662055 -0.2662063 0.9264280
v 574.6170044 343.3099976 558.9060059
vn -0.2279066 -0.2279056 0.9466349
v 583.1610107 351.8540039 563.0200195
vn 0.2279066 0.2279056 -0.9466349
v 583.1610107 351.8540039 563.0200195
vn 0.2662055 0.2662063 -0.9264280
v 574.6170044 343.3099976 558.9060059
vn -0.4999876 -0.8660325 0.0000000
v 595.3750000 342.4819946 584.5670166
vn -0.4999876 -0.8660325 0.0000000
v 595.3750000 342.4819946 563.0200195
vn 0.4999876 0.8660325 0.0000000
v 595.3750000 342.4819946 584.5670166
vn 0.4999876 0.8660326 0.0000000
v 595.3750000 342.4819946 563.0200195
vn -0.4999914 0.8660305 0.0000000
v 595.3750000 444.6250000 563.0200195
vn -0.4999914 0.8660304 0.0000000
v 595.3750000 444.6250000 584.5670166
vn 0.4999914 -0.8660305 0.0000000
v 595.3750000 444.6250000 584.5670166
vn 0.4999914 -0.8660305 0.0000000
v 595.3750000 444.6250000 563.0200195
vn -0.2662127 0.2662153 0.9264234
v 574.6170044 443.7980042 558.9060059
vn -0.2279012 0.2279048 0.9466364
v 583.1610107 435.2539978 563.0200195
vn 0.2279012 -0.2279048 -0.9466364
v 583.1610107 435.2539978 563.0200195
vn 0.2662127 -0.2662152 -0.9264234
v 574.6170044 443.7980042 558.9060059
vn -0.4100918 0.2367570 0.8807786
v 553.3029785 434.8670044 553.5209961
vn 0.4100918 -0.2367569 -0.8807786
v 553.3029785 434.8670044 553.5209961
vn -0.5458642 0.1462673 0.8250080
v 534.4940186 417.7680054 546.9240112
vn 0.5458642 -0.1462673 -0.8250080
v 534.4940186 417.7680054 546.9240112
vn -0.6279826 -0.1682667 0.7598186
v 524.6840210 366.7109985 539.1929932
vn -0.6501318 0.0000015 0.7598215
v 521.1500244 393.5539856 539.1929932
vn 0.6279826 0.1682667 -0.7598186
v 524.6840210 366.7109985 539.1929932
vn 0.6501318 -0.0000015 -0.7598215
v 521.1500244 393.5539856 539.1929932
vn -0.4893996 -0.2825606 0.8250137
v 543.8400269 346.7760010 546.9240112
vn 0.4893996 0.2825606 -0.8250137
v 543.8400269 346.7760010 546.9240112
vn -0.3348415 -0.3348397 0.8807744
v 566.4340210 335.1270142 553.5209961
vn 0.3348415 0.3348396 -0.8807744
v 566.4340210 335.1270142 553.5209961
vn -0.1882405 -0.3260374 0.9264260
v 589.3330078 332.0180054 558.9060059
vn -0.1611515 -0.2791228 0.9466366
v 595.3750000 342.4819946 563.0200195
vn 0.1611515 0.2791228 -0.9466366
v 595.3750000 342.4819946 563.0200195
vn 0.1882405 0.3260374 -0.9264260
v 589.3330078 332.0180054 558.9060059
vn -0.2588267 -0.9659238 0.0000000
v 609.5980225 336.5910034 584.5670166
vn -0.2588267 -0.9659238 0.0000000
v 609.5980225 336.5910034 563.0200195
vn 0.2588267 0.9659238 0.0000000
v 609.5980225 336.5910034 584.5670166
vn 0.2588267 0.9659238 0.0000000
v 609.5980225 336.5910034 563.0200195
vn -0.2588246 0.9659243 0.0000000
v 609.5980225 450.5169983 563.0200195
vn -0.2588246 0.9659244 0.0000000
v 609.5980225 450.5169983 584.5670166
vn 0.2588246 -0.9659244 0.0000000
v 609.5980225 450.5169983 584.5670166
vn 0.2588246 -0.9659243 0.0000000
v 609.5980225 450.5169983 563.0200195
vn -0.1882373 0.3260417 0.9264252
v 589.3330078 455.0899963 558.9060059
vn -0.1611372 0.2791177 0.9466404
v 595.3750000 444.6250000 563.0200195
vn 0.1611372 -0.2791177 -0.9466404
v 595.3750000 444.6250000 563.0200195
vn 0.1882373 -0.3260417 -0.9264252
v 589.3330078 455.0899963 558.9060059
vn -0.3348403 0.3348354 0.8807766
v 566.4340210 451.9800110 553.5209961
vn 0.3348403 -0.3348354 -0.8807766
v 566.4340210 451.9800110 553.5209961
vn -0.4894002 0.2825570 0.8250145
v 543.8400269 440.3309937 546.9240112
vn 0.4894002 -0.2825570 -0.8250145
v 543.8400269 440.3309937 546.9240112
vn -0.6279859 0.1682650 0.7598162
v 524.6840210 420.3959961 539.1929932
vn 0.6279858 -0.1682650 -0.7598162
v 524.6840210 420.3959961 539.1929932
vn -0.7028834 -0.1883462 0.6859160
v 515.7310181 364.3120117 530.4169922
vn -0.7276757 0.0000015 0.6859214
v 511.8810120 393.5539856 530.4169922
vn 0.7028834 0.1883462 -0.6859160
v 515.7310181 364.3120117 530.4169922
vn 0.7276757 -0.0000015 -0.6859214
v 511.8810120 393.5539856 530.4169922
vn -0.5630481 -0.3250671 0.7598081
v 535.0440063 341.6979980 539.1929932
vn 0.5630481 0.3250671 -0.7598081
v 535.0440063 341.6979980 539.1929932
vn -0.3995970 -0.3996010 0.8250099
v 558.7080078 327.4010010 546.9240112
vn 0.3995970 0.3996010 -0.8250099
v 558.7080078 327.4010010 546.9240112
vn -0.2367612 -0.4100889 0.8807788
v 583.5469971 321.9960022 553.5209961
vn 0.2367612 0.4100889 -0.8807788
v 583.5469971 321.9960022 553.5209961
vn -0.0974457 -0.3636529 0.9264237
v 606.4699707 324.9190063 558.9060059
vn -0.0834115 -0.3113119 0.9466401
v 609.5980225 336.5910034 563.0200195
vn 0.0834116 0.3113119 -0.9466401
v 609.5980225 336.5910034 563.0200195
vn 0.0974457 0.3636529 -0.9264237
v 606.4699707 324.9190063 558.9060059
vn 0.0000000 -1.0000000 0.0000000
v 624.8610229 334.5809937 584.5670166
vn -0.0000000 -1.0000000 0.0000000
v 624.8610229 334.5809937 563.0200195
vn -0.0000000 1.0000000 0.0000000
v 624.8610229 334.5809937 584.5670166
vn 0.0000000 1.0000000 0.0000000
v 624.8610229 334.5809937 563.0200195
vn 0.0000000 1.0000000 0.0000000
v 624.8610229 452.5260010 563.0200195
vn -0.0000000 1.0000000 0.0000000
v 624.8610229 452.5260010 584.5670166
vn 0.0000000 -1.0000000 0.0000000
v 624.8610229 452.5260010 584.5670166
vn -0.0000000 -1.0000000 0.0000000
v 624.8610229 452.5260010 563.0200195
vn -0.0974352 0.3636479 0.9264268
v 606.4699707 462.1879883 558.9060059
vn -0.0834219 0.3113275 0.9466341
v 609.5980225 450.5169983 563.0200195
vn 0.0834219 -0.3113275 -0.9466341
v 609.5980225 450.5169983 563.0200195
vn 0.0974352 -0.3636479 -0.9264268
v 606.4699707 462.1879883 558.9060059
vn -0.2367662 0.4100831 0.8807801
v 583.5469971 465.1109924 553.5209961
vn 0.2367662 -0.4100831 -0.8807802
v 583.5469971 465.1109924 553.5209961
vn -0.3995927 0.3995958 0.8250145
v 558.7080078 459.7070007 546.9240112
vn 0.3995927 -0.3995958 -0.8250145
v 558.7080078 459.7070007 546.9240112
vn -0.5630434 0.3250621 0.7598137
v 535.0440063 445.4089966 539.1929932
vn 0.5630434 -0.3250621 -0.7598137
v 535.0440063 445.4089966 539.1929932
vn -0.7028841 0.1883433 0.6859161
v 515.7310181 422.7950134 530.4169922
vn 0.7028841 -0.1883433 -0.6859161
v 515.7310181 422.7950134 530.4169922
vn -0.7968668 0.0000016 0.6041552
v 503.6080017 393.5539856 520.6970215
vn -0.7697018 -0.2062413 0.6041719
v 507.7399902 362.1709900 520.6970215
vn 0.7968668 -0.0000016 -0.6041551
v 503.6080017 393.5539856 520.6970215
vn 0.7697018 0.2062413 -0.6041719
v 507.7399902 362.1709900 520.6970215
vn -0.6301983 -0.3638370 0.6859101
v 527.0180054 337.0639954 530.4169922
vn 0.6301983 0.3638370 -0.6859102
v 527.0180054 337.0639954 530.4169922
vn -0.4597030 -0.4597125 0.7598273
v 551.5260010 320.2189941 539.1929932
vn 0.4597030 0.4597124 -0.7598274
v 551.5260010 320.2189941 539.1929932
vn -0.2825571 -0.4894005 0.8250144
v 578.0839844 312.5329895 546.9240112
vn 0.2825571 0.4894005 -0.8250144
v 578.0839844 312.5329895 546.9240112
vn -0.1225611 -0.4573947 0.8807774
v 603.4749756 313.7420044 553.5209961
vn 0.1225611 0.4573947 -0.8807774
v 603.4749756 313.7420044 553.5209961
vn 0.0000018 -0.3764798 0.9264249
v 624.8610229 322.4979858 558.9060059
vn -0.0000047 -0.3223059 0.9466356
v 624.8610229 334.5809937 563.0200195
vn 0.0000047 0.3223058 -0.9466356
v 624.8610229 334.5809937 563.0200195
vn -0.0000018 0.3764798 -0.9264249
v 624.8610229 322.4979858 558.9060059
vn 0.2588274 -0.9659236 0.0000000
v 640.1240234 336.5910034 584.5670166
vn 0.2588274 -0.9659236 0.0000000
v 640.1240234 336.5910034 563.0200195
vn -0.2588274 0.9659236 0.0000000
v 640.1240234 336.5910034 584.5670166
vn -0.2588274 0.9659236 0.0000000
v 640.1240234 336.5910034 563.0200195
vn 0.2588253 0.9659241 0.0000000
v 640.1240234 450.5169983 563.0200195
vn 0.2588253 0.9659241 0.0000000
v 640.1240234 450.5169983 584.5670166
vn -0.2588253 -0.9659241 0.0000000
v 640.1240234 450.5169983 584.5670166
vn -0.2588253 -0.9659241 0.0000000
v 640.1240234 450.5169983 563.0200195
vn -0.0000005 0.3764803 0.9264247
v 624.8610229 464.6090088 558.9060059
vn 0.0000000 0.3223094 0.9466344
v 624.8610229 452.5260010 563.0200195
vn 0.0000000 -0.3223094 -0.9466344
v 624.8610229 452.5260010 563.0200195
vn 0.0000005 -0.3764803 -0.9264247
v 624.8610229 464.6090088 558.9060059
vn -0.1225573 0.4573848 0.8807831
v 603.4749756 473.3659973 553.5209961
vn 0.1225572 -0.4573848 -0.8807831
v 603.4749756 473.3659973 553.5209961
vn -0.2825577 0.4894057 0.8250111
v 578.0839844 474.5750122 546.9240112
vn 0.2825577 -0.4894056 -0.8250111
v 578.0839844 474.5750122 546.9240112
vn -0.4597142 0.4597172 0.7598177
v 551.5260010 466.8890076 539.1929932
vn 0.4597141 -0.4597172 -0.7598177
v 551.5260010 466.8890076 539.1929932
vn -0.6301951 0.3638435 0.6859096
v 527.0180054 450.0440063 530.4169922
vn 0.6301951 -0.3638435 -0.6859097
v 527.0180054 450.0440063 530.4169922
vn -0.7697027 0.2062413 0.6041708
v 507.7399902 424.9360046 520.6970215
vn 0.7697027 -0.2062413 -0.6041708
v 507.7399902 424.9360046 520.6970215
vn -0.8568749 0.0000016 0.5155244
v 496.4259949 393.5539856 510.1459961
vn -0.8276753 -0.2217735 0.5155290
v 500.8020020 360.3120117 510.1459961
vn 0.8568749 -0.0000016 -0.5155244
v 496.4259949 393.5539856 510.1459961
vn 0.8276753 0.2217735 -0.5155290
v 500.8020020 360.3120117 510.1459961
vn -0.6900941 -0.3984256 0.6041749
v 519.8530273 332.9270020 520.6970215
vn 0.6900941 0.3984256 -0.6041749
v 519.8530273 332.9270020 520.6970215
vn -0.5145448 -0.5145504 0.6859165
v 544.9719849 313.6650085 530.4169922
vn 0.5145448 0.5145504 -0.6859167
v 544.9719849 313.6650085 530.4169922
vn -0.3250774 -0.5630359 0.7598127
v 573.0050049 303.7369995 539.1929932
vn 0.3250774 0.5630360 -0.7598127
v 573.0050049 303.7369995 539.1929932
vn -0.1462593 -0.5458467 0.8250210
v 600.6469727 303.1870117 546.9240112
vn 0.1462593 0.5458467 -0.8250210
v 600.6469727 303.1870117 546.9240112
vn 0.0000003 -0.4735299 0.8807778
v 624.8610229 310.9259949 553.5209961
vn -0.0000003 0.4735299 -0.8807778
v 624.8610229 310.9259949 553.5209961
vn 0.0974405 -0.3636553 0.9264234
v 643.2509766 324.9190063 558.9060059
vn 0.0834203 -0.3113122 0.9466392
v 640.1240234 336.5910034 563.0200195
vn -0.0834203 0.3113122 -0.9466392
v 640.1240234 336.5910034 563.0200195
vn -0.0974405 0.3636553 -0.9264234
v 643.2509766 324.9190063 558.9060059
vn 0.4999883 -0.8660322 0.0000000
v 654.3469849 342.4819946 584.5670166
vn 0.4999883 -0.8660322 0.0000000
v 654.3469849 342.4819946 563.0200195
vn -0.4999883 0.8660322 0.0000000
v 654.3469849 342.4819946 584.5670166
vn -0.4999883 0.8660322 0.0000000
v 654.3469849 342.4819946 563.0200195
vn 0.4999920 0.8660301 0.0000000
v 654.3469849 444.6250000 563.0200195
vn 0.4999920 0.8660301 0.0000000
v 654.3469849 444.6250000 584.5670166
vn -0.4999920 -0.8660300 0.0000000
v 654.3469849 444.6250000 584.5670166
vn -0.4999920 -0.8660301 0.0000000
v 654.3469849 444.6250000 563.0200195
vn 0.0834270 0.3113325 0.9466320
v 640.1240234 450.5169983 563.0200195
vn 0.0974312 0.3636455 0.9264282
v 643.2509766 462.1879883 558.9060059
vn -0.0974312 -0.3636455 -0.9264282
v 643.2509766 462.1879883 558.9060059
vn -0.0834270 -0.3113325 -0.9466320
v 640.1240234 450.5169983 563.0200195
vn -0.0000006 0.4735083 0.8807894
v 624.8610229 476.1809998 553.5209961
vn 0.0000006 -0.4735083 -0.8807894
v 624.8610229 476.1809998 553.5209961
vn -0.1462664 0.5458632 0.8250088
v 600.6469727 483.9209900 546.9240112
vn 0.1462664 -0.5458632 -0.8250088
v 600.6469727 483.9209900 546.9240112
vn -0.3250699 0.5630328 0.7598181
v 573.0050049 483.3699951 539.1929932
vn 0.3250699 -0.5630328 -0.7598181
v 573.0050049 483.3699951 539.1929932
vn -0.5145569 0.5145513 0.6859069
v 544.9719849 473.4419861 530.4169922
vn 0.5145569 -0.5145512 -0.6859068
v 544.9719849 473.4419861 530.4169922
vn -0.6901024 0.3984283 0.6041636
v 519.8530273 454.1799927 520.6970215
vn 0.6901024 -0.3984283 -0.6041636
v 519.8530273 454.1799927 520.6970215
vn -0.8276749 0.2217752 0.5155289
v 500.8020020 426.7950134 510.1459961
vn 0.8276749 -0.2217752 -0.5155289
v 500.8020020 426.7950134 510.1459961
vn -0.9070649 0.0000017 0.4209910
v 490.4169922 393.5539856 498.8850098
vn -0.8761569 -0.2347663 0.4209915
v 494.9979858 358.7569885 498.8850098
vn 0.9070649 -0.0000017 -0.4209909
v 490.4169922 393.5539856 498.8850098
vn 0.8761569 0.2347663 -0.4209915
v 494.9979858 358.7569885 498.8850098
vn -0.7420769 -0.4284431 0.5155176
v 513.6329956 329.3359985 510.1459961
vn 0.7420769 0.4284431 -0.5155176
v 513.6329956 329.3359985 510.1459961
vn -0.5634629 -0.5634688 0.6041628
v 539.1220093 307.8150024 520.6970215
vn 0.5634629 0.5634688 -0.6041627
v 539.1220093 307.8150024 520.6970215
vn -0.3638470 -0.6302012 0.6859022
v 568.3709717 295.7109985 530.4169922
vn 0.3638470 0.6302012 -0.6859022
v 568.3709717 295.7109985 530.4169922
vn -0.1682753 -0.6279871 0.7598129
v 598.0180054 293.3760071 539.1929932
vn 0.1682753 0.6279871 -0.7598129
v 598.0180054 293.3760071 539.1929932
vn -0.0000011 -0.5651072 0.8250176
v 624.8610229 299.9989929 546.9240112
vn 0.0000011 0.5651072 -0.8250176
v 624.8610229 299.9989929 546.9240112
vn 0.1225601 -0.4573899 0.8807801
v 646.2470093 313.7420044 553.5209961
vn -0.1225601 0.4573899 -0.8807801
v 646.2470093 313.7420044 553.5209961
vn 0.1611504 -0.2791256 0.9466359
v 654.3469849 342.4819946 563.0200195
vn 0.1882381 -0.3260378 0.9264264
v 660.3889771 332.0180054 558.9060059
vn -0.1882381 0.3260378 -0.9264264
v 660.3889771 332.0180054 558.9060059
vn -0.1611504 0.2791256 -0.9466359
v 654.3469849 342.4819946 563.0200195
vn 0.7071068 -0.7071068 0.0000000
v 666.5609741 351.8540039 584.5670166
vn 0.7071068 -0.7071068 0.0000000
v 666.5609741 351.8540039 563.0200195
vn -0.7071068 0.7071068 0.0000000
v 666.5609741 351.8540039 584.5670166
vn -0.7071068 0.7071068 0.0000000
v 666.5609741 351.8540039 563.0200195
vn 0.7070885 0.7071251 0.0000000
v 666.5609741 435.2539978 563.0200195
vn 0.7070885 0.7071251 0.0000000
v 666.5609741 435.2539978 584.5670166
vn -0.7070885 -0.7071251 0.0000000
v 666.5609741 435.2539978 584.5670166
vn -0.7070885 -0.7071251 0.0000000
v 666.5609741 435.2539978 563.0200195
vn 0.1611362 0.2791205 0.9466398
v 654.3469849 444.6250000 563.0200195
vn 0.1882348 0.3260420 0.9264255
v 660.3889771 455.0899963 558.9060059
vn -0.1882348 -0.3260420 -0.9264255
v 660.3889771 455.0899963 558.9060059
vn -0.1611362 -0.2791205 -0.9466398
v 654.3469849 444.6250000 563.0200195
vn 0.1225580 0.4573829 0.8807840
v 646.2470093 473.3659973 553.5209961
vn -0.1225580 -0.4573829 -0.8807840
v 646.2470093 473.3659973 553.5209961
vn 0.0000001 0.5651165 0.8250111
v 624.8610229 487.1090088 546.9240112
vn -0.0000001 -0.5651165 -0.8250111
v 624.8610229 487.1090088 546.9240112
vn -0.1682712 0.6279863 0.7598145
v 598.0180054 493.7309875 539.1929932
vn 0.1682712 -0.6279863 -0.7598145
v 598.0180054 493.7309875 539.1929932
vn -0.3638441 0.6301900 0.6859141
v 568.3709717 491.3970032 530.4169922
vn 0.3638441 -0.6301900 -0.6859140
v 568.3709717 491.3970032 530.4169922
vn -0.5634702 0.5634613 0.6041628
v 539.1220093 479.2919922 520.6970215
vn 0.5634702 -0.5634613 -0.6041628
v 539.1220093 479.2919922 520.6970215
vn -0.7420719 0.4284347 0.5155318
v 513.6329956 457.7709961 510.1459961
vn 0.7420719 -0.4284347 -0.5155318
v 513.6329956 457.7709961 510.1459961
vn -0.8761540 0.2347598 0.4210012
v 494.9979858 428.3500061 498.8850098
vn 0.8761540 -0.2347598 -0.4210012
v 494.9979858 428.3500061 498.8850098
vn -0.9468569 0.0000006 0.3216552
v 485.6510010 393.5539856 487.0440063
vn -0.9145996 -0.2450678 0.3216355
v 490.3940125 357.5239868 487.0440063
vn 0.9468569 -0.0000006 -0.3216552
v 485.6510010 393.5539856 487.0440063
vn 0.9145996 0.2450678 -0.3216355
v 490.3940125 357.5239868 487.0440063
vn -0.7855465 -0.4535374 0.4209757
v 508.4289856 326.3320007 498.8850098
vn 0.7855465 0.4535374 -0.4209757
v 508.4289856 326.3320007 498.8850098
vn -0.6058989 -0.6059064 0.5155230
v 534.0440063 302.7359924 510.1459961
vn 0.6058990 0.6059064 -0.5155230
v 534.0440063 302.7359924 510.1459961
vn -0.3984199 -0.6900982 0.6041738
v 564.2349854 288.5459900 520.6970215
vn 0.3984200 0.6900983 -0.6041738
v 564.2349854 288.5459900 520.6970215
vn -0.1883446 -0.7029012 0.6858982
v 595.6199951 284.4240112 530.4169922
vn 0.1883445 0.7029011 -0.6858982
v 595.6199951 284.4240112 530.4169922
vn 0.0000019 -0.6501364 0.7598176
v 624.8610229 289.8420105 539.1929932
vn -0.0000019 0.6501363 -0.7598176
v 624.8610229 289.8420105 539.1929932
vn 0.1462648 -0.5458513 0.8250170
v 649.0750122 303.1870117 546.9240112
vn -0.1462647 0.5458512 -0.8250170
v 649.0750122 303.1870117 546.9240112
vn 0.2367666 -0.4100878 0.8807778
v 666.1749878 321.9960022 553.5209961
vn -0.2367666 0.4100878 -0.8807778
v 666.1749878 321.9960022 553.5209961
vn 0.2279066 -0.2279056 0.9466349
v 666.5609741 351.8540039 563.0200195
vn 0.2662148 -0.2662107 0.9264241
v 675.1049805 343.3099976 558.9060059
vn -0.2662148 0.2662107 -0.9264241
v 675.1049805 343.3099976 558.9060059
vn -0.2279066 0.2279056 -0.9466349
v 666.5609741 351.8540039 563.0200195
vn 0.8660324 -0.4999879 0.0000000
v 675.9329834 364.0679932 563.0200195
vn 0.8660324 -0.4999880 0.0000000
v 675.9329834 364.0679932 584.5670166
vn -0.8660324 0.4999880 0.0000000
v 675.9329834 364.0679932 584.5670166
vn -0.8660324 0.4999879 0.0000000
v 675.9329834 364.0679932 563.0200195
vn 0.8660325 0.4999876 0.0000000
v 675.9329834 423.0400085 584.5670166
vn 0.8660325 0.4999876 0.0000000
v 675.9329834 423.0400085 563.0200195
vn -0.8660325 -0.4999876 0.0000000
v 675.9329834 423.0400085 584.5670166
vn -0.8660326 -0.4999876 0.0000000
v 675.9329834 423.0400085 563.0200195
vn 0.2279012 0.2279048 0.9466364
v 666.5609741 435.2539978 563.0200195
vn 0.2662220 0.2662196 0.9264194
v 675.1049805 443.7980042 558.9060059
vn -0.2662220 -0.2662196 -0.9264194
v 675.1049805 443.7980042 558.9060059
vn -0.2279012 -0.2279048 -0.9466364
v 666.5609741 435.2539978 563.0200195
vn 0.2367714 0.4100820 0.8807792
v 666.1749878 465.1109924 553.5209961
vn -0.2367715 -0.4100820 -0.8807792
v 666.1749878 465.1109924 553.5209961
vn 0.1462705 0.5458671 0.8250055
v 649.0750122 483.9209900 546.9240112
vn -0.1462705 -0.5458672 -0.8250055
v 649.0750122 483.9209900 546.9240112
vn 0.0000012 0.6501532 0.7598032
v 624.8610229 497.2650146 539.1929932
vn -0.0000012 -0.6501532 -0.7598032
v 624.8610229 497.2650146 539.1929932
vn -0.1883280 0.7028880 0.6859162
v 595.6199951 502.6839905 530.4169922
vn 0.1883280 -0.7028880 -0.6859162
v 595.6199951 502.6839905 530.4169922
vn -0.3984260 0.6900928 0.6041760
v 564.2349854 498.5620117 520.6970215
vn 0.3984261 -0.6900928 -0.6041760
v 564.2349854 498.5620117 520.6970215
vn -0.6059048 0.6059011 0.5155223
v 534.0440063 484.3710022 510.1459961
vn 0.6059048 -0.6059011 -0.5155223
v 534.0440063 484.3710022 510.1459961
vn -0.7855384 0.4535381 0.4209900
v 508.4289856 460.7760010 498.8850098
vn 0.7855384 -0.4535381 -0.4209900
v 508.4289856 460.7760010 498.8850098
vn -0.9145970 0.2450680 0.3216427
v 490.3940125 429.5840149 487.0440063
vn 0.9145970 -0.2450680 -0.3216427
v 490.3940125 429.5840149 487.0440063
vn -0.9758040 -0.0000001 0.2186473
v 482.1830139 393.5539856 474.7600098
vn -0.9425526 -0.2525606 0.2186499
v 487.0450134 356.6260071 474.7600098
vn 0.9758040 0.0000001 -0.2186473
v 482.1830139 393.5539856 474.7600098
vn 0.9425526 0.2525606 -0.2186499
v 487.0450134 356.6260071 474.7600098
vn -0.8200023 -0.4734282 0.3216552
v 504.3020020 323.9490051 487.0440063
vn 0.8200023 0.4734282 -0.3216552
v 504.3020020 323.9490051 487.0440063
vn -0.6413931 -0.6413926 0.4209875
v 529.7949829 298.4869995 498.8850098
vn 0.6413930 0.6413926 -0.4209876
v 529.7949829 298.4869995 498.8850098
vn -0.4284381 -0.7420697 0.5155321
v 560.6430054 282.3259888 510.1459961
vn 0.4284381 0.7420697 -0.5155321
v 560.6430054 282.3259888 510.1459961
vn -0.2062482 -0.7696956 0.6041774
v 593.4780273 276.4330139 520.6970215
vn 0.2062483 0.7696956 -0.6041774
v 593.4780273 276.4330139 520.6970215
vn 0.0000012 -0.7276938 0.6859022
v 624.8610229 280.5740051 530.4169922
vn -0.0000012 0.7276938 -0.6859022
v 624.8610229 280.5740051 530.4169922
vn 0.1682680 -0.6279876 0.7598141
v 651.7030029 293.3760071 539.1929932
vn -0.1682680 0.6279876 -0.7598141
v 651.7030029 293.3760071 539.1929932
vn 0.2825570 -0.4894000 0.8250147
v 671.6380005 312.5329895 546.9240112
vn -0.2825570 0.4894000 -0.8250147
v 671.6380005 312.5329895 546.9240112
vn 0.3348409 -0.3348370 0.8807757
v 683.2869873 335.1270142 553.5209961
vn -0.3348409 0.3348370 -0.8807757
v 683.2869873 335.1270142 553.5209961
vn 0.2791298 -0.1611494 0.9466348
v 675.9329834 364.0679932 563.0200195
vn 0.3260497 -0.1882400 0.9264218
v 686.3969727 358.0260010 558.9060059
vn -0.3260497 0.1882400 -0.9264218
v 686.3969727 358.0260010 558.9060059
vn -0.2791298 0.1611494 -0.9466348
v 675.9329834 364.0679932 563.0200195
vn 0.9659318 -0.2587967 0.0000000
v 681.8239746 378.2909851 563.0200195
vn 0.9659318 -0.2587967 0.0000000
v 681.8239746 378.2909851 584.5670166
vn -0.9659318 0.2587967 0.0000000
v 681.8239746 378.2909851 584.5670166
vn -0.9659318 0.2587967 0.0000000
v 681.8239746 378.2909851 563.0200195
vn 0.9659320 0.2587964 0.0000000
v 681.8239746 408.8169861 584.5670166
vn 0.9659320 0.2587964 0.0000000
v 681.8239746 408.8169861 563.0200195
vn -0.9659320 -0.2587964 0.0000000
v 681.8239746 408.8169861 584.5670166
vn -0.9659320 -0.2587964 0.0000000
v 681.8239746 408.8169861 563.0200195
vn 0.2791299 0.1611493 0.9466348
v 675.9329834 423.0400085 563.0200195
vn 0.3260586 0.1882430 0.9264180
v 686.3969727 429.0820007 558.9060059
vn -0.3260586 -0.1882430 -0.9264180
v 686.3969727 429.0820007 558.9060059
vn -0.2791299 -0.1611493 -0.9466348
v 675.9329834 423.0400085 563.0200195
vn 0.3348397 0.3348326 0.8807778
v 683.2869873 451.9800110 553.5209961
vn -0.3348397 -0.3348326 -0.8807778
v 683.2869873 451.9800110 553.5209961
vn 0.2825576 0.4894050 0.8250114
v 671.6380005 474.5750122 546.9240112
vn -0.2825576 -0.4894051 -0.8250114
v 671.6380005 474.5750122 546.9240112
vn 0.1682645 0.6279860 0.7598162
v 651.7030029 493.7309875 539.1929932
vn -0.1682645 -0.6279861 -0.7598162
v 651.7030029 493.7309875 539.1929932
vn 0.0000018 0.7276894 0.6859069
v 624.8610229 506.5329895 530.4169922
vn -0.0000018 -0.7276894 -0.6859069
v 624.8610229 506.5329895 530.4169922
vn -0.2062367 0.7696984 0.6041778
v 593.4780273 510.6749878 520.6970215
vn 0.2062367 -0.7696984 -0.6041778
v 593.4780273 510.6749878 520.6970215
vn -0.4284468 0.7420675 0.5155282
v 560.6430054 504.7820129 510.1459961
vn 0.4284468 -0.7420675 -0.5155282
v 560.6430054 504.7820129 510.1459961
vn -0.6413929 0.6413928 0.4209875
v 529.7949829 488.6199951 498.8850098
vn 0.6413929 -0.6413928 -0.4209875
v 529.7949829 488.6199951 498.8850098
vn -0.8199983 0.4734352 0.3216552
v 504.3020020 463.1589966 487.0440063
vn 0.8199982 -0.4734352 -0.3216552
v 504.3020020 463.1589966 487.0440063
vn -0.9425526 0.2525606 0.2186499
v 487.0450134 430.4819946 474.7600098
vn 0.9425526 -0.2525606 -0.2186499
v 487.0450134 430.4819946 474.7600098
vn -0.9935778 -0.0000001 0.1131508
v 480.0530090 393.5539856 462.1749878
vn -0.9597216 -0.2571519 0.1131702
v 484.9869995 356.0750122 462.1749878
vn 0.9935778 0.0000001 -0.1131508
v 480.0530090 393.5539856 462.1749878
vn 0.9597216 0.2571519 -0.1131702
v 484.9869995 356.0750122 462.1749878
vn -0.8450735 -0.4878938 0.2186558
v 501.2980042 322.2149963 474.7600098
vn 0.8450736 0.4878938 -0.2186558
v 501.2980042 322.2149963 474.7600098
vn -0.6695288 -0.6695244 0.3216648
v 526.4249878 295.1170044 487.0440063
vn 0.6695288 0.6695244 -0.3216648
v 526.4249878 295.1170044 487.0440063
vn -0.4535305 -0.7855374 0.4210002
v 557.6389771 277.1220093 498.8850098
vn 0.4535304 0.7855374 -0.4210002
v 557.6389771 277.1220093 498.8850098
vn -0.2217764 -0.8276753 0.5155277
v 591.6190186 269.4949951 510.1459961
vn 0.2217764 0.8276753 -0.5155277
v 591.6190186 269.4949951 510.1459961
vn 0.0000054 -0.7968649 0.6041576
v 624.8610229 272.3009949 520.6970215
vn -0.0000054 0.7968649 -0.6041576
v 624.8610229 272.3009949 520.6970215
vn 0.1883478 -0.7029015 0.6858969
v 654.1019897 284.4240112 530.4169922
vn -0.1883478 0.7029015 -0.6858969
v 654.1019897 284.4240112 530.4169922
vn 0.3250747 -0.5630363 0.7598135
v 676.7169800 303.7369995 539.1929932
vn -0.3250747 0.5630363 -0.7598135
v 676.7169800 303.7369995 539.1929932
vn 0.3995897 -0.3995930 0.8250173
v 691.0139771 327.4010010 546.9240112
vn -0.3995897 0.3995930 -0.8250173
v 691.0139771 327.4010010 546.9240112
vn 0.4100739 -0.2367634 0.8807852
v 696.4180298 352.2399902 553.5209961
vn -0.4100739 0.2367634 -0.8807852
v 696.4180298 352.2399902 553.5209961
vn 0.3113317 -0.0834114 0.9466336
v 681.8239746 378.2909851 563.0200195
vn 0.3636507 -0.0974380 0.9264254
v 693.4949951 375.1629944 558.9060059
vn -0.3636508 0.0974380 -0.9264254
v 693.4949951 375.1629944 558.9060059
vn -0.3113317 0.0834114 -0.9466336
v 681.8239746 378.2909851 563.0200195
vn 1.0000000 0.0000000 0.0000000
v 683.8330078 393.5539856 563.0200195
vn 1.0000000 -0.0000000 0.0000000
v 683.8330078 393.5539856 584.5670166
vn -1.0000000 0.0000000 0.0000000
v 683.8330078 393.5539856 584.5670166
vn -1.0000000 -0.0000000 0.0000000
v 683.8330078 393.5539856 563.0200195
vn 0.3113359 0.0834124 0.9466321
v 681.8239746 408.8169861 563.0200195
vn 0.3636544 0.0974370 0.9264241
v 693.4949951 411.9440002 558.9060059
vn -0.3636544 -0.0974370 -0.9264241
v 693.4949951 411.9440002 558.9060059
vn -0.3113359 -0.0834124 -0.9466321
v 681.8239746 408.8169861 563.0200195
vn 0.4100799 0.2367612 0.8807830
v 696.4180298 434.8670044 553.5209961
vn -0.4100799 -0.2367612 -0.8807830
v 696.4180298 434.8670044 553.5209961
vn 0.3995854 0.3995877 0.8250219
v 691.0139771 459.7070007 546.9240112
vn -0.3995855 -0.3995878 -0.8250219
v 691.0139771 459.7070007 546.9240112
vn 0.3250673 0.5630332 0.7598190
v 676.7169800 483.3699951 539.1929932
vn -0.3250673 -0.5630332 -0.7598190
v 676.7169800 483.3699951 539.1929932
vn 0.1883292 0.7028891 0.6859148
v 654.1019897 502.6839905 530.4169922
vn -0.1883292 -0.7028891 -0.6859148
v 654.1019897 502.6839905 530.4169922
vn 0.0000036 0.7968464 0.6041820
v 624.8610229 514.8060303 520.6970215
vn -0.0000036 -0.7968464 -0.6041821
v 624.8610229 514.8060303 520.6970215
vn -0.2217747 0.8276743 0.5155299
v 591.6190186 517.6129761 510.1459961
vn 0.2217747 -0.8276743 -0.5155300
v 591.6190186 517.6129761 510.1459961
vn -0.4535410 0.7855463 0.4209722
v 557.6389771 509.9859924 498.8850098
vn 0.4535410 -0.7855463 -0.4209723
v 557.6389771 509.9859924 498.8850098
vn -0.6695238 0.6695313 0.3216608
v 526.4249878 491.9899902 487.0440063
vn 0.6695237 -0.6695314 -0.3216608
v 526.4249878 491.9899902 487.0440063
vn -0.8450695 0.4879008 0.2186558
v 501.2980042 464.8930054 474.7600098
vn 0.8450695 -0.4879008 -0.2186558
v 501.2980042 464.8930054 474.7600098
vn -0.9597216 0.2571559 0.1131605
v 484.9869995 431.0329895 462.1749878
vn 0.9597216 -0.2571559 -0.1131605
v 484.9869995 431.0329895 462.1749878
vn -0.9981928 0.0000003 0.0600926
v 479.2860107 393.5539856 449.4339905
vn -0.9641781 -0.2583540 0.0601153
v 484.2460022 355.8760071 449.4339905
vn 0.9981928 -0.0000003 -0.0600926
v 479.2860107 393.5539856 449.4339905
vn 0.9641781 0.2583540 -0.0601153
v 484.2460022 355.8760071 449.4339905
vn -0.8604643 -0.4967858 0.1131600
v 499.4540100 321.1499939 462.1749878
vn 0.8604643 0.4967858 -0.1131600
v 499.4540100 321.1499939 462.1749878
vn -0.6900012 -0.6899915 0.2186554
v 523.9719849 292.6650085 474.7600098
vn 0.6900011 0.6899915 -0.2186554
v 523.9719849 292.6650085 474.7600098
vn -0.4734248 -0.8200033 0.3216576
v 555.2559814 272.9939880 487.0440063
vn 0.4734248 0.8200033 -0.3216577
v 555.2559814 272.9939880 487.0440063
vn -0.2347637 -0.8761562 0.4209944
v 590.0640259 263.6910095 498.8850098
vn 0.2347637 0.8761563 -0.4209944
v 590.0640259 263.6910095 498.8850098
vn 0.0000033 -0.8568769 0.5155211
v 624.8610229 265.1189880 510.1459961
vn -0.0000033 0.8568769 -0.5155211
v 624.8610229 265.1189880 510.1459961
vn 0.2062410 -0.7697026 0.6041710
v 656.2429810 276.4330139 520.6970215
vn -0.2062410 0.7697026 -0.6041710
v 656.2429810 276.4330139 520.6970215
vn 0.3638459 -0.6302028 0.6859012
v 681.3510132 295.7109985 530.4169922
vn -0.3638460 0.6302029 -0.6859012
v 681.3510132 295.7109985 530.4169922
vn 0.4597094 -0.4597093 0.7598253
v 698.1959839 320.2189941 539.1929932
vn -0.4597093 0.4597094 -0.7598254
v 698.1959839 320.2189941 539.1929932
vn 0.4894049 -0.2825610 0.8250104
v 705.8820190 346.7760010 546.9240112
vn -0.4894049 0.2825610 -0.8250104
v 705.8820190 346.7760010 546.9240112
vn 0.4573837 -0.1225523 0.8807843
v 704.6729736 372.1679993 553.5209961
vn -0.4573837 0.1225523 -0.8807844
v 704.6729736 372.1679993 553.5209961
vn 0.3223123 0.0000008 0.9466335
v 683.8330078 393.5539856 563.0200195
vn 0.3764790 0.0000012 0.9264252
v 695.9160156 393.5539856 558.9060059
vn -0.3764790 -0.0000012 -0.9264252
v 695.9160156 393.5539856 558.9060059
vn -0.3223123 -0.0000008 -0.9466335
v 683.8330078 393.5539856 563.0200195
vn 0.4573796 0.1225525 0.8807865
v 704.6729736 414.9389954 553.5209961
vn -0.4573796 -0.1225525 -0.8807865
v 704.6729736 414.9389954 553.5209961
vn 0.4894056 0.2825574 0.8250112
v 705.8820190 440.3309937 546.9240112
vn -0.4894056 -0.2825574 -0.8250112
v 705.8820190 440.3309937 546.9240112
vn 0.4597205 0.4597141 0.7598159
v 698.1959839 466.8890076 539.1929932
vn -0.4597205 -0.4597141 -0.7598159
v 698.1959839 466.8890076 539.1929932
vn 0.3638440 0.6301901 0.6859139
v 681.3510132 491.3970032 530.4169922
vn -0.3638440 -0.6301901 -0.6859139
v 681.3510132 491.3970032 530.4169922
vn 0.2062318 0.7697046 0.6041715
v 656.2429810 510.6749878 520.6970215
vn -0.2062318 -0.7697047 -0.6041715
v 656.2429810 510.6749878 520.6970215
vn 0.0000035 0.8568636 0.5155434
v 624.8610229 521.9890137 510.1459961
vn -0.0000035 -0.8568635 -0.5155433
v 624.8610229 521.9890137 510.1459961
vn -0.2347733 0.8761683 0.4209639
v 590.0640259 523.4169922 498.8850098
vn 0.2347733 -0.8761683 -0.4209639
v 590.0640259 523.4169922 498.8850098
vn -0.4734363 0.8200067 0.3216321
v 555.2559814 514.1129761 487.0440063
vn 0.4734363 -0.8200067 -0.3216321
v 555.2559814 514.1129761 487.0440063
vn -0.6899950 0.6899964 0.2186594
v 523.9719849 494.4419861 474.7600098
vn 0.6899950 -0.6899964 -0.2186594
v 523.9719849 494.4419861 474.7600098
vn -0.8604608 0.4967964 0.1131403
v 499.4540100 465.9580078 462.1749878
vn 0.8604608 -0.4967963 -0.1131404
v 499.4540100 465.9580078 462.1749878
vn -0.9641805 0.2583498 0.0600949
v 484.2460022 431.2309875 449.4339905
vn 0.9641805 -0.2583499 -0.0600950
v 484.2460022 431.2309875 449.4339905
vn -1.0000000 0.0000017 0.0000000
v 479.2860107 393.5539856 449.4339905
vn -0.9659274 -0.2588134 0.0000000
v 484.2460022 355.8760071 409.5169983
vn -0.9659274 -0.2588134 0.0000000
v 484.2460022 355.8760071 449.4339905
vn -1.0000000 0.0000017 0.0000000
v 479.2860107 393.5539856 409.5169983
vn 1.0000000 -0.0000017 0.0000000
v 479.2860107 393.5539856 409.5169983
vn 1.0000000 -0.0000017 0.0000000
v 479.2860107 393.5539856 449.4339905
vn 0.9659274 0.2588134 0.0000000
v 484.2460022 355.8760071 409.5169983
vn 0.9659274 0.2588134 0.0000000
v 484.2460022 355.8760071 449.4339905
vn -0.8644602 -0.4990896 0.0601505
v 498.7890015 320.7659912 449.4339905
vn 0.8644602 0.4990896 -0.0601505
v 498.7890015 320.7659912 449.4339905
vn -0.7025680 -0.7025672 0.1131267
v 522.4660034 291.1589966 462.1749878
vn 0.7025680 0.7025672 -0.1131267
v 522.4660034 291.1589966 462.1749878
vn -0.4879023 -0.8450689 0.2186547
v 553.5219727 269.9909973 474.7600098
vn 0.4879023 0.8450690 -0.2186547
v 553.5219727 269.9909973 474.7600098
vn -0.2450576 -0.9145909 0.3216681
v 588.8309937 259.0870056 487.0440063
vn 0.2450576 0.9145909 -0.3216680
v 588.8309937 259.0870056 487.0440063
vn 0.0000011 -0.9070637 0.4209935
v 624.8610229 259.1099854 498.8850098
vn -0.0000011 0.9070637 -0.4209935
v 624.8610229 259.1099854 498.8850098
vn 0.2217668 -0.8276716 0.5155378
v 658.1019897 269.4949951 510.1459961
vn -0.2217668 0.8276716 -0.5155378
v 658.1019897 269.4949951 510.1459961
vn 0.3984132 -0.6901002 0.6041761
v 685.4869995 288.5459900 520.6970215
vn -0.3984132 0.6901001 -0.6041761
v 685.4869995 288.5459900 520.6970215
vn 0.5145456 -0.5145469 0.6859187
v 704.7500000 313.6650085 530.4169922
vn -0.5145456 0.5145469 -0.6859187
v 704.7500000 313.6650085 530.4169922
vn 0.5630421 -0.3250698 0.7598113
v 714.6770020 341.6979980 539.1929932
vn -0.5630421 0.3250698 -0.7598113
v 714.6770020 341.6979980 539.1929932
vn 0.5458640 -0.1462617 0.8250091
v 715.2280273 369.3399963 546.9240112
vn -0.5458640 0.1462617 -0.8250091
v 715.2280273 369.3399963 546.9240112
vn 0.4735126 0.0000008 0.8807871
v 707.4879761 393.5539856 553.5209961
vn -0.4735126 -0.0000008 -0.8807871
v 707.4879761 393.5539856 553.5209961
vn 0.5458630 0.1462682 0.8250086
v 715.2280273 417.7680054 546.9240112
vn -0.5458630 -0.1462682 -0.8250086
v 715.2280273 417.7680054 546.9240112
vn 0.5630374 0.3250649 0.7598169
v 714.6770020 445.4089966 539.1929932
vn -0.5630374 -0.3250649 -0.7598169
v 714.6770020 445.4089966 539.1929932
vn 0.5145578 0.5145477 0.6859089
v 704.7500000 473.4419861 530.4169922
vn -0.5145578 -0.5145477 -0.6859089
v 704.7500000 473.4419861 530.4169922
vn 0.3984263 0.6900955 0.6041728
v 685.4869995 498.5620117 520.6970215
vn -0.3984263 -0.6900955 -0.6041728
v 685.4869995 498.5620117 520.6970215
vn 0.2217669 0.8276715 0.5155380
v 658.1019897 517.6129761 510.1459961
vn -0.2217669 -0.8276715 -0.5155380
v 658.1019897 517.6129761 510.1459961
vn 0.0000046 0.9070659 0.4209888
v 624.8610229 527.9979858 498.8850098
vn -0.0000046 -0.9070659 -0.4209888
v 624.8610229 527.9979858 498.8850098
vn -0.2450683 0.9145980 0.3216397
v 588.8309937 528.0200195 487.0440063
vn 0.2450683 -0.9145980 -0.3216397
v 588.8309937 528.0200195 487.0440063
vn -0.4879012 0.8450699 0.2186536
v 553.5219727 517.1160278 474.7600098
vn 0.4879012 -0.8450699 -0.2186536
v 553.5219727 517.1160278 474.7600098
vn -0.7025680 0.7025640 0.1131467
v 522.4660034 495.9479980 462.1749878
vn 0.7025680 -0.7025639 -0.1131468
v 522.4660034 495.9479980 462.1749878
vn -0.8644622 0.4990897 0.0601211
v 498.7890015 466.3410034 449.4339905
vn 0.8644622 -0.4990897 -0.0601212
v 498.7890015 466.3410034 449.4339905
vn -0.9659269 0.2588150 0.0000000
v 484.2460022 431.2309875 449.4339905
vn -0.9659269 0.2588150 0.0000000
v 484.2460022 431.2309875 409.5169983
vn 0.9659269 -0.2588150 0.0000000
v 484.2460022 431.2309875 409.5169983
vn 0.9659269 -0.2588150 0.0000000
v 484.2460022 431.2309875 449.4339905
vn -0.2486168 0.0000001 -0.9686019
v 483.6380005 393.5539856 408.9440002
vn -0.1260761 -0.0337830 -0.9914452
v 484.2460022 355.8760071 409.5169983
vn -0.1305369 0.0000002 -0.9914435
v 479.2860107 393.5539856 409.5169983
vn -0.2401388 -0.0643428 -0.9686038
v 488.4500122 357.0029907 408.9440002
vn 0.2401388 0.0643429 0.9686038
v 488.4500122 357.0029907 408.9440002
vn 0.2486168 -0.0000001 0.9686019
v 483.6380005 393.5539856 408.9440002
vn 0.1260761 0.0337830 0.9914452
v 484.2460022 355.8760071 409.5169983
vn 0.1305369 -0.0000002 0.9914435
v 479.2860107 393.5539856 409.5169983
vn -0.8660211 -0.5000075 0.0000000
v 498.7890015 320.7659912 409.5169983
vn -0.8660211 -0.5000075 0.0000000
v 498.7890015 320.7659912 449.4339905
vn 0.8660211 0.5000075 0.0000000
v 498.7890015 320.7659912 409.5169983
vn 0.8660211 0.5000075 0.0000000
v 498.7890015 320.7659912 449.4339905
vn -0.7058261 -0.7058349 0.0600559
v 521.9240112 290.6170044 449.4339905
vn 0.7058261 0.7058349 -0.0600559
v 521.9240112 290.6170044 449.4339905
vn -0.4967898 -0.8604628 0.1131537
v 552.4569702 268.1459961 462.1749878
vn 0.4967898 0.8604628 -0.1131537
v 552.4569702 268.1459961 462.1749878
vn -0.2525523 -0.9425554 0.2186475
v 587.9329834 255.7369995 474.7600098
vn 0.2525523 0.9425554 -0.2186475
v 587.9329834 255.7369995 474.7600098
vn 0.0000029 -0.9468572 0.3216545
v 624.8610229 254.3439941 487.0440063
vn -0.0000029 0.9468572 -0.3216546
v 624.8610229 254.3439941 487.0440063
vn 0.2347668 -0.8761538 0.4209979
v 659.6580200 263.6910095 498.8850098
vn -0.2347668 0.8761538 -0.4209979
v 659.6580200 263.6910095 498.8850098
vn 0.4284354 -0.7420732 0.5155295
v 689.0789795 282.3259888 510.1459961
vn -0.4284353 0.7420732 -0.5155294
v 689.0789795 282.3259888 510.1459961
vn 0.5634640 -0.5634656 0.6041647
v 710.5999756 307.8150024 520.6970215
vn -0.5634640 0.5634655 -0.6041646
v 710.5999756 307.8150024 520.6970215
vn 0.6301854 -0.3638331 0.6859241
v 722.7039795 337.0639954 530.4169922
vn -0.6301854 0.3638331 -0.6859241
v 722.7039795 337.0639954 530.4169922
vn 0.6279786 -0.1682725 0.7598206
v 725.0380249 366.7109985 539.1929932
vn -0.6279785 0.1682725 -0.7598206
v 725.0380249 366.7109985 539.1929932
vn 0.5651121 0.0000006 0.8250142
v 718.4160156 393.5539856 546.9240112
vn -0.5651121 -0.0000006 -0.8250142
v 718.4160156 393.5539856 546.9240112
vn 0.6279819 0.1682709 0.7598182
v 725.0380249 420.3959961 539.1929932
vn -0.6279818 -0.1682709 -0.7598182
v 725.0380249 420.3959961 539.1929932
vn 0.6301823 0.3638396 0.6859235
v 722.7039795 450.0440063 530.4169922
vn -0.6301822 -0.3638397 -0.6859236
v 722.7039795 450.0440063 530.4169922
vn 0.5634689 0.5634645 0.6041611
v 710.5999756 479.2919922 520.6970215
vn -0.5634689 -0.5634645 -0.6041611
v 710.5999756 479.2919922 520.6970215
vn 0.4284424 0.7420673 0.5155320
v 689.0789795 504.7820129 510.1459961
vn -0.4284424 -0.7420673 -0.5155320
v 689.0789795 504.7820129 510.1459961
vn 0.2347695 0.8761664 0.4209700
v 659.6580200 523.4169922 498.8850098
vn -0.2347695 -0.8761664 -0.4209700
v 659.6580200 523.4169922 498.8850098
vn 0.0000020 0.9468580 0.3216517
v 624.8610229 532.7639771 487.0440063
vn -0.0000020 -0.9468580 -0.3216517
v 624.8610229 532.7639771 487.0440063
vn -0.2525676 0.9425521 0.2186435
v 587.9329834 531.3699951 474.7600098
vn 0.2525677 -0.9425521 -0.2186436
v 587.9329834 531.3699951 474.7600098
vn -0.4967830 0.8604661 0.1131582
v 552.4569702 518.9609985 462.1749878
vn 0.4967829 -0.8604661 -0.1131582
v 552.4569702 518.9609985 462.1749878
vn -0.7058234 0.7058333 0.0601065
v 521.9240112 496.4909973 449.4339905
vn 0.7058233 -0.7058333 -0.0601066
v 521.9240112 496.4909973 449.4339905
vn -0.8660251 0.5000005 0.0000000
v 498.7890015 466.3410034 449.4339905
vn -0.8660251 0.5000005 0.0000000
v 498.7890015 466.3410034 409.5169983
vn 0.8660251 -0.5000005 0.0000000
v 498.7890015 466.3410034 409.5169983
vn 0.8660251 -0.5000005 0.0000000
v 498.7890015 466.3410034 449.4339905
vn -0.1260839 0.0337829 -0.9914442
v 484.2460022 431.2309875 409.5169983
vn -0.2401311 0.0643466 -0.9686055
v 488.4500122 430.1050110 408.9440002
vn 0.2401311 -0.0643466 0.9686055
v 488.4500122 430.1050110 408.9440002
vn 0.1260840 -0.0337829 0.9914442
v 484.2460022 431.2309875 409.5169983
vn -0.4917836 0.0000005 -0.8707175
v 487.6940002 393.5539856 407.2640076
vn -0.4750355 -0.1272929 -0.8707111
v 492.3680115 358.0520020 407.2640076
vn 0.4750354 0.1272929 0.8707111
v 492.3680115 358.0520020 407.2640076
vn 0.4917835 -0.0000005 0.8707175
v 487.6940002 393.5539856 407.2640076
vn -0.1130251 -0.0652557 -0.9914470
v 498.7890015 320.7659912 409.5169983
vn -0.2153111 -0.1243138 -0.9686007
v 502.5589905 322.9419861 408.9440002
vn 0.2153111 0.1243138 0.9686007
v 502.5589905 322.9419861 408.9440002
vn 0.1130251 0.0652557 0.9914470
v 498.7890015 320.7659912 409.5169983
vn -0.7071068 -0.7071068 0.0000000
v 521.9240112 290.6170044 409.5169983
vn -0.7071068 -0.7071068 0.0000000
v 521.9240112 290.6170044 449.4339905
vn 0.7071067 0.7071068 0.0000000
v 521.9240112 290.6170044 409.5169983
vn 0.7071068 0.7071068 0.0000000
v 521.9240112 290.6170044 449.4339905
vn -0.4991035 -0.8644560 0.0600958
v 552.0729980 267.4819946 449.4339905
vn 0.4991035 0.8644560 -0.0600958
v 552.0729980 267.4819946 449.4339905
vn -0.2571470 -0.9597266 0.1131387
v 587.3820190 253.6799927 462.1749878
vn 0.2571470 0.9597266 -0.1131387
v 587.3820190 253.6799927 462.1749878
vn -0.0000013 -0.9758028 0.2186525
v 624.8610229 250.8760071 474.7600098
vn 0.0000013 0.9758028 -0.2186525
v 624.8610229 250.8760071 474.7600098
vn 0.2450525 -0.9145910 0.3216718
v 660.8909912 259.0870056 487.0440063
vn -0.2450525 0.9145909 -0.3216718
v 660.8909912 259.0870056 487.0440063
vn 0.4535262 -0.7855386 0.4210024
v 692.0830078 277.1220093 498.8850098
vn -0.4535262 0.7855386 -0.4210025
v 692.0830078 277.1220093 498.8850098
vn 0.6059008 -0.6059068 0.5155203
v 715.6779785 302.7359924 510.1459961
vn -0.6059008 0.6059068 -0.5155203
v 715.6779785 302.7359924 510.1459961
vn 0.6900941 -0.3984257 0.6041747
v 729.8690186 332.9270020 520.6970215
vn -0.6900941 0.3984257 -0.6041747
v 729.8690186 332.9270020 520.6970215
vn 0.7028843 -0.1883472 0.6859147
v 733.9910278 364.3120117 530.4169922
vn -0.7028843 0.1883471 -0.6859147
v 733.9910278 364.3120117 530.4169922
vn 0.6501323 0.0000015 0.7598211
v 728.5720215 393.5539856 539.1929932
vn -0.6501323 -0.0000015 -0.7598211
v 728.5720215 393.5539856 539.1929932
vn 0.7028856 0.1883436 0.6859144
v 733.9910278 422.7950134 530.4169922
vn -0.7028856 -0.1883436 -0.6859144
v 733.9910278 422.7950134 530.4169922
vn 0.6901024 0.3984284 0.6041635
v 729.8690186 454.1799927 520.6970215
vn -0.6901023 -0.3984284 -0.6041635
v 729.8690186 454.1799927 520.6970215
vn 0.6059030 0.6059005 0.5155251
v 715.6779785 484.3710022 510.1459961
vn -0.6059030 -0.6059006 -0.5155251
v 715.6779785 484.3710022 510.1459961
vn 0.4535386 0.7855467 0.4209741
v 692.0830078 509.9859924 498.8850098
vn -0.4535386 -0.7855467 -0.4209741
v 692.0830078 509.9859924 498.8850098
vn 0.2450684 0.9145982 0.3216390
v 660.8909912 528.0200195 487.0440063
vn -0.2450684 -0.9145982 -0.3216390
v 660.8909912 528.0200195 487.0440063
vn 0.0000016 0.9758027 0.2186533
v 624.8610229 536.2319946 474.7600098
vn -0.0000016 -0.9758027 -0.2186533
v 624.8610229 536.2319946 474.7600098
vn -0.2571630 0.9597219 0.1131419
v 587.3820190 533.4270020 462.1749878
vn 0.2571630 -0.9597219 -0.1131419
v 587.3820190 533.4270020 462.1749878
vn -0.4990999 0.8644582 0.0600944
v 552.0729980 519.6250000 449.4339905
vn 0.4990999 -0.8644582 -0.0600944
v 552.0729980 519.6250000 449.4339905
vn -0.7071050 0.7071085 0.0000000
v 521.9240112 496.4909973 449.4339905
vn -0.7071050 0.7071085 0.0000000
v 521.9240112 496.4909973 409.5169983
vn 0.7071050 -0.7071085 0.0000000
v 521.9240112 496.4909973 409.5169983
vn 0.7071050 -0.7071086 0.0000000
v 521.9240112 496.4909973 449.4339905
vn -0.1130257 0.0652556 -0.9914469
v 498.7890015 466.3410034 409.5169983
vn -0.2153106 0.1243134 -0.9686008
v 502.5589905 464.1650085 408.9440002
vn 0.2153107 -0.1243134 0.9686008
v 502.5589905 464.1650085 408.9440002
vn 0.1130257 -0.0652556 0.9914469
v 498.7890015 466.3410034 409.5169983
vn -0.4750417 0.1272867 -0.8707087
v 492.3680115 429.0549927 407.2640076
vn 0.4750416 -0.1272867 0.8707087
v 492.3680115 429.0549927 407.2640076
vn -0.7015973 0.0000001 -0.7125737
v 491.1770020 393.5539856 404.5910034
vn -0.6776946 -0.1815810 -0.7125717
v 495.7319946 358.9540100 404.5910034
vn 0.6776946 0.1815810 0.7125716
v 495.7319946 358.9540100 404.5910034
vn 0.7015973 -0.0000001 0.7125737
v 491.1770020 393.5539856 404.5910034
vn -0.4259154 -0.2459075 -0.8707041
v 506.0710144 324.9700012 407.2640076
vn 0.4259154 0.2459075 0.8707041
v 506.0710144 324.9700012 407.2640076
vn -0.0922995 -0.0922963 -0.9914445
v 521.9240112 290.6170044 409.5169983
vn -0.1757966 -0.1757989 -0.9686022
v 525.0020142 293.6940002 408.9440002
vn 0.1757966 0.1757989 0.9686022
v 525.0020142 293.6940002 408.9440002
vn 0.0922995 0.0922963 0.9914445
v 521.9240112 290.6170044 409.5169983
vn -0.5000077 -0.8660210 0.0000000
v 552.0729980 267.4819946 449.4339905
vn -0.5000076 -0.8660210 0.0000000
v 552.0729980 267.4819946 409.5169983
vn 0.5000077 0.8660210 0.0000000
v 552.0729980 267.4819946 449.4339905
vn 0.5000076 0.8660210 0.0000000
v 552.0729980 267.4819946 409.5169983
vn -0.2583504 -0.9641794 0.0601095
v 587.1829834 252.9389954 449.4339905
vn 0.2583503 0.9641794 -0.0601095
v 587.1829834 252.9389954 449.4339905
vn -0.0000012 -0.9935784 0.1131455
v 624.8610229 248.7460022 462.1749878
vn 0.0000012 0.9935784 -0.1131454
v 624.8610229 248.7460022 462.1749878
vn 0.2525549 -0.9425553 0.2186449
v 661.7890015 255.7369995 474.7600098
vn -0.2525549 0.9425553 -0.2186448
v 661.7890015 255.7369995 474.7600098
vn 0.4734272 -0.8200020 0.3216573
v 694.4660034 272.9939880 487.0440063
vn -0.4734272 0.8200020 -0.3216573
v 694.4660034 272.9939880 487.0440063
vn 0.6413934 -0.6413905 0.4209904
v 719.9270020 298.4869995 498.8850098
vn -0.6413933 0.6413905 -0.4209903
v 719.9270020 298.4869995 498.8850098
vn 0.7420771 -0.4284435 0.5155172
v 736.0889893 329.3359985 510.1459961
vn -0.7420771 0.4284434 -0.5155171
v 736.0889893 329.3359985 510.1459961
vn 0.7697024 -0.2062416 0.6041710
v 741.9819946 362.1709900 520.6970215
vn -0.7697025 0.2062416 -0.6041710
v 741.9819946 362.1709900 520.6970215
vn 0.7276765 0.0000023 0.6859205
v 737.8410034 393.5539856 530.4169922
vn -0.7276766 -0.0000023 -0.6859205
v 737.8410034 393.5539856 530.4169922
vn 0.7697005 0.2062444 0.6041725
v 741.9819946 424.9360046 520.6970215
vn -0.7697005 -0.2062444 -0.6041725
v 741.9819946 424.9360046 520.6970215
vn 0.7420721 0.4284350 0.5155313
v 736.0889893 457.7709961 510.1459961
vn -0.7420721 -0.4284351 -0.5155313
v 736.0889893 457.7709961 510.1459961
vn 0.6413949 0.6413908 0.4209875
v 719.9270020 488.6199951 498.8850098
vn -0.6413948 -0.6413908 -0.4209875
v 719.9270020 488.6199951 498.8850098
vn 0.4734346 0.8200095 0.3216273
v 694.4660034 514.1129761 487.0440063
vn -0.4734346 -0.8200095 -0.3216273
v 694.4660034 514.1129761 487.0440063
vn 0.2525646 0.9425522 0.2186471
v 661.7890015 531.3699951 474.7600098
vn -0.2525646 -0.9425522 -0.2186471
v 661.7890015 531.3699951 474.7600098
vn 0.0000012 0.9935783 0.1131466
v 624.8610229 538.3619995 462.1749878
vn -0.0000012 -0.9935783 -0.1131466
v 624.8610229 538.3619995 462.1749878
vn -0.2583574 0.9641775 0.0601102
v 587.1829834 534.1680298 449.4339905
vn 0.2583574 -0.9641775 -0.0601102
v 587.1829834 534.1680298 449.4339905
vn -0.4999988 0.8660261 0.0000000
v 552.0729980 519.6250000 409.5169983
vn -0.4999988 0.8660261 0.0000000
v 552.0729980 519.6250000 449.4339905
vn 0.4999988 -0.8660261 0.0000000
v 552.0729980 519.6250000 449.4339905
vn 0.4999988 -0.8660261 0.0000000
v 552.0729980 519.6250000 409.5169983
vn -0.0922832 0.0922839 -0.9914472
v 521.9240112 496.4909973 409.5169983
vn -0.1757900 0.1757916 -0.9686047
v 525.0020142 493.4129944 408.9440002
vn 0.1757900 -0.1757916 0.9686047
v 525.0020142 493.4129944 408.9440002
vn 0.0922832 -0.0922839 0.9914472
v 521.9240112 496.4909973 409.5169983
vn -0.4259421 0.2459179 -0.8706881
v 506.0710144 462.1369934 407.2640076
vn 0.4259422 -0.2459179 0.8706880
v 506.0710144 462.1369934 407.2640076
vn -0.6777049 0.1815930 -0.7125589
v 495.7319946 428.1539917 404.5910034
vn 0.6777049 -0.1815929 0.7125589
v 495.7319946 428.1539917 404.5910034
vn -0.8338258 -0.2234099 -0.5047997
v 498.3139954 359.6459961 401.1080017
vn -0.8632441 -0.0000015 -0.5047868
v 493.8500061 393.5539856 401.1080017
vn 0.8632441 0.0000015 0.5047868
v 493.8500061 393.5539856 401.1080017
vn 0.8338258 0.2234099 0.5047997
v 498.3139954 359.6459961 401.1080017
vn -0.6076149 -0.3508008 -0.7125609
v 509.0870056 326.7120056 404.5910034
vn 0.6076149 0.3508008 0.7125608
v 509.0870056 326.7120056 404.5910034
vn -0.3477612 -0.3477692 -0.8707002
v 527.8699951 296.5620117 407.2640076
vn 0.3477612 0.3477692 0.8707002
v 527.8699951 296.5620117 407.2640076
vn -0.0652622 -0.1130331 -0.9914456
v 552.0729980 267.4819946 409.5169983
vn -0.1242953 -0.2152904 -0.9686076
v 554.2500000 271.2510071 408.9440002
vn 0.1242953 0.2152904 0.9686077
v 554.2500000 271.2510071 408.9440002
vn 0.0652622 0.1130331 0.9914456
v 552.0729980 267.4819946 409.5169983
vn -0.2588134 -0.9659274 0.0000000
v 587.1829834 252.9389954 449.4339905
vn -0.2588134 -0.9659274 0.0000000
v 587.1829834 252.9389954 409.5169983
vn 0.2588134 0.9659274 0.0000000
v 587.1829834 252.9389954 449.4339905
vn 0.2588134 0.9659274 0.0000000
v 587.1829834 252.9389954 409.5169983
vn 0.0000021 -0.9981928 0.0600920
v 624.8610229 247.9790039 449.4339905
vn -0.0000021 0.9981928 -0.0600920
v 624.8610229 247.9790039 449.4339905
vn 0.2571511 -0.9597252 0.1131408
v 662.3400269 253.6799927 462.1749878
vn -0.2571511 0.9597252 -0.1131408
v 662.3400269 253.6799927 462.1749878
vn 0.4879061 -0.8450679 0.2186506
v 696.2000122 269.9909973 474.7600098
vn -0.4879061 0.8450679 -0.2186506
v 696.2000122 269.9909973 474.7600098
vn 0.6695350 -0.6695297 0.3216408
v 723.2969971 295.1170044 487.0440063
vn -0.6695350 0.6695299 -0.3216407
v 723.2969971 295.1170044 487.0440063
vn 0.7855465 -0.4535375 0.4209757
v 741.2930298 326.3320007 498.8850098
vn -0.7855465 0.4535375 -0.4209757
v 741.2930298 326.3320007 498.8850098
vn 0.8276755 -0.2217735 0.5155287
v 748.9199829 360.3120117 510.1459961
vn -0.8276755 0.2217735 -0.5155287
v 748.9199829 360.3120117 510.1459961
vn 0.7968650 -0.0000018 0.6041574
v 746.1140137 393.5539856 520.6970215
vn -0.7968650 0.0000018 -0.6041574
v 746.1140137 393.5539856 520.6970215
vn 0.8276764 0.2217775 0.5155255
v 748.9199829 426.7950134 510.1459961
vn -0.8276765 -0.2217775 -0.5155255
v 748.9199829 426.7950134 510.1459961
vn 0.7855384 0.4535382 0.4209900
v 741.2930298 460.7760010 498.8850098
vn -0.7855384 -0.4535382 -0.4209900
v 741.2930298 460.7760010 498.8850098
vn 0.6695304 0.6695350 0.3216395
v 723.2969971 491.9899902 487.0440063
vn -0.6695304 -0.6695350 -0.3216395
v 723.2969971 491.9899902 487.0440063
vn 0.4879060 0.8450661 0.2186577
v 696.2000122 517.1160278 474.7600098
vn -0.4879060 -0.8450661 -0.2186576
v 696.2000122 517.1160278 474.7600098
vn 0.2571625 0.9597225 0.1131382
v 662.3400269 533.4270020 462.1749878
vn -0.2571625 -0.9597225 -0.1131382
v 662.3400269 533.4270020 462.1749878
vn -0.0000020 0.9981927 0.0600945
v 624.8610229 539.1290283 449.4339905
vn 0.0000020 -0.9981927 -0.0600945
v 624.8610229 539.1290283 449.4339905
vn -0.2588264 0.9659239 0.0000000
v 587.1829834 534.1680298 409.5169983
vn -0.2588265 0.9659239 0.0000000
v 587.1829834 534.1680298 449.4339905
vn 0.2588265 -0.9659239 0.0000000
v 587.1829834 534.1680298 449.4339905
vn 0.2588264 -0.9659239 0.0000000
v 587.1829834 534.1680298 409.5169983
vn -0.0652621 0.1130330 -0.9914456
v 552.0729980 519.6250000 409.5169983
vn -0.1243140 0.2153166 -0.9685994
v 554.2500000 515.8560181 408.9440002
vn 0.1243140 -0.2153166 0.9685994
v 554.2500000 515.8560181 408.9440002
vn 0.0652621 -0.1130329 0.9914456
v 552.0729980 519.6250000 409.5169983
vn -0.3477639 0.3477708 -0.8706985
v 527.8699951 490.5450134 407.2640076
vn 0.3477639 -0.3477707 0.8706985
v 527.8699951 490.5450134 407.2640076
vn -0.6076080 0.3508074 -0.7125635
v 509.0870056 460.3959961 404.5910034
vn 0.6076080 -0.3508075 0.7125635
v 509.0870056 460.3959961 404.5910034
vn -0.8338107 0.2234191 -0.5048205
v 498.3139954 427.4620056 401.1080017
vn 0.8338107 -0.2234191 0.5048205
v 498.3139954 427.4620056 401.1080017
vn -0.9322994 -0.2498242 -0.2615448
v 499.9370117 360.0799866 397.0520020
vn -0.9651843 0.0000025 -0.2615711
v 495.5299988 393.5539856 397.0520020
vn 0.9651843 -0.0000025 0.2615710
v 495.5299988 393.5539856 397.0520020
vn 0.9322994 0.2498242 0.2615449
v 499.9370117 360.0799866 397.0520020
vn -0.7475935 -0.4316265 -0.5047797
v 511.4020081 328.0480042 401.1080017
vn 0.7475935 0.4316265 0.5047797
v 511.4020081 328.0480042 401.1080017
vn -0.4961315 -0.4961255 -0.7125399
v 530.3319702 299.0249939 404.5910034
vn 0.4961315 0.4961255 0.7125399
v 530.3319702 299.0249939 404.5910034
vn -0.2459002 -0.4259146 -0.8707065
v 556.2780151 274.7640076 407.2640076
vn 0.2459002 0.4259147 0.8707065
v 556.2780151 274.7640076 407.2640076
vn -0.0337823 -0.1260757 -0.9914452
v 587.1829834 252.9389954 409.5169983
vn -0.0643416 -0.2401296 -0.9686062
v 588.3099976 257.1430054 408.9440002
vn 0.0643416 0.2401295 0.9686062
v 588.3099976 257.1430054 408.9440002
vn 0.0337823 0.1260757 0.9914452
v 587.1829834 252.9389954 409.5169983
vn 0.0000001 -1.0000000 0.0000000
v 624.8610229 247.9790039 449.4339905
vn 0.0000001 -1.0000000 0.0000000
v 624.8610229 247.9790039 409.5169983
vn -0.0000001 1.0000000 0.0000000
v 624.8610229 247.9790039 449.4339905
vn -0.0000001 1.0000000 0.0000000
v 624.8610229 247.9790039 409.5169983
vn 0.2583458 -0.9641810 0.0601040
v 662.5390015 252.9389954 449.4339905
vn -0.2583458 0.9641810 -0.0601040
v 662.5390015 252.9389954 449.4339905
vn 0.4967904 -0.8604637 0.1131437
v 697.2650146 268.1459961 462.1749878
vn -0.4967904 0.8604637 -0.1131438
v 697.2650146 268.1459961 462.1749878
vn 0.6899968 -0.6899958 0.2186557
v 725.7490234 292.6650085 474.7600098
vn -0.6899968 0.6899958 -0.2186557
v 725.7490234 292.6650085 474.7600098
vn 0.8200020 -0.4734286 0.3216553
v 745.4199829 323.9490051 487.0440063
vn -0.8200021 0.4734286 -0.3216552
v 745.4199829 323.9490051 487.0440063
vn 0.8761565 -0.2347658 0.4209926
v 754.7239990 358.7569885 498.8850098
vn -0.8761565 0.2347658 -0.4209926
v 754.7239990 358.7569885 498.8850098
vn 0.8568774 -0.0000002 0.5155203
v 753.2960205 393.5539856 510.1459961
vn -0.8568774 0.0000002 -0.5155203
v 753.2960205 393.5539856 510.1459961
vn 0.8761522 0.2347604 0.4210047
v 754.7239990 428.3500061 498.8850098
vn -0.8761522 -0.2347604 -0.4210047
v 754.7239990 428.3500061 498.8850098
vn 0.8199980 0.4734356 0.3216552
v 745.4199829 463.1589966 487.0440063
vn -0.8199980 -0.4734356 -0.3216552
v 745.4199829 463.1589966 487.0440063
vn 0.6899914 0.6900008 0.2186565
v 725.7490234 494.4419861 474.7600098
vn -0.6899914 -0.6900008 -0.2186565
v 725.7490234 494.4419861 474.7600098
vn 0.4967867 0.8604664 0.1131394
v 697.2650146 518.9609985 462.1749878
vn -0.4967867 -0.8604664 -0.1131394
v 697.2650146 518.9609985 462.1749878
vn 0.2583677 0.9641747 0.0601106
v 662.5390015 534.1680298 449.4339905
vn -0.2583677 -0.9641747 -0.0601106
v 662.5390015 534.1680298 449.4339905
vn 0.0000001 1.0000000 0.0000000
v 624.8610229 539.1290283 409.5169983
vn 0.0000001 1.0000000 0.0000000
v 624.8610229 539.1290283 449.4339905
vn -0.0000001 -1.0000000 0.0000000
v 624.8610229 539.1290283 449.4339905
vn -0.0000001 -1.0000000 0.0000000
v 624.8610229 539.1290283 409.5169983
vn -0.0337835 0.1260745 -0.9914454
v 587.1829834 534.1680298 409.5169983
vn -0.0643528 0.2401647 -0.9685968
v 588.3099976 529.9639893 408.9440002
vn 0.0643528 -0.2401647 0.9685968
v 588.3099976 529.9639893 408.9440002
vn 0.0337835 -0.1260745 0.9914454
v 587.1829834 534.1680298 409.5169983
vn -0.2458918 0.4259041 -0.8707140
v 556.2780151 512.3439941 407.2640076
vn 0.2458918 -0.4259041 0.8707140
v 556.2780151 512.3439941 407.2640076
vn -0.4961627 0.4961530 -0.7124991
v 530.3319702 488.0820007 404.5910034
vn 0.4961627 -0.4961530 0.7124990
v 530.3319702 488.0820007 404.5910034
vn -0.7475799 0.4316040 -0.5048192
v 511.4020081 459.0589905 401.1080017
vn 0.7475799 -0.4316040 0.5048192
v 511.4020081 459.0589905 401.1080017
vn -0.9323036 0.2498060 -0.2615471
v 499.9370117 427.0270081 397.0520020
vn 0.9323036 -0.2498060 0.2615471
v 499.9370117 427.0270081 397.0520020
vn -0.9659296 -0.2588051 -0.0000156
v 500.4899902 360.2290039 392.7000122
vn -1.0000000 0.0000036 -0.0000131
v 496.1029968 393.5539856 392.7000122
vn 1.0000000 -0.0000036 0.0000131
v 496.1029968 393.5539856 392.7000122
vn 0.9659296 0.2588051 0.0000156
v 500.4899902 360.2290039 392.7000122
vn -0.8358706 -0.4825914 -0.2615836
v 512.8569946 328.8880005 397.0520020
vn 0.8358706 0.4825914 0.2615836
v 512.8569946 328.8880005 397.0520020
vn -0.6104078 -0.6104074 -0.5047823
v 532.2219849 300.9150085 401.1080017
vn 0.6104079 0.6104074 0.5047821
v 532.2219849 300.9150085 401.1080017
vn -0.3508171 -0.6076354 -0.7125353
v 558.0189819 277.7799988 404.5910034
vn 0.3508171 0.6076355 0.7125353
v 558.0189819 277.7799988 404.5910034
vn -0.1272853 -0.4750426 -0.8707083
v 589.3599854 261.0610046 407.2640076
vn 0.1272853 0.4750426 0.8707083
v 589.3599854 261.0610046 407.2640076
vn 0.0000000 -0.1305360 -0.9914436
v 624.8610229 247.9790039 409.5169983
vn 0.0000000 -0.2486164 -0.9686020
v 624.8610229 252.3309937 408.9440002
vn -0.0000000 0.2486164 0.9686020
v 624.8610229 252.3309937 408.9440002
vn -0.0000000 0.1305360 0.9914436
v 624.8610229 247.9790039 409.5169983
vn 0.2588183 -0.9659261 0.0000000
v 662.5390015 252.9389954 449.4339905
vn 0.2588183 -0.9659261 0.0000000
v 662.5390015 252.9389954 409.5169983
vn -0.2588183 0.9659261 0.0000000
v 662.5390015 252.9389954 449.4339905
vn -0.2588183 0.9659261 0.0000000
v 662.5390015 252.9389954 409.5169983
vn 0.4991008 -0.8644605 0.0600546
v 697.6480103 267.4819946 449.4339905
vn -0.4991008 0.8644604 -0.0600546
v 697.6480103 267.4819946 449.4339905
vn 0.7025692 -0.7025620 0.1131507
v 727.2559814 291.1589966 462.1749878
vn -0.7025692 0.7025620 -0.1131508
v 727.2559814 291.1589966 462.1749878
vn 0.8450708 -0.4878995 0.2186535
v 748.4240112 322.2149963 474.7600098
vn -0.8450708 0.4878995 -0.2186535
v 748.4240112 322.2149963 474.7600098
vn 0.9145994 -0.2450676 0.3216364
v 759.3280029 357.5239868 487.0440063
vn -0.9145994 0.2450676 -0.3216364
v 759.3280029 357.5239868 487.0440063
vn 0.9070640 0.0000002 0.4209928
v 759.3049927 393.5539856 498.8850098
vn -0.9070640 -0.0000002 -0.4209928
v 759.3049927 393.5539856 498.8850098
vn 0.9145989 0.2450661 0.3216389
v 759.3280029 429.5840149 487.0440063
vn -0.9145989 -0.2450661 -0.3216388
v 759.3280029 429.5840149 487.0440063
vn 0.8450668 0.4879065 0.2186535
v 748.4240112 464.8930054 474.7600098
vn -0.8450668 -0.4879065 -0.2186535
v 748.4240112 464.8930054 474.7600098
vn 0.7025685 0.7025592 0.1131731
v 727.2559814 495.9479980 462.1749878
vn -0.7025685 -0.7025592 -0.1131731
v 727.2559814 495.9479980 462.1749878
vn 0.4990853 0.8644690 0.0600607
v 697.6480103 519.6250000 449.4339905
vn -0.4990853 -0.8644690 -0.0600607
v 697.6480103 519.6250000 449.4339905
vn 0.2588313 0.9659226 0.0000000
v 662.5390015 534.1680298 409.5169983
vn 0.2588313 0.9659225 0.0000000
v 662.5390015 534.1680298 449.4339905
vn -0.2588313 -0.9659226 0.0000000
v 662.5390015 534.1680298 449.4339905
vn -0.2588313 -0.9659226 0.0000000
v 662.5390015 534.1680298 409.5169983
vn 0.0000009 0.1305070 -0.9914474
v 624.8610229 539.1290283 409.5169983
vn 0.0000023 0.2486014 -0.9686059
v 624.8610229 534.7760010 408.9440002
vn -0.0000023 -0.2486014 0.9686059
v 624.8610229 534.7760010 408.9440002
vn -0.0000009 -0.1305070 0.9914474
v 624.8610229 539.1290283 409.5169983
vn -0.1272745 0.4750274 -0.8707182
v 589.3599854 526.0469971 407.2640076
vn 0.1272745 -0.4750274 0.8707182
v 589.3599854 526.0469971 407.2640076
vn -0.3508250 0.6076389 -0.7125285
v 558.0189819 509.3269958 404.5910034
vn 0.3508250 -0.6076388 0.7125285
v 558.0189819 509.3269958 404.5910034
vn -0.6104267 0.6104331 -0.5047284
v 532.2219849 486.1929932 401.1080017
vn 0.6104267 -0.6104331 0.5047284
v 532.2219849 486.1929932 401.1080017
vn -0.8358847 0.4825924 -0.2615364
v 512.8569946 458.2189941 397.0520020
vn 0.8358847 -0.4825924 0.2615364
v 512.8569946 458.2189941 397.0520020
vn -0.9659253 0.2588213 -0.0000131
v 500.4899902 426.8789978 392.7000122
vn 0.9659252 -0.2588213 0.0000131
v 500.4899902 426.8789978 392.7000122
vn -0.9651892 0.0000010 0.2615526
v 495.5299988 393.5539856 388.3469849
vn -0.9323033 -0.2498251 0.2615302
v 499.9370117 360.0799866 388.3469849
vn 0.9651892 -0.0000010 -0.2615526
v 495.5299988 393.5539856 388.3469849
vn 0.9323033 0.2498251 -0.2615301
v 499.9370117 360.0799866 388.3469849
vn -0.8660334 -0.4999862 -0.0000156
v 513.3530273 329.1749878 392.7000122
vn 0.8660334 0.4999862 0.0000156
v 513.3530273 329.1749878 392.7000122
vn -0.6824916 -0.6824910 -0.2615555
v 533.4099731 302.1029968 397.0520020
vn 0.6824916 0.6824910 0.2615555
v 533.4099731 302.1029968 397.0520020
vn -0.4316264 -0.7475927 -0.5047810
v 559.3549805 280.0950012 401.1080017
vn 0.4316264 0.7475926 0.5047810
v 559.3549805 280.0950012 401.1080017
vn -0.1815922 -0.6777045 -0.7125595
v 590.2609863 264.4249878 404.5910034
vn 0.1815922 0.6777045 0.7125595
v 590.2609863 264.4249878 404.5910034
vn 0.0000000 -0.4917858 -0.8707163
v 624.8610229 256.3869934 407.2640076
vn -0.0000001 0.4917858 0.8707162
v 624.8610229 256.3869934 407.2640076
vn 0.0643416 -0.2401295 -0.9686062
v 661.4119873 257.1430054 408.9440002
vn 0.0337824 -0.1260761 -0.9914452
v 662.5390015 252.9389954 409.5169983
vn -0.0337824 0.1260761 0.9914452
v 662.5390015 252.9389954 409.5169983
vn -0.0643416 0.2401295 0.9686062
v 661.4119873 257.1430054 408.9440002
vn 0.5000051 -0.8660225 0.0000000
v 697.6480103 267.4819946 449.4339905
vn 0.5000051 -0.8660225 0.0000000
v 697.6480103 267.4819946 409.5169983
vn -0.5000051 0.8660225 0.0000000
v 697.6480103 267.4819946 449.4339905
vn -0.5000051 0.8660225 0.0000000
v 697.6480103 267.4819946 409.5169983
vn 0.7058252 -0.7058361 0.0600510
v 727.7979736 290.6170044 449.4339905
vn -0.7058252 0.7058361 -0.0600510
v 727.7979736 290.6170044 449.4339905
vn 0.8604620 -0.4967892 0.1131623
v 750.2680054 321.1499939 462.1749878
vn -0.8604620 0.4967892 -0.1131623
v 750.2680054 321.1499939 462.1749878
vn 0.9425527 -0.2525609 0.2186490
v 762.6770020 356.6260071 474.7600098
vn -0.9425527 0.2525610 -0.2186490
v 762.6770020 356.6260071 474.7600098
vn 0.9468580 0.0000027 0.3216517
v 764.0709839 393.5539856 487.0440063
vn -0.9468580 -0.0000027 -0.3216517
v 764.0709839 393.5539856 487.0440063
vn 0.9425519 0.2525596 0.2186541
v 762.6770020 430.4819946 474.7600098
vn -0.9425519 -0.2525596 -0.2186541
v 762.6770020 430.4819946 474.7600098
vn 0.8604584 0.4967998 0.1131427
v 750.2680054 465.9580078 462.1749878
vn -0.8604584 -0.4967999 -0.1131427
v 750.2680054 465.9580078 462.1749878
vn 0.7058240 0.7058333 0.0601001
v 727.7979736 496.4909973 449.4339905
vn -0.7058240 -0.7058333 -0.0601001
v 727.7979736 496.4909973 449.4339905
vn 0.4999963 0.8660275 0.0000000
v 697.6480103 519.6250000 409.5169983
vn 0.4999963 0.8660275 0.0000000
v 697.6480103 519.6250000 449.4339905
vn -0.4999963 -0.8660275 0.0000000
v 697.6480103 519.6250000 449.4339905
vn -0.4999963 -0.8660275 0.0000000
v 697.6480103 519.6250000 409.5169983
vn 0.0337827 0.1260745 -0.9914454
v 662.5390015 534.1680298 409.5169983
vn 0.0643504 0.2401644 -0.9685971
v 661.4119873 529.9639893 408.9440002
vn -0.0643504 -0.2401643 0.9685971
v 661.4119873 529.9639893 408.9440002
vn -0.0337827 -0.1260745 0.9914454
v 662.5390015 534.1680298 409.5169983
vn 0.0000003 0.4917860 -0.8707162
v 624.8610229 530.7199707 407.2640076
vn -0.0000003 -0.4917859 0.8707162
v 624.8610229 530.7199707 407.2640076
vn -0.1815951 0.6777138 -0.7125498
v 590.2609863 522.6820068 404.5910034
vn 0.1815952 -0.6777138 0.7125499
v 590.2609863 522.6820068 404.5910034
vn -0.4316407 0.7476325 -0.5047098
v 559.3549805 507.0130005 401.1080017
vn 0.4316407 -0.7476325 0.5047098
v 559.3549805 507.0130005 401.1080017
vn -0.6824811 0.6824729 -0.2616304
v 533.4099731 485.0050049 397.0520020
vn 0.6824811 -0.6824729 0.2616304
v 533.4099731 485.0050049 397.0520020
vn -0.8660204 0.5000087 -0.0000156
v 513.3530273 457.9330139 392.7000122
vn 0.8660204 -0.5000087 0.0000156
v 513.3530273 457.9330139 392.7000122
vn -0.9323081 0.2498088 0.2615288
v 499.9370117 427.0270081 388.3469849
vn 0.9323081 -0.2498088 -0.2615288
v 499.9370117 427.0270081 388.3469849
vn -0.8632425 0.0000007 0.5047895
v 493.8500061 393.5539856 384.2909851
vn -0.8338246 -0.2234096 0.5048016
v 498.3139954 359.6459961 384.2909851
vn 0.8632425 -0.0000007 -0.5047895
v 493.8500061 393.5539856 384.2909851
vn 0.8338247 0.2234096 -0.5048016
v 498.3139954 359.6459961 384.2909851
vn -0.8358740 -0.4825934 0.2615689
v 512.8569946 328.8880005 388.3469849
vn 0.8358740 0.4825934 -0.2615689
v 512.8569946 328.8880005 388.3469849
vn -0.7071049 -0.7071087 -0.0000172
v 533.8150024 302.5079956 392.7000122
vn 0.7071049 0.7071086 0.0000172
v 533.8150024 302.5079956 392.7000122
vn -0.4825956 -0.8358693 -0.2615799
v 560.1950073 281.5499878 397.0520020
vn 0.4825956 0.8358694 0.2615799
v 560.1950073 281.5499878 397.0520020
vn -0.2234313 -0.8338562 -0.5047398
v 590.9530029 267.0069885 401.1080017
vn 0.2234313 0.8338562 0.5047398
v 590.9530029 267.0069885 401.1080017
vn -0.0000004 -0.7015959 -0.7125750
v 624.8610229 259.8699951 404.5910034
vn 0.0000004 0.7015960 0.7125750
v 624.8610229 259.8699951 404.5910034
vn 0.1272853 -0.4750426 -0.8707083
v 660.3619995 261.0610046 407.2640076
vn -0.1272853 0.4750426 0.8707083
v 660.3619995 261.0610046 407.2640076
vn 0.1243005 -0.2152960 -0.9686058
v 695.4719849 271.2510071 408.9440002
vn 0.0652679 -0.1130456 -0.9914438
v 697.6480103 267.4819946 409.5169983
vn -0.0652679 0.1130456 0.9914438
v 697.6480103 267.4819946 409.5169983
vn -0.1243004 0.2152960 0.9686057
v 695.4719849 271.2510071 408.9440002
vn 0.7071013 -0.7071123 0.0000000
v 727.7979736 290.6170044 449.4339905
vn 0.7071013 -0.7071123 0.0000000
v 727.7979736 290.6170044 409.5169983
vn -0.7071013 0.7071124 0.0000000
v 727.7979736 290.6170044 449.4339905
vn -0.7071013 0.7071123 0.0000000
v 727.7979736 290.6170044 409.5169983
vn 0.8644600 -0.4990904 0.0601486
v 750.9329834 320.7659912 449.4339905
vn -0.8644599 0.4990903 -0.0601486
v 750.9329834 320.7659912 449.4339905
vn 0.9597216 -0.2571518 0.1131701
v 764.7349854 356.0750122 462.1749878
vn -0.9597216 0.2571518 -0.1131701
v 764.7349854 356.0750122 462.1749878
vn 0.9758027 0.0000010 0.2186533
v 767.5390015 393.5539856 474.7600098
vn -0.9758027 -0.0000010 -0.2186533
v 767.5390015 393.5539856 474.7600098
vn 0.9597210 0.2571590 0.1131589
v 764.7349854 431.0329895 462.1749878
vn -0.9597210 -0.2571590 -0.1131589
v 764.7349854 431.0329895 462.1749878
vn 0.8644620 0.4990904 0.0601193
v 750.9329834 466.3410034 449.4339905
vn -0.8644620 -0.4990904 -0.0601193
v 750.9329834 466.3410034 449.4339905
vn 0.7070996 0.7071140 0.0000000
v 727.7979736 496.4909973 409.5169983
vn 0.7070996 0.7071140 0.0000000
v 727.7979736 496.4909973 449.4339905
vn -0.7070996 -0.7071140 0.0000000
v 727.7979736 496.4909973 449.4339905
vn -0.7070996 -0.7071141 0.0000000
v 727.7979736 496.4909973 409.5169983
vn 0.1243192 0.2153222 -0.9685975
v 695.4719849 515.8560181 408.9440002
vn 0.0652678 0.1130455 -0.9914438
v 697.6480103 519.6250000 409.5169983
vn -0.0652678 -0.1130455 0.9914438
v 697.6480103 519.6250000 409.5169983
vn -0.1243192 -0.2153222 0.9685975
v 695.4719849 515.8560181 408.9440002
vn 0.1272751 0.4750300 -0.8707167
v 660.3619995 526.0469971 407.2640076
vn -0.1272751 -0.4750300 0.8707167
v 660.3619995 526.0469971 407.2640076
vn -0.0000023 0.7016578 -0.7125141
v 624.8610229 527.2369995 404.5910034
vn 0.0000023 -0.7016578 0.7125141
v 624.8610229 527.2369995 404.5910034
vn -0.2234268 0.8338580 -0.5047389
v 590.9530029 520.1010132 401.1080017
vn 0.2234268 -0.8338580 0.5047389
v 590.9530029 520.1010132 401.1080017
vn -0.4825926 0.8358702 -0.2615824
v 560.1950073 505.5580139 397.0520020
vn 0.4825926 -0.8358702 0.2615824
v 560.1950073 505.5580139 397.0520020
vn -0.7071246 0.7070889 -0.0000178
v 533.8150024 484.5989990 392.7000122
vn 0.7071247 -0.7070889 0.0000178
v 533.8150024 484.5989990 392.7000122
vn -0.8358881 0.4825944 0.2615218
v 512.8569946 458.2189941 388.3469849
vn 0.8358882 -0.4825944 -0.2615218
v 512.8569946 458.2189941 388.3469849
vn -0.8338097 0.2234165 0.5048232
v 498.3139954 427.4620056 384.2909851
vn 0.8338097 -0.2234165 -0.5048232
v 498.3139954 427.4620056 384.2909851
vn -0.7015286 0.0000006 0.7126414
v 491.1770020 393.5539856 380.8080139
vn -0.6776283 -0.1815633 0.7126392
v 495.7319946 358.9540100 380.8080139
vn 0.7015285 -0.0000006 -0.7126414
v 491.1770020 393.5539856 380.8080139
vn 0.6776285 0.1815633 -0.7126392
v 495.7319946 358.9540100 380.8080139
vn -0.7475925 -0.4316259 0.5047817
v 511.4020081 328.0480042 384.2909851
vn 0.7475925 0.4316259 -0.5047816
v 511.4020081 328.0480042 384.2909851
vn -0.6824926 -0.6824951 0.2615424
v 533.4099731 302.1029968 388.3469849
vn 0.6824925 0.6824951 -0.2615424
v 533.4099731 302.1029968 388.3469849
vn -0.4999923 -0.8660299 -0.0000192
v 560.4819946 282.0459900 392.7000122
vn 0.4999923 0.8660299 0.0000192
v 560.4819946 282.0459900 392.7000122
vn -0.2497988 -0.9323043 -0.2615515
v 591.3880005 268.6289978 397.0520020
vn 0.2497988 0.9323044 0.2615515
v 591.3880005 268.6289978 397.0520020
vn 0.0000037 -0.8632460 -0.5047835
v 624.8610229 262.5429993 401.1080017
vn -0.0000037 0.8632460 0.5047835
v 624.8610229 262.5429993 401.1080017
vn 0.1815937 -0.6777037 -0.7125598
v 659.4609985 264.4249878 404.5910034
vn -0.1815937 0.6777037 0.7125598
v 659.4609985 264.4249878 404.5910034
vn 0.2459002 -0.4259146 -0.8707065
v 693.4439697 274.7640076 407.2640076
vn -0.2459002 0.4259146 0.8707065
v 693.4439697 274.7640076 407.2640076
vn 0.1757964 -0.1757996 -0.9686022
v 724.7199707 293.6940002 408.9440002
vn 0.0922988 -0.0922970 -0.9914445
v 727.7979736 290.6170044 409.5169983
vn -0.0922988 0.0922970 0.9914445
v 727.7979736 290.6170044 409.5169983
vn -0.1757964 0.1757996 0.9686022
v 724.7199707 293.6940002 408.9440002
vn 0.8660209 -0.5000077 0.0000000
v 750.9329834 320.7659912 409.5169983
vn 0.8660209 -0.5000077 0.0000000
v 750.9329834 320.7659912 449.4339905
vn -0.8660209 0.5000077 0.0000000
v 750.9329834 320.7659912 449.4339905
vn -0.8660209 0.5000077 0.0000000
v 750.9329834 320.7659912 409.5169983
vn 0.9641781 -0.2583533 0.0601171
v 765.4760132 355.8760071 449.4339905
vn -0.9641781 0.2583533 -0.0601171
v 765.4760132 355.8760071 449.4339905
vn 0.9935782 -0.0000033 0.1131479
v 769.6690063 393.5539856 462.1749878
vn -0.9935782 0.0000033 -0.1131478
v 769.6690063 393.5539856 462.1749878
vn 0.9641803 0.2583505 0.0600958
v 765.4760132 431.2309875 449.4339905
vn -0.9641803 -0.2583505 -0.0600958
v 765.4760132 431.2309875 449.4339905
vn 0.8660250 0.5000008 0.0000000
v 750.9329834 466.3410034 449.4339905
vn 0.8660250 0.5000008 0.0000000
v 750.9329834 466.3410034 409.5169983
vn -0.8660250 -0.5000008 0.0000000
v 750.9329834 466.3410034 449.4339905
vn -0.8660250 -0.5000008 0.0000000
v 750.9329834 466.3410034 409.5169983
vn 0.1757898 0.1757923 -0.9686047
v 724.7199707 493.4129944 408.9440002
vn 0.0922825 0.0922846 -0.9914472
v 727.7979736 496.4909973 409.5169983
vn -0.0922825 -0.0922846 0.9914472
v 727.7979736 496.4909973 409.5169983
vn -0.1757898 -0.1757923 0.9686047
v 724.7199707 493.4129944 408.9440002
vn 0.2458918 0.4259041 -0.8707140
v 693.4439697 512.3439941 407.2640076
vn -0.2458918 -0.4259041 0.8707140
v 693.4439697 512.3439941 407.2640076
vn 0.1815962 0.6777126 -0.7125507
v 659.4609985 522.6820068 404.5910034
vn -0.1815962 -0.6777126 0.7125507
v 659.4609985 522.6820068 404.5910034
vn 0.0000022 0.8632921 -0.5047047
v 624.8610229 524.5650024 401.1080017
vn -0.0000022 -0.8632921 0.5047047
v 624.8610229 524.5650024 401.1080017
vn -0.2498009 0.9323047 -0.2615483
v 591.3880005 518.4780273 397.0520020
vn 0.2498009 -0.9323047 0.2615482
v 591.3880005 518.4780273 397.0520020
vn -0.4999925 0.8660297 -0.0000201
v 560.4819946 505.0620117 392.7000122
vn 0.4999925 -0.8660297 0.0000201
v 560.4819946 505.0620117 392.7000122
vn -0.6824813 0.6824775 0.2616177
v 533.4099731 485.0050049 388.3469849
vn 0.6824813 -0.6824775 -0.2616177
v 533.4099731 485.0050049 388.3469849
vn -0.7475789 0.4316034 0.5048211
v 511.4020081 459.0589905 384.2909851
vn 0.7475789 -0.4316034 -0.5048211
v 511.4020081 459.0589905 384.2909851
vn -0.6776386 0.1815747 0.7126266
v 495.7319946 428.1539917 380.8080139
vn 0.6776386 -0.1815747 -0.7126266
v 495.7319946 428.1539917 380.8080139
vn -0.4749662 -0.1272743 0.8707516
v 492.3680115 358.0520020 378.1359863
vn -0.4917118 0.0000005 0.8707580
v 487.6940002 393.5539856 378.1359863
vn 0.4749662 0.1272744 -0.8707516
v 492.3680115 358.0520020 378.1359863
vn 0.4917119 -0.0000005 -0.8707580
v 487.6940002 393.5539856 378.1359863
vn -0.6075555 -0.3507665 0.7126284
v 509.0870056 326.7120056 380.8080139
vn 0.6075556 0.3507665 -0.7126284
v 509.0870056 326.7120056 380.8080139
vn -0.6104074 -0.6104061 0.5047844
v 532.2219849 300.9150085 384.2909851
vn 0.6104074 0.6104060 -0.5047843
v 532.2219849 300.9150085 384.2909851
vn -0.4826002 -0.8358693 0.2615716
v 560.1950073 281.5499878 388.3469849
vn 0.4826002 0.8358693 -0.2615716
v 560.1950073 281.5499878 388.3469849
vn -0.2588218 -0.9659251 -0.0000152
v 591.5360107 269.1830139 392.7000122
vn 0.2588218 0.9659251 0.0000152
v 591.5360107 269.1830139 392.7000122
vn 0.0000016 -0.9651845 -0.2615703
v 624.8610229 264.2229919 397.0520020
vn -0.0000016 0.9651845 0.2615703
v 624.8610229 264.2229919 397.0520020
vn 0.2234255 -0.8338580 -0.5047395
v 658.7689819 267.0069885 401.1080017
vn -0.2234255 0.8338580 0.5047395
v 658.7689819 267.0069885 401.1080017
vn 0.3508155 -0.6076359 -0.7125357
v 691.7030029 277.7799988 404.5910034
vn -0.3508156 0.6076360 0.7125356
v 691.7030029 277.7799988 404.5910034
vn 0.3477617 -0.3477659 -0.8707013
v 721.8519897 296.5620117 407.2640076
vn -0.3477617 0.3477659 0.8707013
v 721.8519897 296.5620117 407.2640076
vn 0.2153124 -0.1243132 -0.9686005
v 747.1630249 322.9419861 408.9440002
vn 0.1130255 -0.0652544 -0.9914470
v 750.9329834 320.7659912 409.5169983
vn -0.1130255 0.0652544 0.9914470
v 750.9329834 320.7659912 409.5169983
vn -0.2153124 0.1243132 0.9686005
v 747.1630249 322.9419861 408.9440002
vn 0.9659274 -0.2588133 0.0000000
v 765.4760132 355.8760071 409.5169983
vn 0.9659274 -0.2588134 0.0000000
v 765.4760132 355.8760071 449.4339905
vn -0.9659274 0.2588134 0.0000000
v 765.4760132 355.8760071 449.4339905
vn -0.9659274 0.2588133 0.0000000
v 765.4760132 355.8760071 409.5169983
vn 0.9981930 -0.0000010 0.0600902
v 770.4359741 393.5539856 449.4339905
vn -0.9981930 0.0000010 -0.0600902
v 770.4359741 393.5539856 449.4339905
vn 0.9659269 0.2588150 0.0000000
v 765.4760132 431.2309875 449.4339905
vn 0.9659269 0.2588150 0.0000000
v 765.4760132 431.2309875 409.5169983
vn -0.9659269 -0.2588150 0.0000000
v 765.4760132 431.2309875 449.4339905
vn -0.9659269 -0.2588150 0.0000000
v 765.4760132 431.2309875 409.5169983
vn 0.2153120 0.1243129 -0.9686006
v 747.1630249 464.1650085 408.9440002
vn 0.1130261 0.0652543 -0.9914470
v 750.9329834 466.3410034 409.5169983
vn -0.1130261 -0.0652543 0.9914469
v 750.9329834 466.3410034 409.5169983
vn -0.2153120 -0.1243129 0.9686006
v 747.1630249 464.1650085 408.9440002
vn 0.3477644 0.3477674 -0.8706996
v 721.8519897 490.5450134 407.2640076
vn -0.3477644 -0.3477674 0.8706996
v 721.8519897 490.5450134 407.2640076
vn 0.3508266 0.6076383 -0.7125282
v 691.7030029 509.3269958 404.5910034
vn -0.3508266 -0.6076384 0.7125282
v 691.7030029 509.3269958 404.5910034
vn 0.2234222 0.8338589 -0.5047395
v 658.7689819 520.1010132 401.1080017
vn -0.2234222 -0.8338589 0.5047395
v 658.7689819 520.1010132 401.1080017
vn -0.0000012 0.9651844 -0.2615706
v 624.8610229 522.8850098 397.0520020
vn 0.0000012 -0.9651844 0.2615706
v 624.8610229 522.8850098 397.0520020
vn -0.2588176 0.9659262 -0.0000157
v 591.5360107 517.9249878 392.7000122
vn 0.2588175 -0.9659262 0.0000157
v 591.5360107 517.9249878 392.7000122
vn -0.4825950 0.8358718 0.2615730
v 560.1950073 505.5580139 388.3469849
vn 0.4825950 -0.8358718 -0.2615730
v 560.1950073 505.5580139 388.3469849
vn -0.6104256 0.6104329 0.5047299
v 532.2219849 486.1929932 384.2909851
vn 0.6104256 -0.6104329 -0.5047299
v 532.2219849 486.1929932 384.2909851
vn -0.6075487 0.3507732 0.7126309
v 509.0870056 460.3959961 380.8080139
vn 0.6075487 -0.3507732 -0.7126310
v 509.0870056 460.3959961 380.8080139
vn -0.4749724 0.1272682 0.8707491
v 492.3680115 429.0549927 378.1359863
vn 0.4749724 -0.1272682 -0.8707491
v 492.3680115 429.0549927 378.1359863
vn -0.3696340 -0.0990403 0.9238841
v 488.4500122 357.0029907 376.4559937
vn -0.3826723 -0.0000000 0.9238842
v 483.6380005 393.5539856 376.4559937
vn 0.3696340 0.0990403 -0.9238840
v 488.4500122 357.0029907 376.4559937
vn 0.3826723 0.0000000 -0.9238842
v 483.6380005 393.5539856 376.4559937
vn -0.4258533 -0.2458717 0.8707446
v 506.0710144 324.9700012 378.1359863
vn 0.4258533 0.2458717 -0.8707445
v 506.0710144 324.9700012 378.1359863
vn -0.4960836 -0.4960769 0.7126070
v 530.3319702 299.0249939 380.8080139
vn 0.4960836 0.4960769 -0.7126071
v 530.3319702 299.0249939 380.8080139
vn -0.4316285 -0.7475922 0.5047799
v 559.3549805 280.0950012 384.2909851
vn 0.4316285 0.7475922 -0.5047799
v 559.3549805 280.0950012 384.2909851
vn -0.2497966 -0.9323092 0.2615363
v 591.3880005 268.6289978 388.3469849
vn 0.2497966 0.9323092 -0.2615363
v 591.3880005 268.6289978 388.3469849
vn 0.0000001 -1.0000000 -0.0000156
v 624.8610229 264.7959900 392.7000122
vn -0.0000001 1.0000000 0.0000156
v 624.8610229 264.7959900 392.7000122
vn 0.2497956 -0.9323054 -0.2615510
v 658.3339844 268.6289978 397.0520020
vn -0.2497956 0.9323054 0.2615510
v 658.3339844 268.6289978 397.0520020
vn 0.4316290 -0.7475932 -0.5047780
v 690.3670044 280.0950012 401.1080017
vn -0.4316290 0.7475932 0.5047780
v 690.3670044 280.0950012 401.1080017
vn 0.4961374 -0.4961194 -0.7125400
v 719.3900146 299.0249939 404.5910034
vn -0.4961374 0.4961193 0.7125400
v 719.3900146 299.0249939 404.5910034
vn 0.4258731 -0.2458841 -0.8707314
v 743.6510010 324.9700012 407.2640076
vn -0.4258731 0.2458841 0.8707314
v 743.6510010 324.9700012 407.2640076
vn 0.2401625 -0.0643482 -0.9685976
v 761.2709961 357.0029907 408.9440002
vn 0.1260486 -0.0337751 -0.9914489
v 765.4760132 355.8760071 409.5169983
vn -0.1260486 0.0337751 0.9914489
v 765.4760132 355.8760071 409.5169983
vn -0.2401624 0.0643482 0.9685976
v 761.2709961 357.0029907 408.9440002
vn 1.0000000 0.0000017 0.0000000
v 770.4359741 393.5539856 409.5169983
vn 1.0000000 0.0000017 0.0000000
v 770.4359741 393.5539856 449.4339905
vn -1.0000000 -0.0000017 0.0000000
v 770.4359741 393.5539856 449.4339905
vn -1.0000000 -0.0000017 0.0000000
v 770.4359741 393.5539856 409.5169983
vn 0.2401547 0.0643519 -0.9685993
v 761.2709961 430.1050110 408.9440002
vn 0.1260564 0.0337749 -0.9914480
v 765.4760132 431.2309875 409.5169983
vn -0.1260564 -0.0337749 0.9914480
v 765.4760132 431.2309875 409.5169983
vn -0.2401547 -0.0643519 0.9685993
v 761.2709961 430.1050110 408.9440002
vn 0.4258998 0.2458945 -0.8707154
v 743.6510010 462.1369934 407.2640076
vn -0.4258998 -0.2458945 0.8707154
v 743.6510010 462.1369934 407.2640076
vn 0.4961676 0.4961470 -0.7124997
v 719.3900146 488.0820007 404.5910034
vn -0.4961676 -0.4961470 0.7124998
v 719.3900146 488.0820007 404.5910034
vn 0.4316436 0.7476311 -0.5047095
v 690.3670044 507.0130005 401.1080017
vn -0.4316436 -0.7476311 0.5047094
v 690.3670044 507.0130005 401.1080017
vn 0.2498040 0.9323039 -0.2615481
v 658.3339844 518.4780273 397.0520020
vn -0.2498040 -0.9323039 0.2615481
v 658.3339844 518.4780273 397.0520020
vn 0.0000001 1.0000000 -0.0000156
v 624.8610229 522.3120117 392.7000122
vn -0.0000001 -1.0000000 0.0000156
v 624.8610229 522.3120117 392.7000122
vn -0.2498049 0.9323078 0.2615334
v 591.3880005 518.4780273 388.3469849
vn 0.2498049 -0.9323078 -0.2615334
v 591.3880005 518.4780273 388.3469849
vn -0.4316430 0.7476301 0.5047114
v 559.3549805 507.0130005 384.2909851
vn 0.4316430 -0.7476301 -0.5047114
v 559.3549805 507.0130005 384.2909851
vn -0.4961137 0.4961047 0.7125668
v 530.3319702 488.0820007 380.8080139
vn 0.4961137 -0.4961046 -0.7125668
v 530.3319702 488.0820007 380.8080139
vn -0.4258802 0.2458821 0.8707285
v 506.0710144 462.1369934 378.1359863
vn 0.4258801 -0.2458821 -0.8707286
v 506.0710144 462.1369934 378.1359863
vn -0.3696119 0.0990435 0.9238926
v 488.4500122 430.1050110 376.4559937
vn 0.3696119 -0.0990435 -0.9238926
v 488.4500122 430.1050110 376.4559937
vn -1.0000000 -0.0000000 0.0000000
v 483.6380005 393.5539856 376.4559937
vn -0.9659244 -0.2588242 0.0000000
v 488.4500122 357.0029907 343.6919861
vn -0.9659244 -0.2588243 0.0000000
v 488.4500122 357.0029907 376.4559937
vn -1.0000000 -0.0000001 0.0000000
v 483.6380005 393.5539856 343.6919861
vn 1.0000000 0.0000001 0.0000000
v 483.6380005 393.5539856 343.6919861
vn 1.0000000 0.0000000 0.0000000
v 483.6380005 393.5539856 376.4559937
vn 0.9659244 0.2588242 0.0000000
v 488.4500122 357.0029907 343.6919861
vn 0.9659244 0.2588242 0.0000000
v 488.4500122 357.0029907 376.4559937
vn -0.3314354 -0.1913578 0.9238684
v 502.5589905 322.9419861 376.4559937
vn 0.3314354 0.1913579 -0.9238684
v 502.5589905 322.9419861 376.4559937
vn -0.3477105 -0.3477185 0.8707407
v 527.8699951 296.5620117 378.1359863
vn 0.3477105 0.3477185 -0.8707407
v 527.8699951 296.5620117 378.1359863
vn -0.3507812 -0.6075765 0.7126032
v 558.0189819 277.7799988 380.8080139
vn 0.3507813 0.6075766 -0.7126032
v 558.0189819 277.7799988 380.8080139
vn -0.2234251 -0.8338569 0.5047414
v 590.9530029 267.0069885 384.2909851
vn 0.2234251 0.8338569 -0.5047414
v 590.9530029 267.0069885 384.2909851
vn -0.0000014 -0.9651885 0.2615556
v 624.8610229 264.2229919 388.3469849
vn 0.0000014 0.9651885 -0.2615556
v 624.8610229 264.2229919 388.3469849
vn 0.2588220 -0.9659250 -0.0000160
v 658.1859741 269.1830139 392.7000122
vn -0.2588219 0.9659250 0.0000160
v 658.1859741 269.1830139 392.7000122
vn 0.4825982 -0.8358658 -0.2615863
v 689.5269775 281.5499878 397.0520020
vn -0.4825982 0.8358658 0.2615863
v 689.5269775 281.5499878 397.0520020
vn 0.6104124 -0.6104048 -0.5047799
v 717.5000000 300.9150085 401.1080017
vn -0.6104124 0.6104048 0.5047799
v 717.5000000 300.9150085 401.1080017
vn 0.6076138 -0.3508187 -0.7125530
v 740.6339722 326.7120056 404.5910034
vn -0.6076139 0.3508187 0.7125530
v 740.6339722 326.7120056 404.5910034
vn 0.4750719 -0.1272987 -0.8706903
v 757.3540039 358.0520020 407.2640076
vn -0.4750720 0.1272987 0.8706904
v 757.3540039 358.0520020 407.2640076
vn 0.2486408 0.0000001 -0.9685958
v 766.0830078 393.5539856 408.9440002
vn 0.1305081 0.0000002 -0.9914473
v 770.4359741 393.5539856 409.5169983
vn -0.1305081 -0.0000002 0.9914473
v 770.4359741 393.5539856 409.5169983
vn -0.2486408 -0.0000001 0.9685958
v 766.0830078 393.5539856 408.9440002
vn 0.4750782 0.1272926 -0.8706879
v 757.3540039 429.0549927 407.2640076
vn -0.4750782 -0.1272926 0.8706879
v 757.3540039 429.0549927 407.2640076
vn 0.6076069 0.3508254 -0.7125555
v 740.6339722 460.3959961 404.5910034
vn -0.6076069 -0.3508253 0.7125555
v 740.6339722 460.3959961 404.5910034
vn 0.6104307 0.6104316 -0.5047253
v 717.5000000 486.1929932 401.1080017
vn -0.6104307 -0.6104316 0.5047254
v 717.5000000 486.1929932 401.1080017
vn 0.4825931 0.8358684 -0.2615877
v 689.5269775 505.5580139 397.0520020
vn -0.4825931 -0.8358684 0.2615877
v 689.5269775 505.5580139 397.0520020
vn 0.2588177 0.9659262 -0.0000155
v 658.1859741 517.9249878 392.7000122
vn -0.2588177 -0.9659262 0.0000155
v 658.1859741 517.9249878 392.7000122
vn 0.0000014 0.9651883 0.2615559
v 624.8610229 522.8850098 388.3469849
vn -0.0000015 -0.9651884 -0.2615559
v 624.8610229 522.8850098 388.3469849
vn -0.2234218 0.8338578 0.5047414
v 590.9530029 520.1010132 384.2909851
vn 0.2234218 -0.8338578 -0.5047414
v 590.9530029 520.1010132 384.2909851
vn -0.3507923 0.6075789 0.7125957
v 558.0189819 509.3269958 380.8080139
vn 0.3507923 -0.6075789 -0.7125957
v 558.0189819 509.3269958 380.8080139
vn -0.3477132 0.3477200 0.8707390
v 527.8699951 490.5450134 378.1359863
vn 0.3477132 -0.3477200 -0.8707390
v 527.8699951 490.5450134 378.1359863
vn -0.3314342 0.1913574 0.9238690
v 502.5589905 464.1650085 376.4559937
vn 0.3314342 -0.1913574 -0.9238690
v 502.5589905 464.1650085 376.4559937
vn -0.9659231 0.2588292 0.0000000
v 488.4500122 430.1050110 376.4559937
vn -0.9659231 0.2588292 0.0000000
v 488.4500122 430.1050110 343.6919861
vn 0.9659231 -0.2588292 0.0000000
v 488.4500122 430.1050110 343.6919861
vn 0.9659231 -0.2588292 0.0000000
v 488.4500122 430.1050110 376.4559937
vn -0.2486522 0.0000003 -0.9685929
v 487.6329956 393.5539856 343.1659851
vn -0.1260952 -0.0337854 -0.9914427
v 488.4500122 357.0029907 343.6919861
vn -0.1305384 -0.0000000 -0.9914433
v 483.6380005 393.5539856 343.6919861
vn -0.2401810 -0.0643608 -0.9685922
v 492.3089905 358.0360107 343.1659851
vn 0.2401811 0.0643609 0.9685922
v 492.3089905 358.0360107 343.1659851
vn 0.2486522 -0.0000003 0.9685929
v 487.6329956 393.5539856 343.1659851
vn 0.1260952 0.0337854 0.9914427
v 488.4500122 357.0029907 343.6919861
vn 0.1305384 0.0000000 0.9914433
v 483.6380005 393.5539856 343.6919861
vn -0.8660212 -0.5000073 0.0000000
v 502.5589905 322.9419861 343.6919861
vn -0.8660212 -0.5000073 0.0000000
v 502.5589905 322.9419861 376.4559937
vn 0.8660212 0.5000073 0.0000000
v 502.5589905 322.9419861 343.6919861
vn 0.8660212 0.5000073 0.0000000
v 502.5589905 322.9419861 376.4559937
vn -0.2705919 -0.2705949 0.9238822
v 525.0020142 293.6940002 376.4559937
vn 0.2705919 0.2705949 -0.9238822
v 525.0020142 293.6940002 376.4559937
vn -0.2458644 -0.4258525 0.8707470
v 556.2780151 274.7640076 378.1359863
vn 0.2458644 0.4258525 -0.8707470
v 556.2780151 274.7640076 378.1359863
vn -0.1815759 -0.6776376 0.7126272
v 590.2609863 264.4249878 380.8080139
vn 0.1815759 0.6776375 -0.7126273
v 590.2609863 264.4249878 380.8080139
vn -0.0000035 -0.8632449 0.5047855
v 624.8610229 262.5429993 384.2909851
vn 0.0000035 0.8632449 -0.5047855
v 624.8610229 262.5429993 384.2909851
vn 0.2497999 -0.9323082 0.2615368
v 658.3339844 268.6289978 388.3469849
vn -0.2497999 0.9323082 -0.2615368
v 658.3339844 268.6289978 388.3469849
vn 0.4999923 -0.8660299 -0.0000120
v 689.2399902 282.0459900 392.7000122
vn -0.4999923 0.8660299 0.0000120
v 689.2399902 282.0459900 392.7000122
vn 0.6824896 -0.6824924 -0.2615572
v 716.3120117 302.1029968 397.0520020
vn -0.6824896 0.6824924 0.2615572
v 716.3120117 302.1029968 397.0520020
vn 0.7476276 -0.4316475 -0.5047113
v 738.3200073 328.0480042 401.1080017
vn -0.7476277 0.4316474 0.5047112
v 738.3200073 328.0480042 401.1080017
vn 0.6776946 -0.1815819 -0.7125714
v 753.9899902 358.9540100 404.5910034
vn -0.6776946 0.1815819 0.7125714
v 753.9899902 358.9540100 404.5910034
vn 0.4918230 0.0000005 -0.8706952
v 762.0280151 393.5539856 407.2640076
vn -0.4918230 -0.0000005 0.8706952
v 762.0280151 393.5539856 407.2640076
vn 0.6777048 0.1815933 -0.7125589
v 753.9899902 428.1539917 404.5910034
vn -0.6777047 -0.1815933 0.7125589
v 753.9899902 428.1539917 404.5910034
vn 0.7476140 0.4316249 -0.5047507
v 738.3200073 459.0589905 401.1080017
vn -0.7476140 -0.4316249 0.5047507
v 738.3200073 459.0589905 401.1080017
vn 0.6824784 0.6824747 -0.2616325
v 716.3120117 485.0050049 397.0520020
vn -0.6824784 -0.6824747 0.2616326
v 716.3120117 485.0050049 397.0520020
vn 0.4999925 0.8660297 -0.0000111
v 689.2399902 505.0620117 392.7000122
vn -0.4999925 -0.8660298 0.0000111
v 689.2399902 505.0620117 392.7000122
vn 0.2498020 0.9323085 0.2615335
v 658.3339844 518.4780273 388.3469849
vn -0.2498021 -0.9323085 -0.2615335
v 658.3339844 518.4780273 388.3469849
vn -0.0000020 0.8632910 0.5047066
v 624.8610229 524.5650024 384.2909851
vn 0.0000020 -0.8632910 -0.5047066
v 624.8610229 524.5650024 384.2909851
vn -0.1815760 0.6776483 0.7126170
v 590.2609863 522.6820068 380.8080139
vn 0.1815759 -0.6776483 -0.7126170
v 590.2609863 522.6820068 380.8080139
vn -0.2458560 0.4258420 0.8707545
v 556.2780151 512.3439941 378.1359863
vn 0.2458560 -0.4258420 -0.8707545
v 556.2780151 512.3439941 378.1359863
vn -0.2705933 0.2705959 0.9238815
v 525.0020142 493.4129944 376.4559937
vn 0.2705933 -0.2705959 -0.9238815
v 525.0020142 493.4129944 376.4559937
vn -0.8660187 0.5000118 0.0000000
v 502.5589905 464.1650085 376.4559937
vn -0.8660187 0.5000118 0.0000000
v 502.5589905 464.1650085 343.6919861
vn 0.8660187 -0.5000118 0.0000000
v 502.5589905 464.1650085 343.6919861
vn 0.8660187 -0.5000118 0.0000000
v 502.5589905 464.1650085 376.4559937
vn -0.1260868 0.0337863 -0.9914438
v 488.4500122 430.1050110 343.6919861
vn -0.2401893 0.0643578 -0.9685903
v 492.3089905 429.0710144 343.1659851
vn 0.2401893 -0.0643579 0.9685903
v 492.3089905 429.0710144 343.1659851
vn 0.1260867 -0.0337863 0.9914438
v 488.4500122 430.1050110 343.6919861
vn -0.4917622 0.0000004 -0.8707296
v 491.3550110 393.5539856 341.6239929
vn -0.4750148 -0.1272737 -0.8707252
v 495.9039917 359.0000000 341.6239929
vn 0.4750148 0.1272737 0.8707252
v 495.9039917 359.0000000 341.6239929
vn 0.4917622 -0.0000003 0.8707296
v 491.3550110 393.5539856 341.6239929
vn -0.1130589 -0.0652777 -0.9914417
v 502.5589905 322.9419861 343.6919861
vn -0.2153575 -0.1243352 -0.9685876
v 506.0180054 324.9400024 343.1659851
vn 0.2153575 0.1243352 0.9685876
v 506.0180054 324.9400024 343.1659851
vn 0.1130589 0.0652777 0.9914417
v 502.5589905 322.9419861 343.6919861
vn -0.7071065 -0.7071071 0.0000000
v 525.0020142 293.6940002 343.6919861
vn -0.7071065 -0.7071071 0.0000000
v 525.0020142 293.6940002 376.4559937
vn 0.7071065 0.7071071 0.0000000
v 525.0020142 293.6940002 343.6919861
vn 0.7071065 0.7071071 0.0000000
v 525.0020142 293.6940002 376.4559937
vn -0.1913203 -0.3313814 0.9238955
v 554.2500000 271.2510071 376.4559937
vn 0.1913203 0.3313814 -0.9238955
v 554.2500000 271.2510071 376.4559937
vn -0.1272667 -0.4749734 0.8707488
v 589.3599854 261.0610046 378.1359863
vn 0.1272668 0.4749734 -0.8707488
v 589.3599854 261.0610046 378.1359863
vn 0.0000024 -0.7015283 0.7126417
v 624.8610229 259.8699951 380.8080139
vn -0.0000024 0.7015282 -0.7126417
v 624.8610229 259.8699951 380.8080139
vn 0.2234311 -0.8338552 0.5047417
v 658.7689819 267.0069885 384.2909851
vn -0.2234311 0.8338552 -0.5047417
v 658.7689819 267.0069885 384.2909851
vn 0.4825976 -0.8358728 0.2615652
v 689.5269775 281.5499878 388.3469849
vn -0.4825976 0.8358728 -0.2615651
v 689.5269775 281.5499878 388.3469849
vn 0.7071049 -0.7071087 -0.0000140
v 715.9069824 302.5079956 392.7000122
vn -0.7071049 0.7071087 0.0000140
v 715.9069824 302.5079956 392.7000122
vn 0.8358708 -0.4825924 -0.2615809
v 736.8649902 328.8880005 397.0520020
vn -0.8358708 0.4825924 0.2615809
v 736.8649902 328.8880005 397.0520020
vn 0.8338256 -0.2234098 -0.5047998
v 751.4080200 359.6459961 401.1080017
vn -0.8338256 0.2234098 0.5047998
v 751.4080200 359.6459961 401.1080017
vn 0.7015973 0.0000006 -0.7125737
v 758.5449829 393.5539856 404.5910034
vn -0.7015973 -0.0000006 0.7125738
v 758.5449829 393.5539856 404.5910034
vn 0.8338107 0.2234167 -0.5048214
v 751.4080200 427.4620056 401.1080017
vn -0.8338107 -0.2234166 0.5048214
v 751.4080200 427.4620056 401.1080017
vn 0.8358850 0.4825934 -0.2615337
v 736.8649902 458.2189941 397.0520020
vn -0.8358850 -0.4825934 0.2615338
v 736.8649902 458.2189941 397.0520020
vn 0.7071246 0.7070890 -0.0000134
v 715.9069824 484.5989990 392.7000122
vn -0.7071246 -0.7070890 0.0000134
v 715.9069824 484.5989990 392.7000122
vn 0.4825946 0.8358737 0.2615677
v 689.5269775 505.5580139 388.3469849
vn -0.4825946 -0.8358737 -0.2615677
v 689.5269775 505.5580139 388.3469849
vn 0.2234267 0.8338569 0.5047408
v 658.7689819 520.1010132 384.2909851
vn -0.2234266 -0.8338569 -0.5047408
v 658.7689819 520.1010132 384.2909851
vn -0.0000004 0.7015905 0.7125803
v 624.8610229 527.2369995 380.8080139
vn 0.0000004 -0.7015905 -0.7125804
v 624.8610229 527.2369995 380.8080139
vn -0.1272560 0.4749582 0.8707587
v 589.3599854 526.0469971 378.1359863
vn 0.1272560 -0.4749582 -0.8707587
v 589.3599854 526.0469971 378.1359863
vn -0.1913588 0.3314350 0.9238684
v 554.2500000 515.8560181 376.4559937
vn 0.1913587 -0.3314349 -0.9238684
v 554.2500000 515.8560181 376.4559937
vn -0.7071067 0.7071068 0.0000000
v 525.0020142 493.4129944 376.4559937
vn -0.7071068 0.7071068 0.0000000
v 525.0020142 493.4129944 343.6919861
vn 0.7071068 -0.7071068 0.0000000
v 525.0020142 493.4129944 343.6919861
vn 0.7071067 -0.7071068 0.0000000
v 525.0020142 493.4129944 376.4559937
vn -0.1130734 0.0652830 -0.9914396
v 502.5589905 464.1650085 343.6919861
vn -0.2153646 0.1243404 -0.9685854
v 506.0180054 462.1679993 343.1659851
vn 0.2153646 -0.1243404 0.9685854
v 506.0180054 462.1679993 343.1659851
vn 0.1130734 -0.0652830 0.9914396
v 502.5589905 464.1650085 343.6919861
vn -0.4750076 0.1272812 -0.8707280
v 495.9039917 428.1080017 341.6239929
vn 0.4750077 -0.1272812 0.8707280
v 495.9039917 428.1080017 341.6239929
vn -0.7015757 0.0000028 -0.7125949
v 494.5509949 393.5539856 339.1719971
vn -0.6777000 -0.1815880 -0.7125647
v 498.9909973 359.8269958 339.1719971
vn 0.6777000 0.1815880 0.7125647
v 498.9909973 359.8269958 339.1719971
vn 0.7015757 -0.0000028 0.7125949
v 494.5509949 393.5539856 339.1719971
vn -0.4258825 -0.2458822 -0.8707273
v 509.2409973 326.8009949 341.6239929
vn 0.4258825 0.2458822 0.8707272
v 509.2409973 326.8009949 341.6239929
vn -0.0923161 -0.0923178 -0.9914410
v 525.0020142 293.6940002 343.6919861
vn -0.1758250 -0.1758242 -0.9685925
v 527.8259888 296.5190125 343.1659851
vn 0.1758250 0.1758242 0.9685925
v 527.8259888 296.5190125 343.1659851
vn 0.0923160 0.0923178 0.9914410
v 525.0020142 293.6940002 343.6919861
vn -0.5000009 -0.8660249 0.0000000
v 554.2500000 271.2510071 376.4559937
vn -0.5000008 -0.8660250 0.0000000
v 554.2500000 271.2510071 343.6919861
vn 0.5000009 0.8660249 0.0000000
v 554.2500000 271.2510071 376.4559937
vn 0.5000009 0.8660249 0.0000000
v 554.2500000 271.2510071 343.6919861
vn -0.0990383 -0.3696127 0.9238928
v 588.3099976 257.1430054 376.4559937
vn 0.0990384 0.3696128 -0.9238927
v 588.3099976 257.1430054 376.4559937
vn 0.0000007 -0.4917129 0.8707574
v 624.8610229 256.3869934 378.1359863
vn -0.0000007 0.4917128 -0.8707575
v 624.8610229 256.3869934 378.1359863
vn 0.1815730 -0.6776395 0.7126262
v 659.4609985 264.4249878 380.8080139
vn -0.1815730 0.6776395 -0.7126262
v 659.4609985 264.4249878 380.8080139
vn 0.4316259 -0.7475917 0.5047829
v 690.3670044 280.0950012 384.2909851
vn -0.4316259 0.7475917 -0.5047829
v 690.3670044 280.0950012 384.2909851
vn 0.6824943 -0.6824940 0.2615409
v 716.3120117 302.1029968 388.3469849
vn -0.6824943 0.6824939 -0.2615409
v 716.3120117 302.1029968 388.3469849
vn 0.8660333 -0.4999863 -0.0000156
v 736.3690186 329.1749878 392.7000122
vn -0.8660333 0.4999863 0.0000156
v 736.3690186 329.1749878 392.7000122
vn 0.9322988 -0.2498239 -0.2615475
v 749.7849731 360.0799866 397.0520020
vn -0.9322988 0.2498239 0.2615475
v 749.7849731 360.0799866 397.0520020
vn 0.8632450 0.0000007 -0.5047854
v 755.8720093 393.5539856 401.1080017
vn -0.8632450 -0.0000007 0.5047854
v 755.8720093 393.5539856 401.1080017
vn 0.9323035 0.2498075 -0.2615462
v 749.7849731 427.0270081 397.0520020
vn -0.9323035 -0.2498075 0.2615462
v 749.7849731 427.0270081 397.0520020
vn 0.8660204 0.5000088 -0.0000155
v 736.3690186 457.9330139 392.7000122
vn -0.8660204 -0.5000088 0.0000156
v 736.3690186 457.9330139 392.7000122
vn 0.6824838 0.6824758 0.2616157
v 716.3120117 485.0050049 388.3469849
vn -0.6824837 -0.6824758 -0.2616157
v 716.3120117 485.0050049 388.3469849
vn 0.4316401 0.7476315 0.5047117
v 690.3670044 507.0130005 384.2909851
vn -0.4316401 -0.7476315 -0.5047117
v 690.3670044 507.0130005 384.2909851
vn 0.1815775 0.6776475 0.7126173
v 659.4609985 522.6820068 380.8080139
vn -0.1815775 -0.6776475 -0.7126173
v 659.4609985 522.6820068 380.8080139
vn 0.0000000 0.4917117 0.8707581
v 624.8610229 530.7199707 378.1359863
vn -0.0000000 -0.4917116 -0.8707581
v 624.8610229 530.7199707 378.1359863
vn -0.0990602 0.3696879 0.9238604
v 588.3099976 529.9639893 376.4559937
vn 0.0990602 -0.3696879 -0.9238604
v 588.3099976 529.9639893 376.4559937
vn -0.5000009 0.8660249 0.0000000
v 554.2500000 515.8560181 343.6919861
vn -0.5000008 0.8660249 0.0000000
v 554.2500000 515.8560181 376.4559937
vn 0.5000009 -0.8660249 0.0000000
v 554.2500000 515.8560181 376.4559937
vn 0.5000009 -0.8660249 0.0000000
v 554.2500000 515.8560181 343.6919861
vn -0.0923335 0.0923328 -0.9914380
v 525.0020142 493.4129944 343.6919861
vn -0.1758326 0.1758336 -0.9685894
v 527.8259888 490.5889893 343.1659851
vn 0.1758327 -0.1758336 0.9685894
v 527.8259888 490.5889893 343.1659851
vn 0.0923335 -0.0923328 0.9914380
v 525.0020142 493.4129944 343.6919861
vn -0.4258824 0.2458805 -0.8707279
v 509.2409973 460.3070068 341.6239929
vn 0.4258824 -0.2458805 0.8707278
v 509.2409973 460.3070068 341.6239929
vn -0.6777036 0.1815745 -0.7125647
v 498.9909973 427.2799988 339.1719971
vn 0.6777036 -0.1815745 0.7125648
v 498.9909973 427.2799988 339.1719971
vn -0.8338304 -0.2234127 -0.5047908
v 501.3599854 360.4620056 335.9750061
vn -0.8632523 0.0000000 -0.5047727
v 497.0039978 393.5539856 335.9750061
vn 0.8632523 -0.0000000 0.5047727
v 497.0039978 393.5539856 335.9750061
vn 0.8338304 0.2234127 0.5047907
v 501.3599854 360.4620056 335.9750061
vn -0.6076040 -0.3508027 -0.7125693
v 512.0089722 328.3989868 339.1719971
vn 0.6076039 0.3508027 0.7125693
v 512.0089722 328.3989868 339.1719971
vn -0.3477148 -0.3477170 -0.8707395
v 530.4580078 299.1510010 341.6239929
vn 0.3477148 0.3477170 0.8707395
v 530.4580078 299.1510010 341.6239929
vn -0.0652687 -0.1130521 -0.9914430
v 554.2500000 271.2510071 343.6919861
vn -0.1243344 -0.2153510 -0.9685892
v 556.2470093 274.7109985 343.1659851
vn 0.1243344 0.2153509 0.9685892
v 556.2470093 274.7109985 343.1659851
vn 0.0652687 0.1130521 0.9914430
v 554.2500000 271.2510071 343.6919861
vn -0.2588174 -0.9659263 0.0000000
v 588.3099976 257.1430054 376.4559937
vn -0.2588174 -0.9659263 0.0000000
v 588.3099976 257.1430054 343.6919861
vn 0.2588174 0.9659263 0.0000000
v 588.3099976 257.1430054 376.4559937
vn 0.2588174 0.9659263 0.0000000
v 588.3099976 257.1430054 343.6919861
vn -0.0000010 -0.3826715 0.9238845
v 624.8610229 252.3309937 376.4559937
vn 0.0000010 0.3826715 -0.9238845
v 624.8610229 252.3309937 376.4559937
vn 0.1272658 -0.4749723 0.8707495
v 660.3619995 261.0610046 378.1359863
vn -0.1272658 0.4749724 -0.8707495
v 660.3619995 261.0610046 378.1359863
vn 0.3507828 -0.6075761 0.7126028
v 691.7030029 277.7799988 380.8080139
vn -0.3507828 0.6075761 -0.7126028
v 691.7030029 277.7799988 380.8080139
vn 0.6104114 -0.6104046 0.5047814
v 717.5000000 300.9150085 384.2909851
vn -0.6104113 0.6104046 -0.5047815
v 717.5000000 300.9150085 384.2909851
vn 0.8358743 -0.4825944 0.2615662
v 736.8649902 328.8880005 388.3469849
vn -0.8358743 0.4825944 -0.2615662
v 736.8649902 328.8880005 388.3469849
vn 0.9659297 -0.2588046 -0.0000156
v 749.2319946 360.2290039 392.7000122
vn -0.9659297 0.2588047 0.0000156
v 749.2319946 360.2290039 392.7000122
vn 0.9651852 0.0000010 -0.2615674
v 754.1920166 393.5539856 397.0520020
vn -0.9651852 -0.0000010 0.2615674
v 754.1920166 393.5539856 397.0520020
vn 0.9659253 0.2588209 -0.0000181
v 749.2319946 426.8789978 392.7000122
vn -0.9659254 -0.2588209 0.0000181
v 749.2319946 426.8789978 392.7000122
vn 0.8358884 0.4825954 0.2615190
v 736.8649902 458.2189941 388.3469849
vn -0.8358884 -0.4825955 -0.2615190
v 736.8649902 458.2189941 388.3469849
vn 0.6104302 0.6104303 0.5047277
v 717.5000000 486.1929932 384.2909851
vn -0.6104302 -0.6104303 -0.5047276
v 717.5000000 486.1929932 384.2909851
vn 0.3507907 0.6075795 0.7125960
v 691.7030029 509.3269958 380.8080139
vn -0.3507907 -0.6075795 -0.7125960
v 691.7030029 509.3269958 380.8080139
vn 0.1272560 0.4749583 0.8707587
v 660.3619995 526.0469971 378.1359863
vn -0.1272560 -0.4749582 -0.8707587
v 660.3619995 526.0469971 378.1359863
vn 0.0000001 0.3826752 0.9238830
v 624.8610229 534.7760010 376.4559937
vn -0.0000001 -0.3826751 -0.9238830
v 624.8610229 534.7760010 376.4559937
vn -0.2588170 0.9659264 0.0000000
v 588.3099976 529.9639893 343.6919861
vn -0.2588170 0.9659264 0.0000000
v 588.3099976 529.9639893 376.4559937
vn 0.2588170 -0.9659264 0.0000000
v 588.3099976 529.9639893 376.4559937
vn 0.2588170 -0.9659264 0.0000000
v 588.3099976 529.9639893 343.6919861
vn -0.0652829 0.1130745 -0.9914395
v 554.2500000 515.8560181 343.6919861
vn -0.1243207 0.2153352 -0.9685944
v 556.2470093 512.3969727 343.1659851
vn 0.1243206 -0.2153352 0.9685944
v 556.2470093 512.3969727 343.1659851
vn 0.0652828 -0.1130744 0.9914395
v 554.2500000 515.8560181 343.6919861
vn -0.3477111 0.3477180 -0.8707406
v 530.4580078 487.9570007 341.6239929
vn 0.3477111 -0.3477180 0.8707406
v 530.4580078 487.9570007 341.6239929
vn -0.6075735 0.3507878 -0.7126026
v 512.0089722 458.7090149 339.1719971
vn 0.6075736 -0.3507878 0.7126026
v 512.0089722 458.7090149 339.1719971
vn -0.8338416 0.2234310 -0.5047641
v 501.3599854 426.6459961 335.9750061
vn 0.8338416 -0.2234310 0.5047641
v 501.3599854 426.6459961 335.9750061
vn -0.9322724 -0.2497952 -0.2616688
v 502.8500061 360.8609924 332.2529907
vn -0.9651986 -0.0000097 -0.2615179
v 498.5459900 393.5539856 332.2529907
vn 0.9651986 0.0000097 0.2615179
v 498.5459900 393.5539856 332.2529907
vn 0.9322724 0.2497952 0.2616688
v 502.8500061 360.8609924 332.2529907
vn -0.7476015 -0.4316228 -0.5047709
v 514.1329956 329.6250000 335.9750061
vn 0.7476014 0.4316229 0.5047710
v 514.1329956 329.6250000 335.9750061
vn -0.4961180 -0.4961180 -0.7125545
v 532.7180176 301.4110107 339.1719971
vn 0.4961180 0.4961180 0.7125545
v 532.7180176 301.4110107 339.1719971
vn -0.2458819 -0.4258806 -0.8707284
v 558.1079712 277.9339905 341.6239929
vn 0.2458819 0.4258806 0.8707284
v 558.1079712 277.9339905 341.6239929
vn -0.0337843 -0.1260863 -0.9914439
v 588.3099976 257.1430054 343.6919861
vn -0.0643574 -0.2401903 -0.9685901
v 589.3439941 261.0020142 343.1659851
vn 0.0643574 0.2401903 0.9685901
v 589.3439941 261.0020142 343.1659851
vn 0.0337843 0.1260863 0.9914439
v 588.3099976 257.1430054 343.6919861
vn 0.0000001 -1.0000000 0.0000000
v 624.8610229 252.3309937 376.4559937
vn 0.0000001 -1.0000000 0.0000000
v 624.8610229 252.3309937 343.6919861
vn -0.0000001 1.0000000 0.0000000
v 624.8610229 252.3309937 376.4559937
vn -0.0000001 1.0000000 0.0000000
v 624.8610229 252.3309937 343.6919861
vn 0.0990396 -0.3696132 0.9238924
v 661.4119873 257.1430054 376.4559937
vn -0.0990396 0.3696132 -0.9238924
v 661.4119873 257.1430054 376.4559937
vn 0.2458644 -0.4258526 0.8707470
v 693.4439697 274.7640076 378.1359863
vn -0.2458644 0.4258526 -0.8707470
v 693.4439697 274.7640076 378.1359863
vn 0.4960885 -0.4960710 0.7126077
v 719.3900146 299.0249939 380.8080139
vn -0.4960884 0.4960710 -0.7126078
v 719.3900146 299.0249939 380.8080139
vn 0.7476267 -0.4316469 0.5047131
v 738.3200073 328.0480042 384.2909851
vn -0.7476267 0.4316469 -0.5047131
v 738.3200073 328.0480042 384.2909851
vn 0.9323026 -0.2498250 0.2615328
v 749.7849731 360.0799866 388.3469849
vn -0.9323026 0.2498249 -0.2615328
v 749.7849731 360.0799866 388.3469849
vn 1.0000000 0.0000036 -0.0000181
v 753.6190186 393.5539856 392.7000122
vn -1.0000000 -0.0000036 0.0000181
v 753.6190186 393.5539856 392.7000122
vn 0.9323067 0.2498070 0.2615352
v 749.7849731 427.0270081 388.3469849
vn -0.9323067 -0.2498070 -0.2615352
v 749.7849731 427.0270081 388.3469849
vn 0.7476130 0.4316243 0.5047526
v 738.3200073 459.0589905 384.2909851
vn -0.7476131 -0.4316243 -0.5047526
v 738.3200073 459.0589905 384.2909851
vn 0.4961196 0.4960985 0.7125670
v 719.3900146 488.0820007 380.8080139
vn -0.4961196 -0.4960985 -0.7125670
v 719.3900146 488.0820007 380.8080139
vn 0.2458560 0.4258420 0.8707545
v 693.4439697 512.3439941 378.1359863
vn -0.2458560 -0.4258420 -0.8707545
v 693.4439697 512.3439941 378.1359863
vn 0.0990603 0.3696879 0.9238604
v 661.4119873 529.9639893 376.4559937
vn -0.0990603 -0.3696879 -0.9238604
v 661.4119873 529.9639893 376.4559937
vn 0.0000001 1.0000000 0.0000000
v 624.8610229 534.7760010 343.6919861
vn 0.0000001 1.0000000 0.0000000
v 624.8610229 534.7760010 376.4559937
vn -0.0000001 -1.0000000 0.0000000
v 624.8610229 534.7760010 376.4559937
vn -0.0000001 -1.0000000 0.0000000
v 624.8610229 534.7760010 343.6919861
vn -0.0337933 0.1261171 -0.9914396
v 588.3099976 529.9639893 343.6919861
vn -0.0643621 0.2402024 -0.9685867
v 589.3439941 526.1060181 343.1659851
vn 0.0643621 -0.2402024 0.9685867
v 589.3439941 526.1060181 343.1659851
vn 0.0337933 -0.1261171 0.9914396
v 588.3099976 529.9639893 343.6919861
vn -0.2458649 0.4258502 -0.8707480
v 558.1079712 509.1730042 341.6239929
vn 0.2458649 -0.4258503 0.8707480
v 558.1079712 509.1730042 341.6239929
vn -0.4960780 0.4960926 -0.7126001
v 532.7180176 485.6969910 339.1719971
vn 0.4960780 -0.4960926 0.7126001
v 532.7180176 485.6969910 339.1719971
vn -0.7475840 0.4316038 -0.5048133
v 514.1329956 457.4819946 335.9750061
vn 0.7475840 -0.4316038 0.5048133
v 514.1329956 457.4819946 335.9750061
vn -0.9322594 0.2498157 -0.2616955
v 502.8500061 426.2470093 332.2529907
vn 0.9322594 -0.2498157 0.2616955
v 502.8500061 426.2470093 332.2529907
vn -0.9659269 -0.2588150 -0.0000000
v 503.3580017 360.9970093 328.2590027
vn -1.0000000 -0.0000052 -0.0000049
v 499.0710144 393.5539856 328.2590027
vn 1.0000000 0.0000052 0.0000049
v 499.0710144 393.5539856 328.2590027
vn 0.9659269 0.2588150 0.0000000
v 503.3580017 360.9970093 328.2590027
vn -0.8358612 -0.4825799 -0.2616346
v 515.4689941 330.3959961 332.2529907
vn 0.8358612 0.4825799 0.2616346
v 515.4689941 330.3959961 332.2529907
vn -0.6104597 -0.6104606 -0.5046551
v 534.4520264 303.1449890 335.9750061
vn 0.6104597 0.6104606 0.5046552
v 534.4520264 303.1449890 335.9750061
vn -0.3508016 -0.6076046 -0.7125692
v 559.7059937 280.7019958 339.1719971
vn 0.3508016 0.6076046 0.7125692
v 559.7059937 280.7019958 339.1719971
vn -0.1272818 -0.4750245 -0.8707187
v 590.3070068 264.5969849 341.6239929
vn 0.1272819 0.4750244 0.8707187
v 590.3070068 264.5969849 341.6239929
vn 0.0000000 -0.1305380 -0.9914433
v 624.8610229 252.3309937 343.6919861
vn 0.0000000 -0.2486529 -0.9685927
v 624.8610229 256.3259888 343.1659851
vn -0.0000000 0.2486529 0.9685927
v 624.8610229 256.3259888 343.1659851
vn -0.0000000 0.1305380 0.9914433
v 624.8610229 252.3309937 343.6919861
vn 0.2588175 -0.9659262 0.0000000
v 661.4119873 257.1430054 376.4559937
vn 0.2588175 -0.9659262 0.0000000
v 661.4119873 257.1430054 343.6919861
vn -0.2588175 0.9659262 0.0000000
v 661.4119873 257.1430054 376.4559937
vn -0.2588175 0.9659262 0.0000000
v 661.4119873 257.1430054 343.6919861
vn 0.1913203 -0.3313814 0.9238955
v 695.4719849 271.2510071 376.4559937
vn -0.1913203 0.3313814 -0.9238955
v 695.4719849 271.2510071 376.4559937
vn 0.3477110 -0.3477152 0.8707418
v 721.8519897 296.5620117 378.1359863
vn -0.3477111 0.3477153 -0.8707417
v 721.8519897 296.5620117 378.1359863
vn 0.6075545 -0.3507845 0.7126204
v 740.6339722 326.7120056 380.8080139
vn -0.6075545 0.3507845 -0.7126204
v 740.6339722 326.7120056 380.8080139
vn 0.8338246 -0.2234095 0.5048017
v 751.4080200 359.6459961 384.2909851
vn -0.8338246 0.2234095 -0.5048017
v 751.4080200 359.6459961 384.2909851
vn 0.9651882 0.0000023 0.2615565
v 754.1920166 393.5539856 388.3469849
vn -0.9651882 -0.0000023 -0.2615564
v 754.1920166 393.5539856 388.3469849
vn 0.8338096 0.2234188 0.5048225
v 751.4080200 427.4620056 384.2909851
vn -0.8338096 -0.2234188 -0.5048225
v 751.4080200 427.4620056 384.2909851
vn 0.6075476 0.3507911 0.7126230
v 740.6339722 460.3959961 380.8080139
vn -0.6075476 -0.3507910 -0.7126231
v 740.6339722 460.3959961 380.8080139
vn 0.3477138 0.3477167 0.8707401
v 721.8519897 490.5450134 378.1359863
vn -0.3477137 -0.3477167 -0.8707401
v 721.8519897 490.5450134 378.1359863
vn 0.1913587 0.3314350 0.9238684
v 695.4719849 515.8560181 376.4559937
vn -0.1913587 -0.3314349 -0.9238684
v 695.4719849 515.8560181 376.4559937
vn 0.2588172 0.9659263 0.0000000
v 661.4119873 529.9639893 343.6919861
vn 0.2588172 0.9659263 0.0000000
v 661.4119873 529.9639893 376.4559937
vn -0.2588172 -0.9659263 0.0000000
v 661.4119873 529.9639893 376.4559937
vn -0.2588172 -0.9659263 0.0000000
v 661.4119873 529.9639893 343.6919861
vn -0.0000001 0.1305696 -0.9914392
v 624.8610229 534.7760010 343.6919861
vn 0.0000003 0.2486703 -0.9685882
v 624.8610229 530.7819824 343.1659851
vn -0.0000003 -0.2486703 0.9685882
v 624.8610229 530.7819824 343.1659851
vn 0.0000001 -0.1305697 0.9914392
v 624.8610229 534.7760010 343.6919861
vn -0.1272678 0.4749653 -0.8707530
v 590.3070068 522.5109863 341.6239929
vn 0.1272678 -0.4749654 0.8707530
v 590.3070068 522.5109863 341.6239929
vn -0.3507969 0.6076047 -0.7125714
v 559.7059937 506.4049988 339.1719971
vn 0.3507969 -0.6076048 0.7125714
v 559.7059937 506.4049988 339.1719971
vn -0.6104365 0.6104310 -0.5047191
v 534.4520264 483.9620056 335.9750061
vn 0.6104365 -0.6104310 0.5047191
v 534.4520264 483.9620056 335.9750061
vn -0.8358584 0.4825848 -0.2616345
v 515.4689941 456.7109985 332.2529907
vn 0.8358584 -0.4825849 0.2616345
v 515.4689941 456.7109985 332.2529907
vn -0.9659303 0.2588022 -0.0000049
v 503.3580017 426.1099854 328.2590027
vn 0.9659303 -0.2588022 0.0000049
v 503.3580017 426.1099854 328.2590027
vn -0.9652109 0.0000008 0.2614726
v 498.5459900 393.5539856 324.2650146
vn -0.9322849 -0.2497984 0.2616211
v 502.8500061 360.8609924 324.2650146
vn 0.9652109 -0.0000008 -0.2614726
v 498.5459900 393.5539856 324.2650146
vn 0.9322849 0.2497984 -0.2616211
v 502.8500061 360.8609924 324.2650146
vn -0.8660311 -0.4999903 0.0000000
v 515.9240112 330.6589966 328.2590027
vn 0.8660311 0.4999903 0.0000000
v 515.9240112 330.6589966 328.2590027
vn -0.6824904 -0.6824816 -0.2615832
v 535.5419922 304.2349854 332.2529907
vn 0.6824904 0.6824816 0.2615833
v 535.5419922 304.2349854 332.2529907
vn -0.4316540 -0.7476376 -0.5046909
v 560.9320068 282.8259888 335.9750061
vn 0.4316540 0.7476376 0.5046909
v 560.9320068 282.8259888 335.9750061
vn -0.1815899 -0.6776986 -0.7125657
v 591.1339722 267.6839905 339.1719971
vn 0.1815899 0.6776986 0.7125657
v 591.1339722 267.6839905 339.1719971
vn 0.0000001 -0.4917622 -0.8707296
v 624.8610229 260.0480042 341.6239929
vn -0.0000001 0.4917622 0.8707296
v 624.8610229 260.0480042 341.6239929
vn 0.0643574 -0.2401903 -0.9685901
v 660.3779907 261.0020142 343.1659851
vn 0.0337843 -0.1260863 -0.9914439
v 661.4119873 257.1430054 343.6919861
vn -0.0337843 0.1260863 0.9914439
v 661.4119873 257.1430054 343.6919861
vn -0.0643574 0.2401903 0.9685901
v 660.3779907 261.0020142 343.1659851
vn 0.5000008 -0.8660250 0.0000000
v 695.4719849 271.2510071 376.4559937
vn 0.5000010 -0.8660249 0.0000000
v 695.4719849 271.2510071 343.6919861
vn -0.5000008 0.8660250 0.0000000
v 695.4719849 271.2510071 376.4559937
vn -0.5000009 0.8660249 0.0000000
v 695.4719849 271.2510071 343.6919861
vn 0.2705919 -0.2705950 0.9238822
v 724.7199707 293.6940002 376.4559937
vn -0.2705919 0.2705950 -0.9238822
v 724.7199707 293.6940002 376.4559937
vn 0.4258110 -0.2458482 0.8707719
v 743.6510010 324.9700012 378.1359863
vn -0.4258110 0.2458482 -0.8707719
v 743.6510010 324.9700012 378.1359863
vn 0.6776284 -0.1815641 0.7126389
v 753.9899902 358.9540100 380.8080139
vn -0.6776284 0.1815641 -0.7126390
v 753.9899902 358.9540100 380.8080139
vn 0.8632444 -0.0000017 0.5047864
v 755.8720093 393.5539856 384.2909851
vn -0.8632444 0.0000017 -0.5047863
v 755.8720093 393.5539856 384.2909851
vn 0.6776386 0.1815761 0.7126262
v 753.9899902 428.1539917 380.8080139
vn -0.6776386 -0.1815761 -0.7126261
v 753.9899902 428.1539917 380.8080139
vn 0.4258377 0.2458587 0.8707559
v 743.6510010 462.1369934 378.1359863
vn -0.4258377 -0.2458586 -0.8707559
v 743.6510010 462.1369934 378.1359863
vn 0.2705933 0.2705960 0.9238815
v 724.7199707 493.4129944 376.4559937
vn -0.2705933 -0.2705960 -0.9238815
v 724.7199707 493.4129944 376.4559937
vn 0.5000008 0.8660249 0.0000000
v 695.4719849 515.8560181 343.6919861
vn 0.5000009 0.8660249 0.0000000
v 695.4719849 515.8560181 376.4559937
vn -0.5000009 -0.8660249 0.0000000
v 695.4719849 515.8560181 376.4559937
vn -0.5000008 -0.8660249 0.0000000
v 695.4719849 515.8560181 343.6919861
vn 0.0337934 0.1261172 -0.9914396
v 661.4119873 529.9639893 343.6919861
vn 0.0643618 0.2402021 -0.9685869
v 660.3779907 526.1060181 343.1659851
vn -0.0643618 -0.2402022 0.9685869
v 660.3779907 526.1060181 343.1659851
vn -0.0337934 -0.1261172 0.9914396
v 661.4119873 529.9639893 343.6919861
vn 0.0000011 0.4916999 -0.8707648
v 624.8610229 527.0599976 341.6239929
vn -0.0000011 -0.4916998 0.8707648
v 624.8610229 527.0599976 341.6239929
vn -0.1815823 0.6776478 -0.7126159
v 591.1339722 519.4229736 339.1719971
vn 0.1815823 -0.6776477 0.7126159
v 591.1339722 519.4229736 339.1719971
vn -0.4316515 0.7476394 -0.5046905
v 560.9320068 504.2810059 335.9750061
vn 0.4316515 -0.7476394 0.5046904
v 560.9320068 504.2810059 335.9750061
vn -0.6824927 0.6824805 -0.2615800
v 535.5419922 482.8720093 332.2529907
vn 0.6824927 -0.6824805 0.2615800
v 535.5419922 482.8720093 332.2529907
vn -0.8660282 0.4999951 -0.0000001
v 515.9240112 456.4479980 328.2590027
vn 0.8660282 -0.4999950 0.0000000
v 515.9240112 456.4479980 328.2590027
vn -0.9322740 0.2498087 0.2616501
v 502.8500061 426.2470093 324.2650146
vn 0.9322740 -0.2498087 -0.2616501
v 502.8500061 426.2470093 324.2650146
vn -0.8632330 -0.0000001 0.5048057
v 497.0039978 393.5539856 320.5419922
vn -0.8338140 -0.2234083 0.5048199
v 501.3599854 360.4620056 320.5419922
vn 0.8632330 0.0000001 -0.5048057
v 497.0039978 393.5539856 320.5419922
vn 0.8338140 0.2234083 -0.5048199
v 501.3599854 360.4620056 320.5419922
vn -0.8358724 -0.4825864 0.2615869
v 515.4689941 330.3959961 324.2650146
vn 0.8358724 0.4825864 -0.2615870
v 515.4689941 330.3959961 324.2650146
vn -0.7071132 -0.7071004 -0.0000013
v 535.9140015 304.6069946 328.2590027
vn 0.7071132 0.7071004 0.0000013
v 535.9140015 304.6069946 328.2590027
vn -0.4825700 -0.8358659 -0.2616381
v 561.7030029 284.1610107 332.2529907
vn 0.4825700 0.8358659 0.2616382
v 561.7030029 284.1610107 332.2529907
vn -0.2234083 -0.8338329 -0.5047885
v 591.7689819 270.0530090 335.9750061
vn 0.2234083 0.8338329 0.5047885
v 591.7689819 270.0530090 335.9750061
vn 0.0000020 -0.7015756 -0.7125950
v 624.8610229 263.2439880 339.1719971
vn -0.0000020 0.7015756 0.7125951
v 624.8610229 263.2439880 339.1719971
vn 0.1272819 -0.4750245 -0.8707187
v 659.4149780 264.5969849 341.6239929
vn -0.1272819 0.4750244 0.8707187
v 659.4149780 264.5969849 341.6239929
vn 0.1243344 -0.2153510 -0.9685892
v 693.4749756 274.7109985 343.1659851
vn 0.0652687 -0.1130521 -0.9914430
v 695.4719849 271.2510071 343.6919861
vn -0.0652687 0.1130521 0.9914430
v 695.4719849 271.2510071 343.6919861
vn -0.1243344 0.2153510 0.9685892
v 693.4749756 274.7109985 343.1659851
vn 0.7071063 -0.7071072 0.0000000
v 724.7199707 293.6940002 376.4559937
vn 0.7071063 -0.7071072 0.0000000
v 724.7199707 293.6940002 343.6919861
vn -0.7071063 0.7071072 0.0000000
v 724.7199707 293.6940002 376.4559937
vn -0.7071063 0.7071072 0.0000000
v 724.7199707 293.6940002 343.6919861
vn 0.3314382 -0.1913591 0.9238672
v 747.1630249 322.9419861 376.4559937
vn -0.3314382 0.1913591 -0.9238672
v 747.1630249 322.9419861 376.4559937
vn 0.4750027 -0.1272802 0.8707308
v 757.3540039 358.0520020 378.1359863
vn -0.4750027 0.1272802 -0.8707308
v 757.3540039 358.0520020 378.1359863
vn 0.7015291 0.0000001 0.7126409
v 758.5449829 393.5539856 380.8080139
vn -0.7015290 -0.0000001 -0.7126409
v 758.5449829 393.5539856 380.8080139
vn 0.4750089 0.1272740 0.8707284
v 757.3540039 429.0549927 378.1359863
vn -0.4750089 -0.1272740 -0.8707284
v 757.3540039 429.0549927 378.1359863
vn 0.3314371 0.1913587 0.9238676
v 747.1630249 464.1650085 376.4559937
vn -0.3314370 -0.1913586 -0.9238676
v 747.1630249 464.1650085 376.4559937
vn 0.7071066 0.7071070 0.0000000
v 724.7199707 493.4129944 343.6919861
vn 0.7071066 0.7071069 0.0000000
v 724.7199707 493.4129944 376.4559937
vn -0.7071066 -0.7071069 0.0000000
v 724.7199707 493.4129944 376.4559937
vn -0.7071066 -0.7071069 0.0000000
v 724.7199707 493.4129944 343.6919861
vn 0.1243206 0.2153352 -0.9685944
v 693.4749756 512.3969727 343.1659851
vn 0.0652828 0.1130744 -0.9914395
v 695.4719849 515.8560181 343.6919861
vn -0.0652828 -0.1130744 0.9914395
v 695.4719849 515.8560181 343.6919861
vn -0.1243206 -0.2153352 0.9685944
v 693.4749756 512.3969727 343.1659851
vn 0.1272669 0.4749656 -0.8707530
v 659.4149780 522.5109863 341.6239929
vn -0.1272669 -0.4749656 0.8707530
v 659.4149780 522.5109863 341.6239929
vn 0.0000036 0.7015827 -0.7125881
v 624.8610229 523.8629761 339.1719971
vn -0.0000036 -0.7015827 0.7125881
v 624.8610229 523.8629761 339.1719971
vn -0.2234379 0.8338813 -0.5046955
v 591.7689819 517.0540161 335.9750061
vn 0.2234379 -0.8338813 0.5046955
v 591.7689819 517.0540161 335.9750061
vn -0.4825957 0.8358836 -0.2615339
v 561.7030029 502.9460144 332.2529907
vn 0.4825957 -0.8358836 0.2615339
v 561.7030029 502.9460144 332.2529907
vn -0.7071179 0.7070957 -0.0000025
v 535.9140015 482.5000000 328.2590027
vn 0.7071180 -0.7070956 0.0000025
v 535.9140015 482.5000000 328.2590027
vn -0.8358697 0.4825913 0.2615867
v 515.4689941 456.7109985 324.2650146
vn 0.8358696 -0.4825913 -0.2615868
v 515.4689941 456.7109985 324.2650146
vn -0.8338229 0.2234260 0.5047973
v 501.3599854 426.6459961 320.5419922
vn 0.8338229 -0.2234260 -0.5047972
v 501.3599854 426.6459961 320.5419922
vn -0.7015259 0.0000001 0.7126440
v 494.5509949 393.5539856 317.3460083
vn -0.6776503 -0.1815747 0.7126154
v 498.9909973 359.8269958 317.3460083
vn 0.7015258 -0.0000001 -0.7126441
v 494.5509949 393.5539856 317.3460083
vn 0.6776504 0.1815747 -0.7126153
v 498.9909973 359.8269958 317.3460083
vn -0.7475867 -0.4316143 0.5048001
v 514.1329956 329.6250000 320.5419922
vn 0.7475867 0.4316143 -0.5048001
v 514.1329956 329.6250000 320.5419922
vn -0.6824972 -0.6824929 0.2615360
v 535.5419922 304.2349854 324.2650146
vn 0.6824971 0.6824929 -0.2615360
v 535.5419922 304.2349854 324.2650146
vn -0.4999997 -0.8660256 0.0000060
v 561.9660034 284.6170044 328.2590027
vn 0.4999997 0.8660256 -0.0000060
v 561.9660034 284.6170044 328.2590027
vn -0.2498111 -0.9322998 -0.2615560
v 592.1680298 271.5429993 332.2529907
vn 0.2498111 0.9322998 0.2615560
v 592.1680298 271.5429993 332.2529907
vn -0.0000065 -0.8633045 -0.5046834
v 624.8610229 265.6969910 335.9750061
vn 0.0000065 0.8633045 0.5046834
v 624.8610229 265.6969910 335.9750061
vn 0.1815887 -0.6776972 -0.7125672
v 658.5880127 267.6839905 339.1719971
vn -0.1815887 0.6776972 0.7125672
v 658.5880127 267.6839905 339.1719971
vn 0.2458819 -0.4258808 -0.8707283
v 691.6140137 277.9339905 341.6239929
vn -0.2458818 0.4258807 0.8707283
v 691.6140137 277.9339905 341.6239929
vn 0.1758250 -0.1758243 -0.9685925
v 721.8959961 296.5190125 343.1659851
vn 0.0923160 -0.0923178 -0.9914410
v 724.7199707 293.6940002 343.6919861
vn -0.0923160 0.0923178 0.9914410
v 724.7199707 293.6940002 343.6919861
vn -0.1758250 0.1758243 0.9685925
v 721.8959961 296.5190125 343.1659851
vn 0.8660274 -0.4999966 0.0000000
v 747.1630249 322.9419861 343.6919861
vn 0.8660274 -0.4999966 0.0000000
v 747.1630249 322.9419861 376.4559937
vn -0.8660274 0.4999966 0.0000000
v 747.1630249 322.9419861 376.4559937
vn -0.8660274 0.4999966 0.0000000
v 747.1630249 322.9419861 343.6919861
vn 0.3697104 -0.0990579 0.9238516
v 761.2709961 357.0029907 376.4559937
vn -0.3697104 0.0990578 -0.9238516
v 761.2709961 357.0029907 376.4559937
vn 0.4917513 0.0000005 0.8707357
v 762.0280151 393.5539856 378.1359863
vn -0.4917513 -0.0000005 -0.8707357
v 762.0280151 393.5539856 378.1359863
vn 0.3696883 0.0990610 0.9238602
v 761.2709961 430.1050110 376.4559937
vn -0.3696883 -0.0990610 -0.9238602
v 761.2709961 430.1050110 376.4559937
vn 0.8660248 0.5000011 0.0000000
v 747.1630249 464.1650085 376.4559937
vn 0.8660248 0.5000011 0.0000000
v 747.1630249 464.1650085 343.6919861
vn -0.8660248 -0.5000011 0.0000000
v 747.1630249 464.1650085 376.4559937
vn -0.8660248 -0.5000011 0.0000000
v 747.1630249 464.1650085 343.6919861
vn 0.1758327 0.1758336 -0.9685894
v 721.8959961 490.5889893 343.1659851
vn 0.0923335 0.0923327 -0.9914380
v 724.7199707 493.4129944 343.6919861
vn -0.0923335 -0.0923327 0.9914380
v 724.7199707 493.4129944 343.6919861
vn -0.1758327 -0.1758336 0.9685894
v 721.8959961 490.5889893 343.1659851
vn 0.2458649 0.4258504 -0.8707479
v 691.6140137 509.1730042 341.6239929
vn -0.2458649 -0.4258504 0.8707479
v 691.6140137 509.1730042 341.6239929
vn 0.1815795 0.6776465 -0.7126178
v 658.5880127 519.4229736 339.1719971
vn -0.1815795 -0.6776465 0.7126178
v 658.5880127 519.4229736 339.1719971
vn 0.0000010 0.8633060 -0.5046808
v 624.8610229 521.4110107 335.9750061
vn -0.0000010 -0.8633060 0.5046808
v 624.8610229 521.4110107 335.9750061
vn -0.2498039 0.9322997 -0.2615632
v 592.1680298 515.5650024 332.2529907
vn 0.2498039 -0.9322997 0.2615633
v 592.1680298 515.5650024 332.2529907
vn -0.4999956 0.8660280 -0.0000008
v 561.9660034 502.4909973 328.2590027
vn 0.4999956 -0.8660280 0.0000008
v 561.9660034 502.4909973 328.2590027
vn -0.6824998 0.6824905 0.2615355
v 535.5419922 482.8720093 324.2650146
vn 0.6824997 -0.6824905 -0.2615355
v 535.5419922 482.8720093 324.2650146
vn -0.7475693 0.4315952 0.5048423
v 514.1329956 457.4819946 320.5419922
vn 0.7475693 -0.4315952 -0.5048424
v 514.1329956 457.4819946 320.5419922
vn -0.6776547 0.1815642 0.7126139
v 498.9909973 427.2799988 317.3460083
vn 0.6776548 -0.1815642 -0.7126139
v 498.9909973 427.2799988 317.3460083
vn -0.4750180 -0.1272746 0.8707234
v 495.9039917 359.0000000 314.8940125
vn -0.4917654 0.0000004 0.8707277
v 491.3550110 393.5539856 314.8940125
vn 0.4750180 0.1272746 -0.8707234
v 495.9039917 359.0000000 314.8940125
vn 0.4917654 -0.0000004 -0.8707278
v 491.3550110 393.5539856 314.8940125
vn -0.6075594 -0.3507769 0.7126200
v 512.0089722 328.3989868 317.3460083
vn 0.6075594 0.3507770 -0.7126199
v 512.0089722 328.3989868 317.3460083
vn -0.6104460 -0.6104500 0.5046847
v 534.4520264 303.1449890 320.5419922
vn 0.6104459 0.6104500 -0.5046846
v 534.4520264 303.1449890 320.5419922
vn -0.4825844 -0.8358757 0.2615801
v 561.7030029 284.1610107 324.2650146
vn 0.4825844 0.8358757 -0.2615801
v 561.7030029 284.1610107 324.2650146
vn -0.2588185 -0.9659260 0.0000019
v 592.3040161 272.0499878 328.2590027
vn 0.2588185 0.9659260 -0.0000019
v 592.3040161 272.0499878 328.2590027
vn -0.0000028 -0.9651990 -0.2615165
v 624.8610229 267.2380066 332.2529907
vn 0.0000028 0.9651991 0.2615165
v 624.8610229 267.2380066 332.2529907
vn 0.2234236 -0.8338316 -0.5047839
v 657.9530029 270.0530090 335.9750061
vn -0.2234236 0.8338316 0.5047839
v 657.9530029 270.0530090 335.9750061
vn 0.3507918 -0.6075728 -0.7126012
v 690.0159912 280.7019958 339.1719971
vn -0.3507918 0.6075728 0.7126012
v 690.0159912 280.7019958 339.1719971
vn 0.3477172 -0.3477154 -0.8707392
v 719.2639771 299.1510010 341.6239929
vn -0.3477171 0.3477154 0.8707392
v 719.2639771 299.1510010 341.6239929
vn 0.2153580 -0.1243356 -0.9685875
v 743.7039795 324.9400024 343.1659851
vn 0.1130592 -0.0652777 -0.9914416
v 747.1630249 322.9419861 343.6919861
vn -0.1130592 0.0652777 0.9914416
v 747.1630249 322.9419861 343.6919861
vn -0.2153580 0.1243356 0.9685875
v 743.7039795 324.9400024 343.1659851
vn 0.9659277 -0.2588120 0.0000000
v 761.2709961 357.0029907 343.6919861
vn 0.9659277 -0.2588120 0.0000000
v 761.2709961 357.0029907 376.4559937
vn -0.9659277 0.2588120 0.0000000
v 761.2709961 357.0029907 376.4559937
vn -0.9659277 0.2588120 0.0000000
v 761.2709961 357.0029907 343.6919861
vn 0.3827534 -0.0000000 0.9238505
v 766.0830078 393.5539856 376.4559937
vn -0.3827534 0.0000000 -0.9238505
v 766.0830078 393.5539856 376.4559937
vn 0.9659264 0.2588170 0.0000000
v 761.2709961 430.1050110 376.4559937
vn 0.9659264 0.2588170 0.0000000
v 761.2709961 430.1050110 343.6919861
vn -0.9659264 -0.2588170 0.0000000
v 761.2709961 430.1050110 376.4559937
vn -0.9659264 -0.2588170 0.0000000
v 761.2709961 430.1050110 343.6919861
vn 0.2153651 0.1243408 -0.9685852
v 743.7039795 462.1679993 343.1659851
vn 0.1130737 0.0652831 -0.9914396
v 747.1630249 464.1650085 343.6919861
vn -0.1130737 -0.0652831 0.9914396
v 747.1630249 464.1650085 343.6919861
vn -0.2153651 -0.1243408 0.9685852
v 743.7039795 462.1679993 343.1659851
vn 0.3477134 0.3477164 -0.8707403
v 719.2639771 487.9570007 341.6239929
vn -0.3477134 -0.3477164 0.8707404
v 719.2639771 487.9570007 341.6239929
vn 0.3507866 0.6075737 -0.7126030
v 690.0159912 506.4049988 339.1719971
vn -0.3507866 -0.6075736 0.7126030
v 690.0159912 506.4049988 339.1719971
vn 0.2234395 0.8338843 -0.5046899
v 657.9530029 517.0540161 335.9750061
vn -0.2234395 -0.8338843 0.5046899
v 657.9530029 517.0540161 335.9750061
vn -0.0000037 0.9651700 -0.2616237
v 624.8610229 519.8690186 332.2529907
vn 0.0000037 -0.9651700 0.2616237
v 624.8610229 519.8690186 332.2529907
vn -0.2588161 0.9659266 0.0000022
v 592.3040161 515.0570068 328.2590027
vn 0.2588161 -0.9659266 -0.0000022
v 592.3040161 515.0570068 328.2590027
vn -0.4826056 0.8358924 0.2614877
v 561.7030029 502.9460144 324.2650146
vn 0.4826056 -0.8358924 -0.2614877
v 561.7030029 502.9460144 324.2650146
vn -0.6104237 0.6104220 0.5047454
v 534.4520264 483.9620056 320.5419922
vn 0.6104237 -0.6104220 -0.5047455
v 534.4520264 483.9620056 320.5419922
vn -0.6075290 0.3507621 0.7126532
v 512.0089722 458.7090149 317.3460083
vn 0.6075291 -0.3507621 -0.7126531
v 512.0089722 458.7090149 317.3460083
vn -0.4750109 0.1272821 0.8707262
v 495.9039917 428.1080017 314.8940125
vn 0.4750108 -0.1272821 -0.8707262
v 495.9039917 428.1080017 314.8940125
vn -0.2401841 -0.0643617 0.9685914
v 492.3089905 358.0360107 313.3519897
vn -0.2486553 0.0000003 0.9685920
v 487.6329956 393.5539856 313.3519897
vn 0.2401841 0.0643617 -0.9685914
v 492.3089905 358.0360107 313.3519897
vn 0.2486553 -0.0000003 -0.9685920
v 487.6329956 393.5539856 313.3519897
vn -0.4258854 -0.2458839 0.8707255
v 509.2409973 326.8009949 314.8940125
vn 0.4258854 0.2458839 -0.8707255
v 509.2409973 326.8009949 314.8940125
vn -0.4960808 -0.4960819 0.7126055
v 532.7180176 301.4110107 317.3460083
vn 0.4960808 0.4960819 -0.7126055
v 532.7180176 301.4110107 317.3460083
vn -0.4316411 -0.7476234 0.5047230
v 560.9320068 282.8259888 320.5419922
vn 0.4316412 0.7476234 -0.5047228
v 560.9320068 282.8259888 320.5419922
vn -0.2498130 -0.9323124 0.2615094
v 592.1680298 271.5429993 324.2650146
vn 0.2498130 0.9323124 -0.2615094
v 592.1680298 271.5429993 324.2650146
vn 0.0000000 -1.0000000 0.0000000
v 624.8610229 267.7640076 328.2590027
vn 0.0000000 1.0000000 0.0000000
v 624.8610229 267.7640076 328.2590027
vn 0.2498131 -0.9322999 -0.2615537
v 657.5540161 271.5429993 332.2529907
vn -0.2498131 0.9322999 0.2615538
v 657.5540161 271.5429993 332.2529907
vn 0.4316362 -0.7476488 -0.5046895
v 688.7890015 282.8259888 335.9750061
vn -0.4316362 0.7476489 0.5046895
v 688.7890015 282.8259888 335.9750061
vn 0.4961217 -0.4961140 -0.7125547
v 717.0040283 301.4110107 339.1719971
vn -0.4961217 0.4961140 0.7125547
v 717.0040283 301.4110107 339.1719971
vn 0.4258359 -0.2458520 -0.8707587
v 740.4810181 326.8009949 341.6239929
vn -0.4258359 0.2458520 0.8707587
v 740.4810181 326.8009949 341.6239929
vn 0.2401957 -0.0643634 -0.9685884
v 757.4130249 358.0360107 343.1659851
vn 0.1261256 -0.0337925 -0.9914386
v 761.2709961 357.0029907 343.6919861
vn -0.1261256 0.0337925 0.9914386
v 761.2709961 357.0029907 343.6919861
vn -0.2401957 0.0643634 0.9685884
v 757.4130249 358.0360107 343.1659851
vn 1.0000000 -0.0000000 0.0000000
v 766.0830078 393.5539856 343.6919861
vn 1.0000000 -0.0000001 0.0000000
v 766.0830078 393.5539856 376.4559937
vn -1.0000000 0.0000001 0.0000000
v 766.0830078 393.5539856 376.4559937
vn -1.0000000 0.0000000 0.0000000
v 766.0830078 393.5539856 343.6919861
vn 0.2402039 0.0643604 -0.9685866
v 757.4130249 429.0710144 343.1659851
vn 0.1261171 0.0337935 -0.9914396
v 761.2709961 430.1050110 343.6919861
vn -0.1261171 -0.0337935 0.9914396
v 761.2709961 430.1050110 343.6919861
vn -0.2402039 -0.0643604 0.9685866
v 757.4130249 429.0710144 343.1659851
vn 0.4258358 0.2458503 -0.8707592
v 740.4810181 460.3070068 341.6239929
vn -0.4258358 -0.2458503 0.8707592
v 740.4810181 460.3070068 341.6239929
vn 0.4960825 0.4960884 -0.7125999
v 717.0040283 485.6969910 339.1719971
vn -0.4960825 -0.4960884 0.7125999
v 717.0040283 485.6969910 339.1719971
vn 0.4316433 0.7476457 -0.5046881
v 688.7890015 504.2810059 335.9750061
vn -0.4316433 -0.7476457 0.5046881
v 688.7890015 504.2810059 335.9750061
vn 0.2498066 0.9322996 -0.2615612
v 657.5540161 515.5650024 332.2529907
vn -0.2498066 -0.9322996 0.2615612
v 657.5540161 515.5650024 332.2529907
vn -0.0000000 1.0000000 0.0000000
v 624.8610229 519.3430176 328.2590027
vn 0.0000000 -1.0000000 0.0000000
v 624.8610229 519.3430176 328.2590027
vn -0.2498089 0.9323118 0.2615153
v 592.1680298 515.5650024 324.2650146
vn 0.2498089 -0.9323118 -0.2615153
v 592.1680298 515.5650024 324.2650146
vn -0.4316465 0.7476240 0.5047174
v 560.9320068 504.2810059 320.5419922
vn 0.4316465 -0.7476240 -0.5047174
v 560.9320068 504.2810059 320.5419922
vn -0.4960383 0.4960572 0.7126523
v 532.7180176 485.6969910 317.3460083
vn 0.4960384 -0.4960572 -0.7126523
v 532.7180176 485.6969910 317.3460083
vn -0.4258853 0.2458822 0.8707260
v 509.2409973 460.3070068 314.8940125
vn 0.4258853 -0.2458822 -0.8707260
v 509.2409973 460.3070068 314.8940125
vn -0.2401924 0.0643587 0.9685895
v 492.3089905 429.0710144 313.3519897
vn 0.2401923 -0.0643587 -0.9685895
v 492.3089905 429.0710144 313.3519897
vn -0.1260952 -0.0337854 0.9914427
v 488.4500122 357.0029907 312.8259888
vn -0.1305384 -0.0000000 0.9914433
v 483.6380005 393.5539856 312.8259888
vn 0.1260952 0.0337854 -0.9914427
v 488.4500122 357.0029907 312.8259888
vn 0.1305384 0.0000000 -0.9914433
v 483.6380005 393.5539856 312.8259888
vn -0.2153602 -0.1243368 0.9685868
v 506.0180054 324.9400024 313.3519897
vn 0.2153602 0.1243368 -0.9685868
v 506.0180054 324.9400024 313.3519897
vn -0.3477171 -0.3477194 0.8707376
v 530.4580078 299.1510010 314.8940125
vn 0.3477171 0.3477194 -0.8707377
v 530.4580078 299.1510010 314.8940125
vn -0.3507752 -0.6075593 0.7126208
v 559.7059937 280.7019958 317.3460083
vn 0.3507752 0.6075593 -0.7126208
v 559.7059937 280.7019958 317.3460083
vn -0.2234171 -0.8338156 0.5048132
v 591.7689819 270.0530090 320.5419922
vn 0.2234171 0.8338157 -0.5048131
v 591.7689819 270.0530090 320.5419922
vn 0.0000029 -0.9652119 0.2614689
v 624.8610229 267.2380066 324.2650146
vn -0.0000029 0.9652119 -0.2614689
v 624.8610229 267.2380066 324.2650146
vn 0.2588188 -0.9659259 -0.0000019
v 657.4180298 272.0499878 328.2590027
vn -0.2588188 0.9659259 0.0000019
v 657.4180298 272.0499878 328.2590027
vn 0.4825930 -0.8358716 -0.2615775
v 688.0189819 284.1610107 332.2529907
vn -0.4825929 0.8358716 0.2615775
v 688.0189819 284.1610107 332.2529907
vn 0.6104423 -0.6104230 -0.5047217
v 715.2700195 303.1449890 335.9750061
vn -0.6104423 0.6104230 0.5047216
v 715.2700195 303.1449890 335.9750061
vn 0.6075630 -0.3507789 -0.7126159
v 737.7119751 328.3989868 339.1719971
vn -0.6075630 0.3507790 0.7126159
v 737.7119751 328.3989868 339.1719971
vn 0.4749578 -0.1272609 -0.8707582
v 753.8179932 359.0000000 341.6239929
vn -0.4749578 0.1272609 0.8707582
v 753.8179932 359.0000000 341.6239929
vn 0.2486702 0.0000003 -0.9685882
v 762.0889893 393.5539856 343.1659851
vn 0.1305697 -0.0000000 -0.9914392
v 766.0830078 393.5539856 343.6919861
vn -0.1305697 0.0000000 0.9914392
v 766.0830078 393.5539856 343.6919861
vn -0.2486702 -0.0000003 0.9685882
v 762.0889893 393.5539856 343.1659851
vn 0.4749506 0.1272684 -0.8707610
v 753.8179932 428.1080017 341.6239929
vn -0.4749507 -0.1272684 0.8707610
v 753.8179932 428.1080017 341.6239929
vn 0.6075326 0.3507640 -0.7126491
v 737.7119751 458.7090149 339.1719971
vn -0.6075326 -0.3507641 0.7126491
v 737.7119751 458.7090149 339.1719971
vn 0.6104147 0.6103948 -0.5047892
v 715.2700195 483.9620056 335.9750061
vn -0.6104146 -0.6103948 0.5047892
v 715.2700195 483.9620056 335.9750061
vn 0.4826240 0.8358838 -0.2614813
v 688.0189819 502.9460144 332.2529907
vn -0.4826240 -0.8358837 0.2614813
v 688.0189819 502.9460144 332.2529907
vn 0.2588164 0.9659265 -0.0000022
v 657.4180298 515.0570068 328.2590027
vn -0.2588164 -0.9659266 0.0000022
v 657.4180298 515.0570068 328.2590027
vn 0.0000037 0.9651829 0.2615760
v 624.8610229 519.8690186 324.2650146
vn -0.0000037 -0.9651829 -0.2615760
v 624.8610229 519.8690186 324.2650146
vn -0.2234323 0.8338670 0.5047217
v 591.7689819 517.0540161 320.5419922
vn 0.2234323 -0.8338669 -0.5047217
v 591.7689819 517.0540161 320.5419922
vn -0.3507739 0.6075573 0.7126232
v 559.7059937 506.4049988 317.3460083
vn 0.3507738 -0.6075573 -0.7126232
v 559.7059937 506.4049988 317.3460083
vn -0.3477134 0.3477204 0.8707387
v 530.4580078 487.9570007 314.8940125
vn 0.3477134 -0.3477204 -0.8707387
v 530.4580078 487.9570007 314.8940125
vn -0.2153673 0.1243420 0.9685845
v 506.0180054 462.1679993 313.3519897
vn 0.2153673 -0.1243420 -0.9685845
v 506.0180054 462.1679993 313.3519897
vn -0.1260868 0.0337863 0.9914438
v 488.4500122 430.1050110 312.8259888
vn 0.1260867 -0.0337863 -0.9914438
v 488.4500122 430.1050110 312.8259888
vn -1.0000000 -0.0000001 0.0000000
v 483.6380005 393.5539856 312.8259888
vn -0.9659244 -0.2588242 0.0000000
v 488.4500122 357.0029907 278.4490051
vn -0.9659244 -0.2588243 0.0000000
v 488.4500122 357.0029907 312.8259888
vn -1.0000000 -0.0000001 0.0000000
v 483.6380005 393.5539856 278.4490051
vn 1.0000000 0.0000001 0.0000000
v 483.6380005 393.5539856 278.4490051
vn 1.0000000 0.0000001 0.0000000
v 483.6380005 393.5539856 312.8259888
vn 0.9659244 0.2588242 0.0000000
v 488.4500122 357.0029907 278.4490051
vn 0.9659244 0.2588242 0.0000000
v 488.4500122 357.0029907 312.8259888
vn -0.1130589 -0.0652777 0.9914417
v 502.5589905 322.9419861 312.8259888
vn 0.1130589 0.0652777 -0.9914417
v 502.5589905 322.9419861 312.8259888
vn -0.1758272 -0.1758264 0.9685917
v 527.8259888 296.5190125 313.3519897
vn 0.1758272 0.1758264 -0.9685917
v 527.8259888 296.5190125 313.3519897
vn -0.2458835 -0.4258834 0.8707265
v 558.1079712 277.9339905 314.8940125
vn 0.2458836 0.4258834 -0.8707265
v 558.1079712 277.9339905 314.8940125
vn -0.1815753 -0.6776475 0.7126179
v 591.1339722 267.6839905 317.3460083
vn 0.1815753 0.6776476 -0.7126179
v 591.1339722 267.6839905 317.3460083
vn 0.0000067 -0.8632875 0.5047125
v 624.8610229 265.6969910 320.5419922
vn -0.0000067 0.8632875 -0.5047125
v 624.8610229 265.6969910 320.5419922
vn 0.2498156 -0.9323125 0.2615066
v 657.5540161 271.5429993 324.2650146
vn -0.2498156 0.9323125 -0.2615066
v 657.5540161 271.5429993 324.2650146
vn 0.5000079 -0.8660209 -0.0000060
v 687.7559814 284.6170044 328.2590027
vn -0.5000080 0.8660209 0.0000060
v 687.7559814 284.6170044 328.2590027
vn 0.6824739 -0.6824686 -0.2616601
v 714.1790161 304.2349854 332.2529907
vn -0.6824739 0.6824687 0.2616601
v 714.1790161 304.2349854 332.2529907
vn 0.7476404 -0.4316488 -0.5046911
v 735.5880127 329.6250000 335.9750061
vn -0.7476404 0.4316488 0.5046911
v 735.5880127 329.6250000 335.9750061
vn 0.6776453 -0.1815864 -0.7126172
v 750.7299805 359.8269958 339.1719971
vn -0.6776452 0.1815864 0.7126173
v 750.7299805 359.8269958 339.1719971
vn 0.4917634 0.0000003 -0.8707290
v 758.3670044 393.5539856 341.6239929
vn -0.4917633 -0.0000003 0.8707290
v 758.3670044 393.5539856 341.6239929
vn 0.6776496 0.1815758 -0.7126158
v 750.7299805 427.2799988 339.1719971
vn -0.6776496 -0.1815758 0.7126158
v 750.7299805 427.2799988 339.1719971
vn 0.7476228 0.4316297 -0.5047334
v 735.5880127 457.4819946 335.9750061
vn -0.7476229 -0.4316297 0.5047334
v 735.5880127 457.4819946 335.9750061
vn 0.6824715 0.6824732 -0.2616543
v 714.1790161 482.8720093 332.2529907
vn -0.6824716 -0.6824732 0.2616543
v 714.1790161 482.8720093 332.2529907
vn 0.5000039 0.8660232 0.0000008
v 687.7559814 502.4909973 328.2590027
vn -0.5000038 -0.8660232 -0.0000008
v 687.7559814 502.4909973 328.2590027
vn 0.2498107 0.9323122 0.2615123
v 657.5540161 515.5650024 324.2650146
vn -0.2498107 -0.9323122 -0.2615122
v 657.5540161 515.5650024 324.2650146
vn -0.0000009 0.8632889 0.5047101
v 624.8610229 521.4110107 320.5419922
vn 0.0000009 -0.8632889 -0.5047101
v 624.8610229 521.4110107 320.5419922
vn -0.1815651 0.6775979 0.7126676
v 591.1339722 519.4229736 317.3460083
vn 0.1815651 -0.6775979 -0.7126676
v 591.1339722 519.4229736 317.3460083
vn -0.2458665 0.4258530 0.8707461
v 558.1079712 509.1730042 314.8940125
vn 0.2458665 -0.4258530 -0.8707461
v 558.1079712 509.1730042 314.8940125
vn -0.1758349 0.1758358 0.9685886
v 527.8259888 490.5889893 313.3519897
vn 0.1758349 -0.1758358 -0.9685886
v 527.8259888 490.5889893 313.3519897
vn -0.1130734 0.0652830 0.9914396
v 502.5589905 464.1650085 312.8259888
vn 0.1130734 -0.0652830 -0.9914396
v 502.5589905 464.1650085 312.8259888
vn -0.9659231 0.2588292 0.0000000
v 488.4500122 430.1050110 312.8259888
vn -0.9659231 0.2588292 0.0000000
v 488.4500122 430.1050110 278.4490051
vn 0.9659231 -0.2588292 0.0000000
v 488.4500122 430.1050110 278.4490051
vn 0.9659231 -0.2588292 0.0000000
v 488.4500122 430.1050110 312.8259888
vn -0.8660212 -0.5000073 0.0000000
v 502.5589905 322.9419861 278.4490051
vn -0.8660213 -0.5000073 0.0000000
v 502.5589905 322.9419861 312.8259888
vn 0.8660212 0.5000073 0.0000000
v 502.5589905 322.9419861 278.4490051
vn 0.8660212 0.5000073 0.0000000
v 502.5589905 322.9419861 312.8259888
vn -0.0923160 -0.0923178 0.9914410
v 525.0020142 293.6940002 312.8259888
vn 0.0923160 0.0923178 -0.9914410
v 525.0020142 293.6940002 312.8259888
vn -0.1243360 -0.2153536 0.9685884
v 556.2470093 274.7109985 313.3519897
vn 0.1243360 0.2153537 -0.9685884
v 556.2470093 274.7109985 313.3519897
vn -0.1272827 -0.4750277 0.8707169
v 590.3070068 264.5969849 314.8940125
vn 0.1272827 0.4750277 -0.8707169
v 590.3070068 264.5969849 314.8940125
vn -0.0000013 -0.7015244 0.7126455
v 624.8610229 263.2439880 317.3460083
vn 0.0000013 0.7015245 -0.7126454
v 624.8610229 263.2439880 317.3460083
vn 0.2234066 -0.8338174 0.5048149
v 657.9530029 270.0530090 320.5419922
vn -0.2234066 0.8338174 -0.5048150
v 657.9530029 270.0530090 320.5419922
vn 0.4826013 -0.8358796 0.2615364
v 688.0189819 284.1610107 324.2650146
vn -0.4826013 0.8358797 -0.2615364
v 688.0189819 284.1610107 324.2650146
vn 0.7071113 -0.7071024 0.0000014
v 713.8070068 304.6069946 328.2590027
vn -0.7071112 0.7071023 -0.0000013
v 713.8070068 304.6069946 328.2590027
vn 0.8358806 -0.4825988 -0.2615381
v 734.2529907 330.3959961 332.2529907
vn -0.8358805 0.4825988 0.2615381
v 734.2529907 330.3959961 332.2529907
vn 0.8338807 -0.2234422 -0.5046945
v 748.3610229 360.4620056 335.9750061
vn -0.8338807 0.2234422 0.5046946
v 748.3610229 360.4620056 335.9750061
vn 0.7015719 0.0000000 -0.7125987
v 755.1710205 393.5539856 339.1719971
vn -0.7015719 -0.0000000 0.7125987
v 755.1710205 393.5539856 339.1719971
vn 0.8338897 0.2234600 -0.5046719
v 748.3610229 426.6459961 335.9750061
vn -0.8338896 -0.2234600 0.5046720
v 748.3610229 426.6459961 335.9750061
vn 0.8358777 0.4826037 -0.2615380
v 734.2529907 456.7109985 332.2529907
vn -0.8358777 -0.4826038 0.2615380
v 734.2529907 456.7109985 332.2529907
vn 0.7071161 0.7070975 0.0000024
v 713.8070068 482.5000000 328.2590027
vn -0.7071160 -0.7070975 -0.0000025
v 713.8070068 482.5000000 328.2590027
vn 0.4826172 0.8359019 0.2614360
v 688.0189819 502.9460144 324.2650146
vn -0.4826171 -0.8359019 -0.2614360
v 688.0189819 502.9460144 324.2650146
vn 0.2234356 0.8338642 0.5047246
v 657.9530029 517.0540161 320.5419922
vn -0.2234356 -0.8338642 -0.5047247
v 657.9530029 517.0540161 320.5419922
vn -0.0000028 0.7015309 0.7126390
v 624.8610229 523.8629761 317.3460083
vn 0.0000028 -0.7015309 -0.7126390
v 624.8610229 523.8629761 317.3460083
vn -0.1272687 0.4749686 0.8707511
v 590.3070068 522.5109863 314.8940125
vn 0.1272687 -0.4749686 -0.8707511
v 590.3070068 522.5109863 314.8940125
vn -0.1243222 0.2153379 0.9685937
v 556.2470093 512.3969727 313.3519897
vn 0.1243222 -0.2153379 -0.9685937
v 556.2470093 512.3969727 313.3519897
vn -0.0923335 0.0923328 0.9914380
v 525.0020142 493.4129944 312.8259888
vn 0.0923335 -0.0923328 -0.9914380
v 525.0020142 493.4129944 312.8259888
vn -0.8660186 0.5000119 0.0000000
v 502.5589905 464.1650085 312.8259888
vn -0.8660187 0.5000117 0.0000000
v 502.5589905 464.1650085 278.4490051
vn 0.8660187 -0.5000118 0.0000000
v 502.5589905 464.1650085 278.4490051
vn 0.8660186 -0.5000119 0.0000000
v 502.5589905 464.1650085 312.8259888
vn -0.7071066 -0.7071071 0.0000000
v 525.0020142 293.6940002 278.4490051
vn -0.7071065 -0.7071071 0.0000000
v 525.0020142 293.6940002 312.8259888
vn 0.7071066 0.7071071 0.0000000
v 525.0020142 293.6940002 278.4490051
vn 0.7071065 0.7071071 0.0000000
v 525.0020142 293.6940002 312.8259888
vn -0.0652687 -0.1130521 0.9914430
v 554.2500000 271.2510071 312.8259888
vn 0.0652687 0.1130521 -0.9914430
v 554.2500000 271.2510071 312.8259888
vn -0.0643582 -0.2401933 0.9685893
v 589.3439941 261.0020142 313.3519897
vn 0.0643582 0.2401933 -0.9685893
v 589.3439941 261.0020142 313.3519897
vn 0.0000012 -0.4917655 0.8707277
v 624.8610229 260.0480042 314.8940125
vn -0.0000012 0.4917655 -0.8707277
v 624.8610229 260.0480042 314.8940125
vn 0.1815777 -0.6776478 0.7126171
v 658.5880127 267.6839905 317.3460083
vn -0.1815777 0.6776478 -0.7126171
v 658.5880127 267.6839905 317.3460083
vn 0.4316337 -0.7476297 0.5047199
v 688.7890015 282.8259888 320.5419922
vn -0.4316337 0.7476297 -0.5047199
v 688.7890015 282.8259888 320.5419922
vn 0.6824805 -0.6824824 0.2616068
v 714.1790161 304.2349854 324.2650146
vn -0.6824805 0.6824824 -0.2616067
v 714.1790161 304.2349854 324.2650146
vn 0.8660249 -0.5000011 0.0000000
v 733.7979736 330.6589966 328.2590027
vn -0.8660249 0.5000011 0.0000000
v 733.7979736 330.6589966 328.2590027
vn 0.9322993 -0.2498070 -0.2615620
v 746.8720093 360.8609924 332.2529907
vn -0.9322993 0.2498070 0.2615620
v 746.8720093 360.8609924 332.2529907
vn 0.8632539 -0.0000000 -0.5047700
v 752.7180176 393.5539856 335.9750061
vn -0.8632539 0.0000000 0.5047700
v 752.7180176 393.5539856 335.9750061
vn 0.9322883 0.2498173 -0.2615909
v 746.8720093 426.2470093 332.2529907
vn -0.9322883 -0.2498173 0.2615909
v 746.8720093 426.2470093 332.2529907
vn 0.8660222 0.5000057 -0.0000000
v 733.7979736 456.4479980 328.2590027
vn -0.8660222 -0.5000057 -0.0000000
v 733.7979736 456.4479980 328.2590027
vn 0.6824877 0.6824744 0.2616087
v 714.1790161 482.8720093 324.2650146
vn -0.6824877 -0.6824744 -0.2616087
v 714.1790161 482.8720093 324.2650146
vn 0.4316294 0.7476353 0.5047153
v 688.7890015 504.2810059 320.5419922
vn -0.4316294 -0.7476353 -0.5047153
v 688.7890015 504.2810059 320.5419922
vn 0.1815690 0.6775982 0.7126665
v 658.5880127 519.4229736 317.3460083
vn -0.1815690 -0.6775982 -0.7126665
v 658.5880127 519.4229736 317.3460083
vn 0.0000001 0.4917032 0.8707629
v 624.8610229 527.0599976 314.8940125
vn -0.0000001 -0.4917032 -0.8707629
v 624.8610229 527.0599976 314.8940125
vn -0.0643629 0.2402055 0.9685860
v 589.3439941 526.1060181 313.3519897
vn 0.0643629 -0.2402055 -0.9685860
v 589.3439941 526.1060181 313.3519897
vn -0.0652828 0.1130744 0.9914395
v 554.2500000 515.8560181 312.8259888
vn 0.0652828 -0.1130744 -0.9914395
v 554.2500000 515.8560181 312.8259888
vn -0.7071067 0.7071068 0.0000000
v 525.0020142 493.4129944 312.8259888
vn -0.7071068 0.7071068 0.0000000
v 525.0020142 493.4129944 278.4490051
vn 0.7071068 -0.7071068 0.0000000
v 525.0020142 493.4129944 278.4490051
vn 0.7071068 -0.7071068 0.0000000
v 525.0020142 493.4129944 312.8259888
vn -0.5000010 -0.8660249 0.0000000
v 554.2500000 271.2510071 312.8259888
vn -0.5000009 -0.8660249 0.0000000
v 554.2500000 271.2510071 278.4490051
vn 0.5000010 0.8660249 0.0000000
v 554.2500000 271.2510071 312.8259888
vn 0.5000009 0.8660249 0.0000000
v 554.2500000 271.2510071 278.4490051
vn -0.0337843 -0.1260863 0.9914439
v 588.3099976 257.1430054 312.8259888
vn 0.0337843 0.1260863 -0.9914439
v 588.3099976 257.1430054 312.8259888
vn 0.0000004 -0.2486555 0.9685920
v 624.8610229 256.3259888 313.3519897
vn -0.0000004 0.2486555 -0.9685920
v 624.8610229 256.3259888 313.3519897
vn 0.1272817 -0.4750281 0.8707168
v 659.4149780 264.5969849 314.8940125
vn -0.1272817 0.4750281 -0.8707168
v 659.4149780 264.5969849 314.8940125
vn 0.3507629 -0.6075320 0.7126502
v 690.0159912 280.7019958 317.3460083
vn -0.3507630 0.6075320 -0.7126502
v 690.0159912 280.7019958 317.3460083
vn 0.6104266 -0.6104093 0.5047573
v 715.2700195 303.1449890 320.5419922
vn -0.6104266 0.6104093 -0.5047573
v 715.2700195 303.1449890 320.5419922
vn 0.8358917 -0.4826052 0.2614905
v 734.2529907 330.3959961 324.2650146
vn -0.8358917 0.4826052 -0.2614904
v 734.2529907 330.3959961 324.2650146
vn 0.9659271 -0.2588143 -0.0000000
v 746.3640137 360.9970093 328.2590027
vn -0.9659271 0.2588143 0.0000000
v 746.3640137 360.9970093 328.2590027
vn 0.9651694 0.0000008 -0.2616258
v 751.1760254 393.5539856 332.2529907
vn -0.9651694 -0.0000008 0.2616258
v 751.1760254 393.5539856 332.2529907
vn 0.9659323 0.2587950 0.0000002
v 746.3640137 426.1099854 328.2590027
vn -0.9659323 -0.2587950 -0.0000002
v 746.3640137 426.1099854 328.2590027
vn 0.8358889 0.4826102 0.2614903
v 734.2529907 456.7109985 324.2650146
vn -0.8358889 -0.4826102 -0.2614903
v 734.2529907 456.7109985 324.2650146
vn 0.6104088 0.6103799 0.5048144
v 715.2700195 483.9620056 320.5419922
vn -0.6104087 -0.6103799 -0.5048144
v 715.2700195 483.9620056 320.5419922
vn 0.3507620 0.6075293 0.7126530
v 690.0159912 506.4049988 317.3460083
vn -0.3507620 -0.6075293 -0.7126529
v 690.0159912 506.4049988 317.3460083
vn 0.1272687 0.4749685 0.8707512
v 659.4149780 522.5109863 314.8940125
vn -0.1272687 -0.4749686 -0.8707511
v 659.4149780 522.5109863 314.8940125
vn 0.0000000 0.2486737 0.9685873
v 624.8610229 530.7819824 313.3519897
vn -0.0000000 -0.2486737 -0.9685873
v 624.8610229 530.7819824 313.3519897
vn -0.0337933 0.1261171 0.9914396
v 588.3099976 529.9639893 312.8259888
vn 0.0337933 -0.1261171 -0.9914396
v 588.3099976 529.9639893 312.8259888
vn -0.5000008 0.8660249 0.0000000
v 554.2500000 515.8560181 278.4490051
vn -0.5000008 0.8660249 0.0000000
v 554.2500000 515.8560181 312.8259888
vn 0.5000008 -0.8660249 0.0000000
v 554.2500000 515.8560181 312.8259888
vn 0.5000008 -0.8660249 0.0000000
v 554.2500000 515.8560181 278.4490051
vn -0.2588174 -0.9659263 0.0000000
v 588.3099976 257.1430054 312.8259888
vn -0.2588174 -0.9659263 0.0000000
v 588.3099976 257.1430054 278.4490051
vn 0.2588174 0.9659263 0.0000000
v 588.3099976 257.1430054 312.8259888
vn 0.2588174 0.9659263 0.0000000
v 588.3099976 257.1430054 278.4490051
vn -0.0000002 -0.1305382 0.9914433
v 624.8610229 252.3309937 312.8259888
vn 0.0000002 0.1305382 -0.9914433
v 624.8610229 252.3309937 312.8259888
vn 0.0643577 -0.2401929 0.9685894
v 660.3779907 261.0020142 313.3519897
vn -0.0643577 0.2401929 -0.9685894
v 660.3779907 261.0020142 313.3519897
vn 0.2458835 -0.4258836 0.8707265
v 691.6140137 277.9339905 314.8940125
vn -0.2458835 0.4258836 -0.8707265
v 691.6140137 277.9339905 314.8940125
vn 0.4960895 -0.4960764 0.7126033
v 717.0040283 301.4110107 317.3460083
vn -0.4960895 0.4960765 -0.7126033
v 717.0040283 301.4110107 317.3460083
vn 0.7476256 -0.4316403 0.5047204
v 735.5880127 329.6250000 320.5419922
vn -0.7476256 0.4316403 -0.5047203
v 735.5880127 329.6250000 320.5419922
vn 0.9323117 -0.2498103 0.2615144
v 746.8720093 360.8609924 324.2650146
vn -0.9323117 0.2498103 -0.2615144
v 746.8720093 360.8609924 324.2650146
vn 1.0000000 0.0000017 0.0000002
v 750.6500244 393.5539856 328.2590027
vn -1.0000000 -0.0000017 -0.0000002
v 750.6500244 393.5539856 328.2590027
vn 0.9323021 0.2498180 0.2615412
v 746.8720093 426.2470093 324.2650146
vn -0.9323021 -0.2498180 -0.2615412
v 746.8720093 426.2470093 324.2650146
vn 0.7476082 0.4316212 0.5047625
v 735.5880127 457.4819946 320.5419922
vn -0.7476082 -0.4316212 -0.5047626
v 735.5880127 457.4819946 320.5419922
vn 0.4960462 0.4960520 0.7126504
v 717.0040283 485.6969910 317.3460083
vn -0.4960462 -0.4960520 -0.7126504
v 717.0040283 485.6969910 317.3460083
vn 0.2458664 0.4258532 0.8707461
v 691.6140137 509.1730042 314.8940125
vn -0.2458665 -0.4258532 -0.8707461
v 691.6140137 509.1730042 314.8940125
vn 0.0643629 0.2402054 0.9685860
v 660.3779907 526.1060181 313.3519897
vn -0.0643629 -0.2402055 -0.9685860
v 660.3779907 526.1060181 313.3519897
vn 0.0000000 0.1305695 0.9914392
v 624.8610229 534.7760010 312.8259888
vn -0.0000000 -0.1305695 -0.9914392
v 624.8610229 534.7760010 312.8259888
vn -0.2588170 0.9659264 0.0000000
v 588.3099976 529.9639893 278.4490051
vn -0.2588170 0.9659264 0.0000000
v 588.3099976 529.9639893 312.8259888
vn 0.2588170 -0.9659264 0.0000000
v 588.3099976 529.9639893 312.8259888
vn 0.2588170 -0.9659264 0.0000000
v 588.3099976 529.9639893 278.4490051
vn 0.0000001 -1.0000000 0.0000000
v 624.8610229 252.3309937 312.8259888
vn 0.0000001 -1.0000000 0.0000000
v 624.8610229 252.3309937 278.4490051
vn -0.0000001 1.0000000 0.0000000
v 624.8610229 252.3309937 312.8259888
vn -0.0000001 1.0000000 0.0000000
v 624.8610229 252.3309937 278.4490051
vn 0.0337845 -0.1260864 0.9914438
v 661.4119873 257.1430054 312.8259888
vn -0.0337845 0.1260864 -0.9914438
v 661.4119873 257.1430054 312.8259888
vn 0.1243360 -0.2153536 0.9685884
v 693.4749756 274.7109985 313.3519897
vn -0.1243360 0.2153536 -0.9685884
v 693.4749756 274.7109985 313.3519897
vn 0.3477194 -0.3477177 0.8707374
v 719.2639771 299.1510010 314.8940125
vn -0.3477194 0.3477177 -0.8707374
v 719.2639771 299.1510010 314.8940125
vn 0.6075185 -0.3507532 0.7126665
v 737.7119751 328.3989868 317.3460083
vn -0.6075185 0.3507532 -0.7126665
v 737.7119751 328.3989868 317.3460083
vn 0.8338642 -0.2234378 0.5047238
v 748.3610229 360.4620056 320.5419922
vn -0.8338642 0.2234378 -0.5047237
v 748.3610229 360.4620056 320.5419922
vn 0.9651829 0.0000037 0.2615760
v 751.1760254 393.5539856 324.2650146
vn -0.9651829 -0.0000037 -0.2615760
v 751.1760254 393.5539856 324.2650146
vn 0.8338748 0.2234497 0.5047010
v 748.3610229 426.6459961 320.5419922
vn -0.8338748 -0.2234497 -0.5047010
v 748.3610229 426.6459961 320.5419922
vn 0.6074882 0.3507383 0.7126997
v 737.7119751 458.7090149 317.3460083
vn -0.6074881 -0.3507384 -0.7126997
v 737.7119751 458.7090149 317.3460083
vn 0.3477158 0.3477187 0.8707385
v 719.2639771 487.9570007 314.8940125
vn -0.3477157 -0.3477187 -0.8707385
v 719.2639771 487.9570007 314.8940125
vn 0.1243222 0.2153379 0.9685937
v 693.4749756 512.3969727 313.3519897
vn -0.1243222 -0.2153379 -0.9685937
v 693.4749756 512.3969727 313.3519897
vn 0.0337933 0.1261171 0.9914396
v 661.4119873 529.9639893 312.8259888
vn -0.0337933 -0.1261171 -0.9914396
v 661.4119873 529.9639893 312.8259888
vn 0.0000001 1.0000000 0.0000000
v 624.8610229 534.7760010 278.4490051
vn 0.0000001 1.0000000 0.0000000
v 624.8610229 534.7760010 312.8259888
vn -0.0000001 -1.0000000 0.0000000
v 624.8610229 534.7760010 312.8259888
vn -0.0000001 -1.0000000 0.0000000
v 624.8610229 534.7760010 278.4490051
vn 0.2588175 -0.9659262 0.0000000
v 661.4119873 257.1430054 312.8259888
vn 0.2588176 -0.9659262 0.0000000
v 661.4119873 257.1430054 278.4490051
vn -0.2588175 0.9659262 0.0000000
v 661.4119873 257.1430054 312.8259888
vn -0.2588175 0.9659262 0.0000000
v 661.4119873 257.1430054 278.4490051
vn 0.0652687 -0.1130521 0.9914430
v 695.4719849 271.2510071 312.8259888
vn -0.0652687 0.1130521 -0.9914430
v 695.4719849 271.2510071 312.8259888
vn 0.1758272 -0.1758265 0.9685917
v 721.8959961 296.5190125 313.3519897
vn -0.1758272 0.1758265 -0.9685917
v 721.8959961 296.5190125 313.3519897
vn 0.4258387 -0.2458536 0.8707568
v 740.4810181 326.8009949 314.8940125
vn -0.4258387 0.2458536 -0.8707568
v 740.4810181 326.8009949 314.8940125
vn 0.6775956 -0.1815731 0.7126679
v 750.7299805 359.8269958 317.3460083
vn -0.6775956 0.1815731 -0.7126679
v 750.7299805 359.8269958 317.3460083
vn 0.8632370 0.0000060 0.5047990
v 752.7180176 393.5539856 320.5419922
vn -0.8632370 -0.0000060 -0.5047990
v 752.7180176 393.5539856 320.5419922
vn 0.6775992 0.1815595 0.7126679
v 750.7299805 427.2799988 317.3460083
vn -0.6775992 -0.1815595 -0.7126679
v 750.7299805 427.2799988 317.3460083
vn 0.4258386 0.2458519 0.8707573
v 740.4810181 460.3070068 314.8940125
vn -0.4258386 -0.2458519 -0.8707573
v 740.4810181 460.3070068 314.8940125
vn 0.1758349 0.1758359 0.9685886
v 721.8959961 490.5889893 313.3519897
vn -0.1758349 -0.1758359 -0.9685886
v 721.8959961 490.5889893 313.3519897
vn 0.0652829 0.1130745 0.9914395
v 695.4719849 515.8560181 312.8259888
vn -0.0652828 -0.1130744 -0.9914395
v 695.4719849 515.8560181 312.8259888
vn 0.2588172 0.9659263 0.0000000
v 661.4119873 529.9639893 278.4490051
vn 0.2588172 0.9659263 0.0000000
v 661.4119873 529.9639893 312.8259888
vn -0.2588172 -0.9659263 0.0000000
v 661.4119873 529.9639893 312.8259888
vn -0.2588172 -0.9659263 0.0000000
v 661.4119873 529.9639893 278.4490051
vn 0.5000010 -0.8660249 0.0000000
v 695.4719849 271.2510071 312.8259888
vn 0.5000010 -0.8660249 0.0000000
v 695.4719849 271.2510071 278.4490051
vn -0.5000010 0.8660249 0.0000000
v 695.4719849 271.2510071 312.8259888
vn -0.5000010 0.8660249 0.0000000
v 695.4719849 271.2510071 278.4490051
vn 0.0923160 -0.0923178 0.9914410
v 724.7199707 293.6940002 312.8259888
vn -0.0923160 0.0923178 -0.9914410
v 724.7199707 293.6940002 312.8259888
vn 0.2153607 -0.1243371 0.9685866
v 743.7039795 324.9400024 313.3519897
vn -0.2153607 0.1243371 -0.9685866
v 743.7039795 324.9400024 313.3519897
vn 0.4749609 -0.1272618 0.8707563
v 753.8179932 359.0000000 314.8940125
vn -0.4749609 0.1272618 -0.8707563
v 753.8179932 359.0000000 314.8940125
vn 0.7015189 0.0000028 0.7126508
v 755.1710205 393.5539856 317.3460083
vn -0.7015189 -0.0000028 -0.7126509
v 755.1710205 393.5539856 317.3460083
vn 0.4749538 0.1272693 0.8707591
v 753.8179932 428.1080017 314.8940125
vn -0.4749538 -0.1272693 -0.8707591
v 753.8179932 428.1080017 314.8940125
vn 0.2153678 0.1243424 0.9685844
v 743.7039795 462.1679993 313.3519897
vn -0.2153678 -0.1243424 -0.9685844
v 743.7039795 462.1679993 313.3519897
vn 0.0923335 0.0923327 0.9914380
v 724.7199707 493.4129944 312.8259888
vn -0.0923335 -0.0923327 -0.9914380
v 724.7199707 493.4129944 312.8259888
vn 0.5000008 0.8660249 0.0000000
v 695.4719849 515.8560181 278.4490051
vn 0.5000008 0.8660250 0.0000000
v 695.4719849 515.8560181 312.8259888
vn -0.5000008 -0.8660250 0.0000000
v 695.4719849 515.8560181 312.8259888
vn -0.5000008 -0.8660249 0.0000000
v 695.4719849 515.8560181 278.4490051
vn 0.7071063 -0.7071072 0.0000000
v 724.7199707 293.6940002 312.8259888
vn 0.7071063 -0.7071072 0.0000000
v 724.7199707 293.6940002 278.4490051
vn -0.7071063 0.7071072 0.0000000
v 724.7199707 293.6940002 312.8259888
vn -0.7071063 0.7071072 0.0000000
v 724.7199707 293.6940002 278.4490051
vn 0.1130592 -0.0652777 0.9914416
v 747.1630249 322.9419861 312.8259888
vn -0.1130592 0.0652777 -0.9914416
v 747.1630249 322.9419861 312.8259888
vn 0.2401987 -0.0643642 0.9685876
v 757.4130249 358.0360107 313.3519897
vn -0.2401987 0.0643642 -0.9685876
v 757.4130249 358.0360107 313.3519897
vn 0.4917666 0.0000004 0.8707271
v 758.3670044 393.5539856 314.8940125
vn -0.4917665 -0.0000004 -0.8707271
v 758.3670044 393.5539856 314.8940125
vn 0.2402070 0.0643612 0.9685857
v 757.4130249 429.0710144 313.3519897
vn -0.2402070 -0.0643612 -0.9685857
v 757.4130249 429.0710144 313.3519897
vn 0.1130737 0.0652831 0.9914396
v 747.1630249 464.1650085 312.8259888
vn -0.1130737 -0.0652831 -0.9914396
v 747.1630249 464.1650085 312.8259888
vn 0.7071066 0.7071070 0.0000000
v 724.7199707 493.4129944 278.4490051
vn 0.7071066 0.7071069 0.0000000
v 724.7199707 493.4129944 312.8259888
vn -0.7071066 -0.7071069 0.0000000
v 724.7199707 493.4129944 312.8259888
vn -0.7071066 -0.7071069 0.0000000
v 724.7199707 493.4129944 278.4490051
vn 0.8660274 -0.4999966 0.0000000
v 747.1630249 322.9419861 278.4490051
vn 0.8660274 -0.4999966 0.0000000
v 747.1630249 322.9419861 312.8259888
vn -0.8660274 0.4999966 0.0000000
v 747.1630249 322.9419861 312.8259888
vn -0.8660274 0.4999966 0.0000000
v 747.1630249 322.9419861 278.4490051
vn 0.1261256 -0.0337925 0.9914386
v 761.2709961 357.0029907 312.8259888
vn -0.1261256 0.0337925 -0.9914386
v 761.2709961 357.0029907 312.8259888
vn 0.2486733 0.0000003 0.9685875
v 762.0889893 393.5539856 313.3519897
vn -0.2486733 -0.0000003 -0.9685875
v 762.0889893 393.5539856 313.3519897
vn 0.1261171 0.0337935 0.9914396
v 761.2709961 430.1050110 312.8259888
vn -0.1261171 -0.0337935 -0.9914396
v 761.2709961 430.1050110 312.8259888
vn 0.8660248 0.5000011 0.0000000
v 747.1630249 464.1650085 312.8259888
vn 0.8660248 0.5000011 0.0000000
v 747.1630249 464.1650085 278.4490051
vn -0.8660248 -0.5000011 0.0000000
v 747.1630249 464.1650085 312.8259888
vn -0.8660248 -0.5000011 0.0000000
v 747.1630249 464.1650085 278.4490051
vn 0.9659277 -0.2588120 0.0000000
v 761.2709961 357.0029907 278.4490051
vn 0.9659277 -0.2588120 0.0000000
v 761.2709961 357.0029907 312.8259888
vn -0.9659277 0.2588120 0.0000000
v 761.2709961 357.0029907 312.8259888
vn -0.9659277 0.2588120 0.0000000
v 761.2709961 357.0029907 278.4490051
vn 0.1305697 -0.0000000 0.9914392
v 766.0830078 393.5539856 312.8259888
vn -0.1305697 0.0000000 -0.9914392
v 766.0830078 393.5539856 312.8259888
vn 0.9659264 0.2588170 0.0000000
v 761.2709961 430.1050110 312.8259888
vn 0.9659264 0.2588170 0.0000000
v 761.2709961 430.1050110 278.4490051
vn -0.9659264 -0.2588170 0.0000000
v 761.2709961 430.1050110 312.8259888
vn -0.9659264 -0.2588170 0.0000000
v 761.2709961 430.1050110 278.4490051
vn 1.0000000 -0.0000001 0.0000000
v 766.0830078 393.5539856 278.4490051
vn 1.0000000 -0.0000001 0.0000000
v 766.0830078 393.5539856 312.8259888
vn -1.0000000 0.0000001 0.0000000
v 766.0830078 393.5539856 312.8259888
vn -1.0000000 0.0000001 0.0000000
v 766.0830078 393.5539856 278.4490051
vn 0.0000000 0.0000000 -1.0000000
v 488.4500122 430.1050110 278.4490051
vn 0.0000000 0.0000000 -1.0000000
v 488.4500122 357.0029907 278.4490051
vn 0.0000000 0.0000000 -1.0000000
v 483.6380005 393.5539856 278.4490051
vn 0.0000000 0.0000000 -1.0000000
v 502.5589905 464.1650085 278.4490051
vn 0.0000000 0.0000000 -1.0000000
v 502.5589905 322.9419861 278.4490051
vn 0.0000000 0.0000000 -1.0000000
v 525.0020142 493.4129944 278.4490051
vn 0.0000000 0.0000000 -1.0000000
v 525.0020142 293.6940002 278.4490051
vn 0.0000000 0.0000000 -1.0000000
v 554.2500000 515.8560181 278.4490051
vn 0.0000000 0.0000000 -1.0000000
v 554.2500000 271.2510071 278.4490051
vn 0.0000000 0.0000000 -1.0000000
v 588.3099976 529.9639893 278.4490051
vn 0.0000000 0.0000000 -1.0000000
v 588.3099976 257.1430054 278.4490051
vn 0.0000000 0.0000000 -1.0000000
v 624.8610229 534.7760010 278.4490051
vn 0.0000000 0.0000000 -1.0000000
v 624.8610229 252.3309937 278.4490051
vn 0.0000000 0.0000000 -1.0000000
v 661.4119873 529.9639893 278.4490051
vn 0.0000000 0.0000000 -1.0000000
v 661.4119873 257.1430054 278.4490051
vn 0.0000000 0.0000000 -1.0000000
v 695.4719849 271.2510071 278.4490051
vn 0.0000000 0.0000000 -1.0000000
v 695.4719849 515.8560181 278.4490051
vn 0.0000000 0.0000000 -1.0000000
v 724.7199707 293.6940002 278.4490051
vn 0.0000000 0.0000000 -1.0000000
v 724.7199707 493.4129944 278.4490051
vn 0.0000000 0.0000000 -1.0000000
v 747.1630249 322.9419861 278.4490051
vn 0.0000000 0.0000000 -1.0000000
v 747.1630249 464.1650085 278.4490051
vn 0.0000000 0.0000000 -1.0000000
v 761.2709961 357.0029907 278.4490051
vn 0.0000000 0.0000000 -1.0000000
v 761.2709961 430.1050110 278.4490051
vn 0.0000000 0.0000000 -1.0000000
v 766.0830078 393.5539856 278.4490051
vn 0.0000000 0.0000000 1.0000000
v 766.0830078 393.5539856 278.4490051
vn 0.0000000 0.0000000 1.0000000
v 761.2709961 430.1050110 278.4490051
vn 0.0000000 0.0000000 1.0000000
v 761.2709961 357.0029907 278.4490051
vn 0.0000000 0.0000000 1.0000000
v 747.1630249 464.1650085 278.4490051
vn 0.0000000 0.0000000 1.0000000
v 747.1630249 322.9419861 278.4490051
vn 0.0000000 0.0000000 1.0000000
v 724.7199707 493.4129944 278.4490051
vn 0.0000000 0.0000000 1.0000000
v 724.7199707 293.6940002 278.4490051
vn 0.0000000 0.0000000 1.0000000
v 695.4719849 515.8560181 278.4490051
vn 0.0000000 0.0000000 1.0000000
v 695.4719849 271.2510071 278.4490051
vn 0.0000000 0.0000000 1.0000000
v 661.4119873 529.9639893 278.4490051
vn 0.0000000 0.0000000 1.0000000
v 661.4119873 257.1430054 278.4490051
vn 0.0000000 0.0000000 1.0000000
v 624.8610229 252.3309937 278.4490051
vn 0.0000000 0.0000000 1.0000000
v 624.8610229 534.7760010 278.4490051
vn 0.0000000 0.0000000 1.0000000
v 588.3099976 257.1430054 278.4490051
vn 0.0000000 0.0000000 1.0000000
v 588.3099976 529.9639893 278.4490051
vn 0.0000000 0.0000000 1.0000000
v 554.2500000 271.2510071 278.4490051
vn 0.0000000 0.0000000 1.0000000
v 554.2500000 515.8560181 278.4490051
vn 0.0000000 0.0000000 1.0000000
v 525.0020142 293.6940002 278.4490051
vn 0.0000000 0.0000000 1.0000000
v 525.0020142 493.4129944 278.4490051
vn 0.0000000 0.0000000 1.0000000
v 502.5589905 322.9419861 278.4490051
vn 0.0000000 0.0000000 1.0000000
v 502.5589905 464.1650085 278.4490051
vn 0.0000000 0.0000000 1.0000000
v 488.4500122 357.0029907 278.4490051
vn 0.0000000 0.0000000 1.0000000
v 488.4500122 430.1050110 278.4490051
vn 0.0000000 0.0000000 1.0000000
v 483.6380005 393.5539856 278.4490051
vn 0.0000000 0.0000000 0.0000000
v 479.2860107 393.5539856 375.8829956
vn 0.0000000 0.0000000 0.0000000
v 483.6380005 393.5539856 376.4559937
vn 0.0000000 0.0000000 0.0000000
v -63.5848999 237.3020020 1367.6500244
vn 0.0000000 0.0000000 0.0000000
v 0.0000000 245.6730042 1367.6500244
vn 0.0000000 0.0000000 0.0000000
v -122.8369980 212.7590027 1367.6500244
vn 0.0000000 0.0000000 0.0000000
v -173.7169952 173.7169952 1367.6500244
vn 0.0000000 0.0000000 0.0000000
v -212.7590027 122.8369980 1367.6500244
vn 0.0000000 0.0000000 0.0000000
v -237.3020020 63.5848999 1367.6500244
vn 0.0000000 0.0000000 0.0000000
v -245.6730042 0.0000000 1367.6500244
vn 0.0000000 0.0000000 0.0000000
v -237.3020020 -63.5848999 1367.6500244
vn 0.0000000 0.0000000 0.0000000
v -212.7590027 -122.8369980 1367.6500244
vn 0.0000000 0.0000000 0.0000000
v -173.7169952 -173.7169952 1367.6500244
vn 0.0000000 0.0000000 0.0000000
v -122.8369980 -212.7590027 1367.6500244
vn 0.0000000 0.0000000 0.0000000
v -63.5848999 -237.3020020 1367.6500244
vn 0.0000000 0.0000000 0.0000000
v 0.0000000 -245.6730042 1367.6500244
vn 0.0000000 0.0000000 0.0000000
v 63.5848999 -237.3020020 1367.6500244
vn 0.0000000 0.0000000 0.0000000
v 122.8369980 -212.7590027 1367.6500244
vn 0.0000000 0.0000000 0.0000000
v 173.7169952 -173.7169952 1367.6500244
vn 0.0000000 0.0000000 0.0000000
v 212.7590027 -122.8369980 1367.6500244
vn 0.0000000 0.0000000 0.0000000
v 237.3020020 -63.5848999 1367.6500244
vn 0.0000000 0.0000000 0.0000000
v 245.6730042 0.0000000 1367.6500244
vn 0.0000000 0.0000000 0.0000000
v 237.3020020 63.5848999 1367.6500244
vn 0.0000000 0.0000000 0.0000000
v 212.7590027 122.8369980 1367.6500244
vn 0.0000000 0.0000000 0.0000000
v 173.7169952 173.7169952 1367.6500244
vn 0.0000000 0.0000000 0.0000000
v 122.8369980 212.7590027 1367.6500244
vn 0.0000000 0.0000000 0.0000000
v 63.5848999 237.3020020 1367.6500244
# 3508 vertices, 0 vertices normals

f 1//1 2//2 3//3
f 1//1 7//7 2//2
f 9//9 10//10 11//11
f 10//10 9//9 12//12
f 1//1 3//3 17//17
f 1//1 19//19 7//7
f 10//10 21//21 11//11
f 21//21 10//10 22//22
f 25//25 11//11 26//26
f 11//11 25//25 9//9
f 29//29 12//12 9//9
f 12//12 29//29 30//30
f 1//1 17//17 33//33
f 1//1 35//35 19//19
f 22//22 37//37 21//21
f 37//37 22//22 38//38
f 11//11 41//41 26//26
f 41//41 11//11 21//21
f 43//43 26//26 44//44
f 26//26 43//43 25//25
f 47//47 9//9 25//25
f 9//9 47//47 29//29
f 49//49 30//30 29//29
f 30//30 49//49 50//50
f 1//1 33//33 53//53
f 1//1 55//55 35//35
f 38//38 57//57 37//37
f 57//57 38//38 58//58
f 21//21 61//61 41//41
f 61//61 21//21 37//37
f 26//26 63//63 44//44
f 63//63 26//26 41//41
f 65//65 44//44 66//66
f 44//44 65//65 43//43
f 69//69 25//25 43//43
f 25//25 69//69 47//47
f 71//71 29//29 47//47
f 29//29 71//71 49//49
f 73//73 50//50 49//49
f 50//50 73//73 74//74
f 1//1 53//53 77//77
f 1//1 79//79 55//55
f 58//58 81//81 57//57
f 81//81 58//58 82//82
f 37//37 85//85 61//61
f 85//85 37//37 57//57
f 41//41 87//87 63//63
f 87//87 41//41 61//61
f 44//44 89//89 66//66
f 89//89 44//44 63//63
f 91//91 66//66 92//92
f 66//66 91//91 65//65
f 95//95 43//43 65//65
f 43//43 95//95 69//69
f 97//97 47//47 69//69
f 47//47 97//97 71//71
f 99//99 49//49 71//71
f 49//49 99//99 73//73
f 101//101 74//74 73//73
f 74//74 101//101 102//102
f 1//1 77//77 105//105
f 107//107 79//79 1//1
f 82//82 109//109 81//81
f 109//109 82//82 110//110
f 57//57 113//113 85//85
f 113//113 57//57 81//81
f 61//61 115//115 87//87
f 115//115 61//61 85//85
f 63//63 117//117 89//89
f 117//117 63//63 87//87
f 66//66 119//119 92//92
f 119//119 66//66 89//89
f 91//91 121//121 122//122
f 121//121 91//91 92//92
f 125//125 65//65 91//91
f 65//65 125//125 95//95
f 127//127 69//69 95//95
f 69//69 127//127 97//97
f 129//129 71//71 97//97
f 71//71 129//129 99//99
f 131//131 73//73 99//99
f 73//73 131//131 101//101
f 133//133 102//102 101//101
f 102//102 133//133 134//134
f 137//137 1//1 105//105
f 139//139 107//107 1//1
f 110//110 141//141 109//109
f 141//141 110//110 142//142
f 81//81 145//145 113//113
f 145//145 81//81 109//109
f 85//85 147//147 115//115
f 147//147 85//85 113//113
f 87//87 149//149 117//117
f 149//149 87//87 115//115
f 89//89 151//151 119//119
f 151//151 89//89 117//117
f 119//119 121//121 92//92
f 121//121 119//119 153//153
f 122//122 155//155 156//156
f 155//155 122//122 121//121
f 125//125 122//122 159//159
f 122//122 125//125 91//91
f 161//161 95//95 125//125
f 95//95 161//161 127//127
f 163//163 97//97 127//127
f 97//97 163//163 129//129
f 165//165 99//99 129//129
f 99//99 165//165 131//131
f 167//167 101//101 131//131
f 101//101 167//167 133//133
f 169//169 134//134 133//133
f 134//134 169//169 170//170
f 173//173 1//1 137//137
f 175//175 139//139 1//1
f 177//177 141//141 142//142
f 141//141 177//177 178//178
f 109//109 181//181 145//145
f 181//181 109//109 141//141
f 113//113 183//183 147//147
f 183//183 113//113 145//145
f 115//115 185//185 149//149
f 185//185 115//115 147//147
f 117//117 187//187 151//151
f 187//187 117//117 149//149
f 151//151 153//153 119//119
f 153//153 151//151 189//189
f 153//153 155//155 121//121
f 155//155 153//153 191//191
f 156//156 193//193 194//194
f 193//193 156//156 155//155
f 159//159 156//156 197//197
f 156//156 159//159 122//122
f 199//199 125//125 159//159
f 125//125 199//199 161//161
f 201//201 127//127 161//161
f 127//127 201//201 163//163
f 203//203 129//129 163//163
f 129//129 203//203 165//165
f 205//205 131//131 165//165
f 131//131 205//205 167//167
f 207//207 133//133 167//167
f 133//133 207//207 169//169
f 169//169 209//209 170//170
f 209//209 169//169 210//210
f 213//213 1//1 173//173
f 215//215 175//175 1//1
f 217//217 178//178 177//177
f 178//178 217//217 218//218
f 178//178 181//181 141//141
f 181//181 178//178 221//221
f 145//145 223//223 183//183
f 223//223 145//145 181//181
f 147//147 225//225 185//185
f 225//225 147//147 183//183
f 149//149 227//227 187//187
f 227//227 149//149 185//185
f 151//151 229//229 189//189
f 229//229 151//151 187//187
f 189//189 191//191 153//153
f 191//191 189//189 231//231
f 191//191 193//193 155//155
f 193//193 191//191 233//233
f 194//194 235//235 236//236
f 235//235 194//194 193//193
f 197//197 194//194 239//239
f 194//194 197//197 156//156
f 199//199 197//197 241//241
f 197//197 199//199 159//159
f 243//243 161//161 199//199
f 161//161 243//243 201//201
f 245//245 163//163 201//201
f 163//163 245//245 203//203
f 247//247 165//165 203//203
f 165//165 247//247 205//205
f 249//249 167//167 205//205
f 167//167 249//249 207//207
f 207//207 210//210 169//169
f 210//210 207//207 251//251
f 210//210 253//253 209//209
f 253//253 210//210 254//254
f 257//257 1//1 213//213
f 259//259 215//215 1//1
f 261//261 218//218 217//217
f 218//218 261//261 262//262
f 218//218 221//221 178//178
f 221//221 218//218 265//265
f 221//221 223//223 181//181
f 223//223 221//221 267//267
f 183//183 269//269 225//225
f 269//269 183//183 223//223
f 185//185 271//271 227//227
f 271//271 185//185 225//225
f 187//187 273//273 229//229
f 273//273 187//187 227//227
f 229//229 231//231 189//189
f 231//231 229//229 275//275
f 231//231 233//233 191//191
f 233//233 231//231 277//277
f 233//233 235//235 193//193
f 235//235 233//233 279//279
f 236//236 281//281 282//282
f 281//281 236//236 235//235
f 239//239 236//236 285//285
f 236//236 239//239 194//194
f 241//241 239//239 287//287
f 239//239 241//241 197//197
f 241//241 243//243 199//199
f 243//243 241//241 289//289
f 243//243 245//245 201//201
f 245//245 243//243 291//291
f 293//293 203//203 245//245
f 203//203 293//293 247//247
f 295//295 205//205 247//247
f 205//205 295//295 249//249
f 249//249 251//251 207//207
f 251//251 249//249 297//297
f 251//251 254//254 210//210
f 254//254 251//251 299//299
f 254//254 301//301 253//253
f 301//301 254//254 302//302
f 305//305 1//1 257//257
f 307//307 259//259 1//1
f 309//309 262//262 261//261
f 262//262 309//309 310//310
f 262//262 265//265 218//218
f 265//265 262//262 313//313
f 265//265 267//267 221//221
f 267//267 265//265 315//315
f 267//267 269//269 223//223
f 269//269 267//267 317//317
f 225//225 319//319 271//271
f 319//319 225//225 269//269
f 321//321 227//227 271//271
f 227//227 321//321 273//273
f 323//323 229//229 273//273
f 229//229 323//323 275//275
f 275//275 277//277 231//231
f 277//277 275//275 325//325
f 277//277 279//279 233//233
f 279//279 277//277 327//327
f 279//279 281//281 235//235
f 281//281 279//279 329//329
f 282//282 331//331 332//332
f 331//331 282//282 281//281
f 285//285 282//282 335//335
f 282//282 285//285 236//236
f 287//287 285//285 337//337
f 285//285 287//287 239//239
f 287//287 289//289 241//241
f 289//289 287//287 339//339
f 289//289 291//291 243//243
f 291//291 289//289 341//341
f 291//291 293//293 245//245
f 293//293 291//291 343//343
f 345//345 247//247 293//293
f 247//247 345//345 295//295
f 295//295 297//297 249//249
f 297//297 295//295 347//347
f 297//297 299//299 251//251
f 299//299 297//297 349//349
f 299//299 302//302 254//254
f 302//302 299//299 351//351
f 302//302 353//353 301//301
f 353//353 302//302 354//354
f 357//357 1//1 305//305
f 357//357 307//307 1//1
f 359//359 310//310 309//309
f 310//310 359//359 360//360
f 310//310 313//313 262//262
f 313//313 310//310 363//363
f 313//313 315//315 265//265
f 315//315 313//313 365//365
f 315//315 317//317 267//267
f 317//317 315//315 367//367
f 317//317 319//319 269//269
f 319//319 317//317 369//369
f 371//371 271//271 319//319
f 271//271 371//371 321//321
f 373//373 273//273 321//321
f 273//273 373//373 323//323
f 375//375 275//275 323//323
f 275//275 375//375 325//325
f 325//325 327//327 277//277
f 327//327 325//325 377//377
f 327//327 329//329 279//279
f 329//329 327//327 379//379
f 329//329 331//331 281//281
f 331//331 329//329 381//381
f 332//332 383//383 384//384
f 383//383 332//332 331//331
f 335//335 332//332 387//387
f 332//332 335//335 282//282
f 337//337 335//335 389//389
f 335//335 337//337 285//285
f 337//337 339//339 287//287
f 339//339 337//337 391//391
f 339//339 341//341 289//289
f 341//341 339//339 393//393
f 341//341 343//343 291//291
f 343//343 341//341 395//395
f 343//343 345//345 293//293
f 345//345 343//343 397//397
f 345//345 347//347 295//295
f 347//347 345//345 399//399
f 347//347 349//349 297//297
f 349//349 347//347 401//401
f 349//349 351//351 299//299
f 351//351 349//349 403//403
f 351//351 354//354 302//302
f 354//354 351//351 405//405
f 354//354 407//407 353//353
f 407//407 354//354 408//408
f 407//407 360//360 359//359
f 360//360 407//407 408//408
f 360//360 363//363 310//310
f 363//363 360//360 411//411
f 363//363 365//365 313//313
f 365//365 363//363 413//413
f 365//365 367//367 315//315
f 367//367 365//365 415//415
f 367//367 369//369 317//317
f 369//369 367//367 417//417
f 419//419 319//319 369//369
f 319//319 419//419 371//371
f 421//421 321//321 371//371
f 321//321 421//421 373//373
f 423//423 323//323 373//373
f 323//323 423//423 375//375
f 425//425 325//325 375//375
f 325//325 425//425 377//377
f 377//377 379//379 327//327
f 379//379 377//377 427//427
f 379//379 381//381 329//329
f 381//381 379//379 429//429
f 381//381 383//383 331//331
f 383//383 381//381 431//431
f 383//383 433//433 384//384
f 433//433 383//383 434//434
f 387//387 384//384 437//437
f 384//384 387//387 332//332
f 389//389 387//387 439//439
f 387//387 389//389 335//335
f 389//389 391//391 337//337
f 391//391 389//389 441//441
f 391//391 393//393 339//339
f 393//393 391//391 443//443
f 393//393 395//395 341//341
f 395//395 393//393 445//445
f 395//395 397//397 343//343
f 397//397 395//395 447//447
f 397//397 399//399 345//345
f 399//399 397//397 449//449
f 399//399 401//401 347//347
f 401//401 399//399 451//451
f 401//401 403//403 349//349
f 403//403 401//401 453//453
f 403//403 405//405 351//351
f 405//405 403//403 455//455
f 405//405 408//408 354//354
f 408//408 405//405 457//457
f 408//408 411//411 360//360
f 411//411 408//408 457//457
f 411//411 413//413 363//363
f 413//413 411//411 459//459
f 413//413 415//415 365//365
f 415//415 413//413 461//461
f 415//415 417//417 367//367
f 417//417 415//415 463//463
f 465//465 369//369 417//417
f 369//369 465//465 419//419
f 467//467 371//371 419//419
f 371//371 467//467 421//421
f 469//469 373//373 421//421
f 373//373 469//469 423//423
f 471//471 375//375 423//423
f 375//375 471//471 425//425
f 473//473 377//377 425//425
f 377//377 473//473 427//427
f 427//427 429//429 379//379
f 429//429 427//427 475//475
f 429//429 431//431 381//381
f 431//431 429//429 477//477
f 431//431 434//434 383//383
f 434//434 431//431 479//479
f 384//384 481//481 437//437
f 481//481 384//384 433//433
f 439//439 437//437 483//483
f 437//437 439//439 387//387
f 439//439 441//441 389//389
f 441//441 439//439 485//485
f 441//441 443//443 391//391
f 443//443 441//441 487//487
f 443//443 445//445 393//393
f 445//445 443//443 489//489
f 445//445 447//447 395//395
f 447//447 445//445 491//491
f 447//447 449//449 397//397
f 449//449 447//447 493//493
f 449//449 451//451 399//399
f 451//451 449//449 495//495
f 451//451 453//453 401//401
f 453//453 451//451 497//497
f 453//453 455//455 403//403
f 455//455 453//453 499//499
f 455//455 457//457 405//405
f 457//457 455//455 501//501
f 457//457 459//459 411//411
f 459//459 457//457 501//501
f 459//459 461//461 413//413
f 461//461 459//459 503//503
f 461//461 463//463 415//415
f 463//463 461//461 505//505
f 463//463 465//465 417//417
f 465//465 463//463 507//507
f 509//509 419//419 465//465
f 419//419 509//509 467//467
f 511//511 421//421 467//467
f 421//421 511//511 469//469
f 513//513 423//423 469//469
f 423//423 513//513 471//471
f 515//515 425//425 471//471
f 425//425 515//515 473//473
f 517//517 427//427 473//473
f 427//427 517//517 475//475
f 475//475 477//477 429//429
f 477//477 475//475 519//519
f 477//477 479//479 431//431
f 479//479 477//477 521//521
f 437//437 523//523 483//483
f 523//523 437//437 481//481
f 483//483 485//485 439//439
f 485//485 483//483 525//525
f 485//485 487//487 441//441
f 487//487 485//485 527//527
f 487//487 489//489 443//443
f 489//489 487//487 529//529
f 489//489 491//491 445//445
f 491//491 489//489 531//531
f 491//491 493//493 447//447
f 493//493 491//491 533//533
f 493//493 495//495 449//449
f 495//495 493//493 535//535
f 495//495 497//497 451//451
f 497//497 495//495 537//537
f 497//497 499//499 453//453
f 499//499 497//497 539//539
f 499//499 501//501 455//455
f 501//501 499//499 541//541
f 501//501 503//503 459//459
f 503//503 501//501 541//541
f 503//503 505//505 461//461
f 505//505 503//503 543//543
f 505//505 507//507 463//463
f 507//507 505//505 545//545
f 547//547 465//465 507//507
f 465//465 547//547 509//509
f 549//549 467//467 509//509
f 467//467 549//549 511//511
f 551//551 469//469 511//511
f 469//469 551//551 513//513
f 553//553 471//471 513//513
f 471//471 553//553 515//515
f 555//555 473//473 515//515
f 473//473 555//555 517//517
f 557//557 475//475 517//517
f 475//475 557//557 519//519
f 519//519 521//521 477//477
f 521//521 519//519 559//559
f 523//523 525//525 483//483
f 525//525 523//523 561//561
f 525//525 527//527 485//485
f 527//527 525//525 563//563
f 527//527 529//529 487//487
f 529//529 527//527 565//565
f 529//529 531//531 489//489
f 531//531 529//529 567//567
f 531//531 533//533 491//491
f 533//533 531//531 569//569
f 533//533 535//535 493//493
f 535//535 533//533 571//571
f 573//573 495//495 535//535
f 495//495 573//573 537//537
f 575//575 497//497 537//537
f 497//497 575//575 539//539
f 539//539 541//541 499//499
f 541//541 539//539 577//577
f 541//541 543//543 503//503
f 543//543 541//541 577//577
f 579//579 505//505 543//543
f 505//505 579//579 545//545
f 581//581 507//507 545//545
f 507//507 581//581 547//547
f 583//583 509//509 547//547
f 509//509 583//583 549//549
f 585//585 511//511 549//549
f 511//511 585//585 551//551
f 587//587 513//513 551//551
f 513//513 587//587 553//553
f 589//589 515//515 553//553
f 515//515 589//589 555//555
f 591//591 517//517 555//555
f 517//517 591//591 557//557
f 593//593 519//519 557//557
f 519//519 593//593 559//559
f 561//561 563//563 525//525
f 563//563 561//561 595//595
f 563//563 565//565 527//527
f 565//565 563//563 597//597
f 565//565 567//567 529//529
f 567//567 565//565 599//599
f 567//567 569//569 531//531
f 569//569 567//567 601//601
f 569//569 571//571 533//533
f 571//571 569//569 603//603
f 605//605 535//535 571//571
f 535//535 605//605 573//573
f 607//607 537//537 573//573
f 537//537 607//607 575//575
f 609//609 539//539 575//575
f 539//539 609//609 577//577
f 579//579 577//577 609//609
f 577//577 579//579 543//543
f 611//611 545//545 579//579
f 545//545 611//611 581//581
f 613//613 547//547 581//581
f 547//547 613//613 583//583
f 615//615 549//549 583//583
f 549//549 615//615 585//585
f 617//617 551//551 585//585
f 551//551 617//617 587//587
f 619//619 553//553 587//587
f 553//553 619//619 589//589
f 621//621 555//555 589//589
f 555//555 621//621 591//591
f 623//623 557//557 591//591
f 557//557 623//623 593//593
f 595//595 597//597 563//563
f 597//597 595//595 625//625
f 597//597 599//599 565//565
f 599//599 597//597 627//627
f 599//599 601//601 567//567
f 601//601 599//599 629//629
f 601//601 603//603 569//569
f 603//603 601//601 631//631
f 633//633 571//571 603//603
f 571//571 633//633 605//605
f 635//635 573//573 605//605
f 573//573 635//635 607//607
f 637//637 575//575 607//607
f 575//575 637//637 609//609
f 611//611 609//609 637//637
f 609//609 611//611 579//579
f 639//639 581//581 611//611
f 581//581 639//639 613//613
f 641//641 583//583 613//613
f 583//583 641//641 615//615
f 643//643 585//585 615//615
f 585//585 643//643 617//617
f 645//645 587//587 617//617
f 587//587 645//645 619//619
f 647//647 589//589 619//619
f 589//589 647//647 621//621
f 649//649 591//591 621//621
f 591//591 649//649 623//623
f 625//625 627//627 597//597
f 627//627 625//625 651//651
f 627//627 629//629 599//599
f 629//629 627//627 653//653
f 629//629 631//631 601//601
f 631//631 629//629 655//655
f 657//657 603//603 631//631
f 603//603 657//657 633//633
f 659//659 605//605 633//633
f 605//605 659//659 635//635
f 661//661 607//607 635//635
f 607//607 661//661 637//637
f 639//639 637//637 661//661
f 637//637 639//639 611//611
f 663//663 613//613 639//639
f 613//613 663//663 641//641
f 665//665 615//615 641//641
f 615//615 665//665 643//643
f 667//667 617//617 643//643
f 617//617 667//667 645//645
f 669//669 619//619 645//645
f 619//619 669//669 647//647
f 671//671 621//621 647//647
f 621//621 671//671 649//649
f 651//651 653//653 627//627
f 653//653 651//651 673//673
f 653//653 655//655 629//629
f 655//655 653//653 675//675
f 677//677 631//631 655//655
f 631//631 677//677 657//657
f 679//679 633//633 657//657
f 633//633 679//679 659//659
f 681//681 635//635 659//659
f 635//635 681//681 661//661
f 663//663 661//661 681//681
f 661//661 663//663 639//639
f 683//683 641//641 663//663
f 641//641 683//683 665//665
f 685//685 643//643 665//665
f 643//643 685//685 667//667
f 687//687 645//645 667//667
f 645//645 687//687 669//669
f 689//689 647//647 669//669
f 647//647 689//689 671//671
f 673//673 675//675 653//653
f 675//675 673//673 691//691
f 693//693 655//655 675//675
f 655//655 693//693 677//677
f 695//695 657//657 677//677
f 657//657 695//695 679//679
f 697//697 659//659 679//679
f 659//659 697//697 681//681
f 683//683 681//681 697//697
f 681//681 683//683 663//663
f 699//699 665//665 683//683
f 665//665 699//699 685//685
f 701//701 667//667 685//685
f 667//667 701//701 687//687
f 703//703 669//669 687//687
f 669//669 703//703 689//689
f 705//705 675//675 691//691
f 675//675 705//705 693//693
f 707//707 677//677 693//693
f 677//677 707//707 695//695
f 709//709 679//679 695//695
f 679//679 709//709 697//697
f 699//699 697//697 709//709
f 697//697 699//699 683//683
f 711//711 685//685 699//699
f 685//685 711//711 701//701
f 703//703 701//701 713//713
f 701//701 703//703 687//687
f 715//715 693//693 705//705
f 693//693 715//715 707//707
f 717//717 695//695 707//707
f 695//695 717//717 709//709
f 711//711 709//709 717//717
f 709//709 711//711 699//699
f 713//713 711//711 719//719
f 711//711 713//713 701//701
f 721//721 707//707 715//715
f 707//707 721//721 717//717
f 719//719 717//717 721//721
f 717//717 719//719 711//711
f 4//4 5//5 6//6
f 5//5 8//8 6//6
f 13//13 14//14 15//15
f 16//16 15//15 14//14
f 18//18 4//4 6//6
f 8//8 20//20 6//6
f 23//23 15//15 24//24
f 16//16 24//24 15//15
f 14//14 27//27 16//16
f 28//28 16//16 27//27
f 31//31 32//32 13//13
f 14//14 13//13 32//32
f 34//34 18//18 6//6
f 20//20 36//36 6//6
f 39//39 23//23 40//40
f 24//24 40//40 23//23
f 24//24 16//16 42//42
f 28//28 42//42 16//16
f 27//27 45//45 28//28
f 46//46 28//28 45//45
f 32//32 48//48 14//14
f 27//27 14//14 48//48
f 51//51 52//52 31//31
f 32//32 31//31 52//52
f 54//54 34//34 6//6
f 36//36 56//56 6//6
f 59//59 39//39 60//60
f 40//40 60//60 39//39
f 40//40 24//24 62//62
f 42//42 62//62 24//24
f 42//42 28//28 64//64
f 46//46 64//64 28//28
f 45//45 67//67 46//46
f 68//68 46//46 67//67
f 48//48 70//70 27//27
f 45//45 27//27 70//70
f 52//52 72//72 32//32
f 48//48 32//32 72//72
f 75//75 76//76 51//51
f 52//52 51//51 76//76
f 78//78 54//54 6//6
f 56//56 80//80 6//6
f 83//83 59//59 84//84
f 60//60 84//84 59//59
f 60//60 40//40 86//86
f 62//62 86//86 40//40
f 62//62 42//42 88//88
f 64//64 88//88 42//42
f 64//64 46//46 90//90
f 68//68 90//90 46//46
f 67//67 93//93 68//68
f 94//94 68//68 93//93
f 70//70 96//96 45//45
f 67//67 45//45 96//96
f 72//72 98//98 48//48
f 70//70 48//48 98//98
f 76//76 100//100 52//52
f 72//72 52//52 100//100
f 103//103 104//104 75//75
f 76//76 75//75 104//104
f 106//106 78//78 6//6
f 6//6 80//80 108//108
f 111//111 83//83 112//112
f 84//84 112//112 83//83
f 84//84 60//60 114//114
f 86//86 114//114 60//60
f 86//86 62//62 116//116
f 88//88 116//116 62//62
f 88//88 64//64 118//118
f 90//90 118//118 64//64
f 90//90 68//68 120//120
f 94//94 120//120 68//68
f 94//94 93//93 123//123
f 124//124 123//123 93//93
f 96//96 126//126 67//67
f 93//93 67//67 126//126
f 98//98 128//128 70//70
f 96//96 70//70 128//128
f 100//100 130//130 72//72
f 98//98 72//72 130//130
f 104//104 132//132 76//76
f 100//100 76//76 132//132
f 135//135 136//136 103//103
f 104//104 103//103 136//136
f 106//106 6//6 138//138
f 6//6 108//108 140//140
f 143//143 111//111 144//144
f 112//112 144//144 111//111
f 112//112 84//84 146//146
f 114//114 146//146 84//84
f 114//114 86//86 148//148
f 116//116 148//148 86//86
f 116//116 88//88 150//150
f 118//118 150//150 88//88
f 118//118 90//90 152//152
f 120//120 152//152 90//90
f 154//154 120//120 123//123
f 94//94 123//123 120//120
f 123//123 124//124 157//157
f 158//158 157//157 124//124
f 93//93 126//126 124//124
f 160//160 124//124 126//126
f 128//128 162//162 96//96
f 126//126 96//96 162//162
f 130//130 164//164 98//98
f 128//128 98//98 164//164
f 132//132 166//166 100//100
f 130//130 100//100 166//166
f 136//136 168//168 104//104
f 132//132 104//104 168//168
f 171//171 172//172 135//135
f 136//136 135//135 172//172
f 138//138 6//6 174//174
f 6//6 140//140 176//176
f 179//179 180//180 144//144
f 143//143 144//144 180//180
f 144//144 112//112 182//182
f 146//146 182//182 112//112
f 146//146 114//114 184//184
f 148//148 184//184 114//114
f 148//148 116//116 186//186
f 150//150 186//186 116//116
f 150//150 118//118 188//188
f 152//152 188//188 118//118
f 190//190 152//152 154//154
f 120//120 154//154 152//152
f 192//192 154//154 157//157
f 123//123 157//157 154//154
f 157//157 158//158 195//195
f 196//196 195//195 158//158
f 124//124 160//160 158//158
f 198//198 158//158 160//160
f 162//162 200//200 126//126
f 160//160 126//126 200//200
f 164//164 202//202 128//128
f 162//162 128//128 202//202
f 166//166 204//204 130//130
f 164//164 130//130 204//204
f 168//168 206//206 132//132
f 166//166 132//132 206//206
f 172//172 208//208 136//136
f 168//168 136//136 208//208
f 211//211 172//172 212//212
f 171//171 212//212 172//172
f 174//174 6//6 214//214
f 6//6 176//176 216//216
f 219//219 220//220 179//179
f 180//180 179//179 220//220
f 222//222 179//179 182//182
f 144//144 182//182 179//179
f 182//182 146//146 224//224
f 184//184 224//224 146//146
f 184//184 148//148 226//226
f 186//186 226//226 148//148
f 186//186 150//150 228//228
f 188//188 228//228 150//150
f 188//188 152//152 230//230
f 190//190 230//230 152//152
f 232//232 190//190 192//192
f 154//154 192//192 190//190
f 234//234 192//192 195//195
f 157//157 195//195 192//192
f 195//195 196//196 237//237
f 238//238 237//237 196//196
f 158//158 198//198 196//196
f 240//240 196//196 198//198
f 160//160 200//200 198//198
f 242//242 198//198 200//200
f 202//202 244//244 162//162
f 200//200 162//162 244//244
f 204//204 246//246 164//164
f 202//202 164//164 246//246
f 206//206 248//248 166//166
f 204//204 166//166 248//248
f 208//208 250//250 168//168
f 206//206 168//168 250//250
f 252//252 208//208 211//211
f 172//172 211//211 208//208
f 255//255 211//211 256//256
f 212//212 256//256 211//211
f 214//214 6//6 258//258
f 6//6 216//216 260//260
f 263//263 264//264 219//219
f 220//220 219//219 264//264
f 266//266 219//219 222//222
f 179//179 222//222 219//219
f 268//268 222//222 224//224
f 182//182 224//224 222//222
f 224//224 184//184 270//270
f 226//226 270//270 184//184
f 226//226 186//186 272//272
f 228//228 272//272 186//186
f 228//228 188//188 274//274
f 230//230 274//274 188//188
f 276//276 230//230 232//232
f 190//190 232//232 230//230
f 278//278 232//232 234//234
f 192//192 234//234 232//232
f 280//280 234//234 237//237
f 195//195 237//237 234//234
f 237//237 238//238 283//283
f 284//284 283//283 238//238
f 196//196 240//240 238//238
f 286//286 238//238 240//240
f 198//198 242//242 240//240
f 288//288 240//240 242//242
f 290//290 242//242 244//244
f 200//200 244//244 242//242
f 292//292 244//244 246//246
f 202//202 246//246 244//244
f 248//248 294//294 204//204
f 246//246 204//204 294//294
f 250//250 296//296 206//206
f 248//248 206//206 296//296
f 298//298 250//250 252//252
f 208//208 252//252 250//250
f 300//300 252//252 255//255
f 211//211 255//255 252//252
f 303//303 255//255 304//304
f 256//256 304//304 255//255
f 258//258 6//6 306//306
f 6//6 260//260 308//308
f 311//311 312//312 263//263
f 264//264 263//263 312//312
f 314//314 263//263 266//266
f 219//219 266//266 263//263
f 316//316 266//266 268//268
f 222//222 268//268 266//266
f 318//318 268//268 270//270
f 224//224 270//270 268//268
f 270//270 226//226 320//320
f 272//272 320//320 226//226
f 274//274 322//322 228//228
f 272//272 228//228 322//322
f 276//276 324//324 230//230
f 274//274 230//230 324//324
f 326//326 276//276 278//278
f 232//232 278//278 276//276
f 328//328 278//278 280//280
f 234//234 280//280 278//278
f 330//330 280//280 283//283
f 237//237 283//283 280//280
f 283//283 284//284 333//333
f 334//334 333//333 284//284
f 238//238 286//286 284//284
f 336//336 284//284 286//286
f 240//240 288//288 286//286
f 338//338 286//286 288//288
f 340//340 288//288 290//290
f 242//242 290//290 288//288
f 342//342 290//290 292//292
f 244//244 292//292 290//290
f 344//344 292//292 294//294
f 246//246 294//294 292//292
f 296//296 346//346 248//248
f 294//294 248//248 346//346
f 348//348 296//296 298//298
f 250//250 298//298 296//296
f 350//350 298//298 300//300
f 252//252 300//300 298//298
f 352//352 300//300 303//303
f 255//255 303//303 300//300
f 355//355 303//303 356//356
f 304//304 356//356 303//303
f 306//306 6//6 358//358
f 6//6 308//308 358//358
f 361//361 362//362 311//311
f 312//312 311//311 362//362
f 364//364 311//311 314//314
f 263//263 314//314 311//311
f 366//366 314//314 316//316
f 266//266 316//316 314//314
f 368//368 316//316 318//318
f 268//268 318//318 316//316
f 370//370 318//318 320//320
f 270//270 320//320 318//318
f 322//322 372//372 272//272
f 320//320 272//272 372//372
f 324//324 374//374 274//274
f 322//322 274//274 374//374
f 326//326 376//376 276//276
f 324//324 276//276 376//376
f 378//378 326//326 328//328
f 278//278 328//328 326//326
f 380//380 328//328 330//330
f 280//280 330//330 328//328
f 382//382 330//330 333//333
f 283//283 333//333 330//330
f 333//333 334//334 385//385
f 386//386 385//385 334//334
f 284//284 336//336 334//334
f 388//388 334//334 336//336
f 286//286 338//338 336//336
f 390//390 336//336 338//338
f 392//392 338//338 340//340
f 288//288 340//340 338//338
f 394//394 340//340 342//342
f 290//290 342//342 340//340
f 396//396 342//342 344//344
f 292//292 344//344 342//342
f 398//398 344//344 346//346
f 294//294 346//346 344//344
f 400//400 346//346 348//348
f 296//296 348//348 346//346
f 402//402 348//348 350//350
f 298//298 350//350 348//348
f 404//404 350//350 352//352
f 300//300 352//352 350//350
f 406//406 352//352 355//355
f 303//303 355//355 352//352
f 409//409 355//355 410//410
f 356//356 410//410 355//355
f 409//409 410//410 361//361
f 362//362 361//361 410//410
f 412//412 361//361 364//364
f 311//311 364//364 361//361
f 414//414 364//364 366//366
f 314//314 366//366 364//364
f 416//416 366//366 368//368
f 316//316 368//368 366//366
f 418//418 368//368 370//370
f 318//318 370//370 368//368
f 372//372 420//420 320//320
f 370//370 320//320 420//420
f 374//374 422//422 322//322
f 372//372 322//322 422//422
f 376//376 424//424 324//324
f 374//374 324//324 424//424
f 378//378 426//426 326//326
f 376//376 326//326 426//426
f 428//428 378//378 380//380
f 328//328 380//380 378//378
f 430//430 380//380 382//382
f 330//330 382//382 380//380
f 432//432 382//382 385//385
f 333//333 385//385 382//382
f 435//435 385//385 436//436
f 386//386 436//436 385//385
f 334//334 388//388 386//386
f 438//438 386//386 388//388
f 336//336 390//390 388//388
f 440//440 388//388 390//390
f 442//442 390//390 392//392
f 338//338 392//392 390//390
f 444//444 392//392 394//394
f 340//340 394//394 392//392
f 446//446 394//394 396//396
f 342//342 396//396 394//394
f 448//448 396//396 398//398
f 344//344 398//398 396//396
f 450//450 398//398 400//400
f 346//346 400//400 398//398
f 452//452 400//400 402//402
f 348//348 402//402 400//400
f 454//454 402//402 404//404
f 350//350 404//404 402//402
f 456//456 404//404 406//406
f 352//352 406//406 404//404
f 458//458 406//406 409//409
f 355//355 409//409 406//406
f 458//458 409//409 412//412
f 361//361 412//412 409//409
f 460//460 412//412 414//414
f 364//364 414//414 412//412
f 462//462 414//414 416//416
f 366//366 416//416 414//414
f 464//464 416//416 418//418
f 368//368 418//418 416//416
f 420//420 466//466 370//370
f 418//418 370//370 466//466
f 422//422 468//468 372//372
f 420//420 372//372 468//468
f 424//424 470//470 374//374
f 422//422 374//374 470//470
f 426//426 472//472 376//376
f 424//424 376//376 472//472
f 428//428 474//474 378//378
f 426//426 378//378 474//474
f 476//476 428//428 430//430
f 380//380 430//430 428//428
f 478//478 430//430 432//432
f 382//382 432//432 430//430
f 480//480 432//432 435//435
f 385//385 435//435 432//432
f 436//436 386//386 482//482
f 438//438 482//482 386//386
f 388//388 440//440 438//438
f 484//484 438//438 440//440
f 486//486 440//440 442//442
f 390//390 442//442 440//440
f 488//488 442//442 444//444
f 392//392 444//444 442//442
f 490//490 444//444 446//446
f 394//394 446//446 444//444
f 492//492 446//446 448//448
f 396//396 448//448 446//446
f 494//494 448//448 450//450
f 398//398 450//450 448//448
f 496//496 450//450 452//452
f 400//400 452//452 450//450
f 498//498 452//452 454//454
f 402//402 454//454 452//452
f 500//500 454//454 456//456
f 404//404 456//456 454//454
f 502//502 456//456 458//458
f 406//406 458//458 456//456
f 502//502 458//458 460//460
f 412//412 460//460 458//458
f 504//504 460//460 462//462
f 414//414 462//462 460//460
f 506//506 462//462 464//464
f 416//416 464//464 462//462
f 508//508 464//464 466//466
f 418//418 466//466 464//464
f 468//468 510//510 420//420
f 466//466 420//420 510//510
f 470//470 512//512 422//422
f 468//468 422//422 512//512
f 472//472 514//514 424//424
f 470//470 424//424 514//514
f 474//474 516//516 426//426
f 472//472 426//426 516//516
f 476//476 518//518 428//428
f 474//474 428//428 518//518
f 520//520 476//476 478//478
f 430//430 478//478 476//476
f 522//522 478//478 480//480
f 432//432 480//480 478//478
f 482//482 438//438 524//524
f 484//484 524//524 438//438
f 526//526 484//484 486//486
f 440//440 486//486 484//484
f 528//528 486//486 488//488
f 442//442 488//488 486//486
f 530//530 488//488 490//490
f 444//444 490//490 488//488
f 532//532 490//490 492//492
f 446//446 492//492 490//490
f 534//534 492//492 494//494
f 448//448 494//494 492//492
f 536//536 494//494 496//496
f 450//450 496//496 494//494
f 538//538 496//496 498//498
f 452//452 498//498 496//496
f 540//540 498//498 500//500
f 454//454 500//500 498//498
f 542//542 500//500 502//502
f 456//456 502//502 500//500
f 542//542 502//502 504//504
f 460//460 504//504 502//502
f 544//544 504//504 506//506
f 462//462 506//506 504//504
f 546//546 506//506 508//508
f 464//464 508//508 506//506
f 510//510 548//548 466//466
f 508//508 466//466 548//548
f 512//512 550//550 468//468
f 510//510 468//468 550//550
f 514//514 552//552 470//470
f 512//512 470//470 552//552
f 516//516 554//554 472//472
f 514//514 472//472 554//554
f 518//518 556//556 474//474
f 516//516 474//474 556//556
f 520//520 558//558 476//476
f 518//518 476//476 558//558
f 560//560 520//520 522//522
f 478//478 522//522 520//520
f 562//562 524//524 526//526
f 484//484 526//526 524//524
f 564//564 526//526 528//528
f 486//486 528//528 526//526
f 566//566 528//528 530//530
f 488//488 530//530 528//528
f 568//568 530//530 532//532
f 490//490 532//532 530//530
f 570//570 532//532 534//534
f 492//492 534//534 532//532
f 572//572 534//534 536//536
f 494//494 536//536 534//534
f 538//538 574//574 496//496
f 536//536 496//496 574//574
f 540//540 576//576 498//498
f 538//538 498//498 576//576
f 578//578 540//540 542//542
f 500//500 542//542 540//540
f 578//578 542//542 544//544
f 504//504 544//544 542//542
f 546//546 580//580 506//506
f 544//544 506//506 580//580
f 548//548 582//582 508//508
f 546//546 508//508 582//582
f 550//550 584//584 510//510
f 548//548 510//510 584//584
f 552//552 586//586 512//512
f 550//550 512//512 586//586
f 554//554 588//588 514//514
f 552//552 514//514 588//588
f 556//556 590//590 516//516
f 554//554 516//516 590//590
f 558//558 592//592 518//518
f 556//556 518//518 592//592
f 560//560 594//594 520//520
f 558//558 520//520 594//594
f 596//596 562//562 564//564
f 526//526 564//564 562//562
f 598//598 564//564 566//566
f 528//528 566//566 564//564
f 600//600 566//566 568//568
f 530//530 568//568 566//566
f 602//602 568//568 570//570
f 532//532 570//570 568//568
f 604//604 570//570 572//572
f 534//534 572//572 570//570
f 574//574 606//606 536//536
f 572//572 536//536 606//606
f 576//576 608//608 538//538
f 574//574 538//538 608//608
f 578//578 610//610 540//540
f 576//576 540//540 610//610
f 544//544 580//580 578//578
f 610//610 578//578 580//580
f 582//582 612//612 546//546
f 580//580 546//546 612//612
f 584//584 614//614 548//548
f 582//582 548//548 614//614
f 586//586 616//616 550//550
f 584//584 550//550 616//616
f 588//588 618//618 552//552
f 586//586 552//552 618//618
f 590//590 620//620 554//554
f 588//588 554//554 620//620
f 592//592 622//622 556//556
f 590//590 556//556 622//622
f 594//594 624//624 558//558
f 592//592 558//558 624//624
f 626//626 596//596 598//598
f 564//564 598//598 596//596
f 628//628 598//598 600//600
f 566//566 600//600 598//598
f 630//630 600//600 602//602
f 568//568 602//602 600//600
f 632//632 602//602 604//604
f 570//570 604//604 602//602
f 606//606 634//634 572//572
f 604//604 572//572 634//634
f 608//608 636//636 574//574
f 606//606 574//574 636//636
f 610//610 638//638 576//576
f 608//608 576//576 638//638
f 580//580 612//612 610//610
f 638//638 610//610 612//612
f 614//614 640//640 582//582
f 612//612 582//582 640//640
f 616//616 642//642 584//584
f 614//614 584//584 642//642
f 618//618 644//644 586//586
f 616//616 586//586 644//644
f 620//620 646//646 588//588
f 618//618 588//588 646//646
f 622//622 648//648 590//590
f 620//620 590//590 648//648
f 624//624 650//650 592//592
f 622//622 592//592 650//650
f 652//652 626//626 628//628
f 598//598 628//628 626//626
f 654//654 628//628 630//630
f 600//600 630//630 628//628
f 656//656 630//630 632//632
f 602//602 632//632 630//630
f 634//634 658//658 604//604
f 632//632 604//604 658//658
f 636//636 660//660 606//606
f 634//634 606//606 660//660
f 638//638 662//662 608//608
f 636//636 608//608 662//662
f 612//612 640//640 638//638
f 662//662 638//638 640//640
f 642//642 664//664 614//614
f 640//640 614//614 664//664
f 644//644 666//666 616//616
f 642//642 616//616 666//666
f 646//646 668//668 618//618
f 644//644 618//618 668//668
f 648//648 670//670 620//620
f 646//646 620//620 670//670
f 650//650 672//672 622//622
f 648//648 622//622 672//672
f 674//674 652//652 654//654
f 628//628 654//654 652//652
f 676//676 654//654 656//656
f 630//630 656//656 654//654
f 658//658 678//678 632//632
f 656//656 632//632 678//678
f 660//660 680//680 634//634
f 658//658 634//634 680//680
f 662//662 682//682 636//636
f 660//660 636//636 682//682
f 640//640 664//664 662//662
f 682//682 662//662 664//664
f 666//666 684//684 642//642
f 664//664 642//642 684//684
f 668//668 686//686 644//644
f 666//666 644//644 686//686
f 670//670 688//688 646//646
f 668//668 646//646 688//688
f 672//672 690//690 648//648
f 670//670 648//648 690//690
f 692//692 674//674 676//676
f 654//654 676//676 674//674
f 678//678 694//694 656//656
f 676//676 656//656 694//694
f 680//680 696//696 658//658
f 678//678 658//658 696//696
f 682//682 698//698 660//660
f 680//680 660//660 698//698
f 664//664 684//684 682//682
f 698//698 682//682 684//684
f 686//686 700//700 666//666
f 684//684 666//666 700//700
f 688//688 702//702 668//668
f 686//686 668//668 702//702
f 690//690 704//704 670//670
f 688//688 670//670 704//704
f 694//694 706//706 676//676
f 692//692 676//676 706//706
f 696//696 708//708 678//678
f 694//694 678//678 708//708
f 698//698 710//710 680//680
f 696//696 680//680 710//710
f 684//684 700//700 698//698
f 710//710 698//698 700//700
f 702//702 712//712 686//686
f 700//700 686//686 712//712
f 688//688 704//704 702//702
f 714//714 702//702 704//704
f 708//708 716//716 694//694
f 706//706 694//694 716//716
f 710//710 718//718 696//696
f 708//708 696//696 718//718
f 700//700 712//712 710//710
f 718//718 710//710 712//712
f 702//702 714//714 712//712
f 720//720 712//712 714//714
f 718//718 722//722 708//708
f 716//716 708//708 722//722
f 712//712 720//720 718//718
f 722//722 718//718 720//720
f 723//723 724//724 725//725
f 724//724 723//723 726//726
f 727//727 726//726 723//723
f 726//726 727//727 728//728
f 729//729 730//730 731//731
f 730//730 729//729 732//732
f 730//730 732//732 733//733
f 733//733 732//732 734//734
f 734//734 732//732 735//735
f 734//734 735//735 736//736
f 736//736 735//735 737//737
f 737//737 735//735 738//738
f 737//737 738//738 739//739
f 739//739 738//738 740//740
f 739//739 740//740 741//741
f 741//741 740//740 742//742
f 741//741 742//742 743//743
f 743//743 742//742 744//744
f 744//744 742//742 745//745
f 744//744 745//745 746//746
f 746//746 745//745 747//747
f 746//746 747//747 748//748
f 748//748 747//747 749//749
f 748//748 749//749 750//750
f 750//750 749//749 751//751
f 750//750 751//751 752//752
f 752//752 751//751 753//753
f 753//753 751//751 754//754
f 733//733 755//755 730//730
f 755//755 733//733 756//756
f 755//755 756//756 757//757
f 757//757 756//756 758//758
f 757//757 758//758 759//759
f 757//757 759//759 760//760
f 760//760 759//759 761//761
f 760//760 761//761 762//762
f 762//762 761//761 763//763
f 762//762 763//763 764//764
f 764//764 763//763 765//765
f 764//764 765//765 766//766
f 764//764 766//766 767//767
f 767//767 766//766 768//768
f 767//767 768//768 769//769
f 769//769 768//768 770//770
f 769//769 770//770 771//771
f 771//771 770//770 772//772
f 771//771 772//772 773//773
f 773//773 772//772 774//774
f 773//773 774//774 753//753
f 773//773 753//753 775//775
f 775//775 753//753 754//754
f 775//775 754//754 776//776
f 725//725 777//777 778//778
f 777//777 725//725 724//724
f 779//779 780//780 781//781
f 780//780 779//779 782//782
f 782//782 779//779 783//783
f 782//782 783//783 784//784
f 784//784 783//783 785//785
f 784//784 785//785 786//786
f 786//786 785//785 787//787
f 786//786 787//787 788//788
f 786//786 788//788 789//789
f 789//789 788//788 790//790
f 789//789 790//790 791//791
f 791//791 790//790 792//792
f 791//791 792//792 793//793
f 793//793 792//792 794//794
f 793//793 794//794 795//795
f 795//795 794//794 796//796
f 795//795 796//796 797//797
f 797//797 796//796 798//798
f 797//797 798//798 799//799
f 799//799 798//798 800//800
f 799//799 800//800 801//801
f 801//801 800//800 802//802
f 803//803 728//728 727//727
f 728//728 803//803 804//804
f 805//805 806//806 807//807
f 806//806 805//805 808//808
f 808//808 809//809 806//806
f 809//809 808//808 810//810
f 810//810 811//811 809//809
f 811//811 810//810 812//812
f 778//778 811//811 812//812
f 811//811 778//778 777//777
f 813//813 804//804 803//803
f 804//804 813//813 814//814
f 813//813 815//815 814//814
f 815//815 813//813 816//816
f 816//816 817//817 815//815
f 817//817 816//816 818//818
f 818//818 819//819 817//817
f 819//819 818//818 820//820
f 820//820 821//821 819//819
f 821//821 820//820 822//822
f 822//822 823//823 821//821
f 823//823 822//822 824//824
f 824//824 825//825 823//823
f 825//825 824//824 826//826
f 825//825 827//827 828//828
f 827//827 825//825 826//826
f 828//828 829//829 830//830
f 829//829 828//828 827//827
f 830//830 831//831 832//832
f 831//831 830//830 829//829
f 832//832 833//833 834//834
f 833//833 832//832 831//831
f 834//834 835//835 836//836
f 835//835 834//834 833//833
f 836//836 837//837 838//838
f 837//837 836//836 835//835
f 837//837 839//839 838//838
f 839//839 837//837 840//840
f 840//840 841//841 839//839
f 841//841 840//840 842//842
f 842//842 807//807 841//841
f 807//807 842//842 805//805
f 843//843 844//844 845//845
f 844//844 843//843 846//846
f 847//847 848//848 849//849
f 850//850 849//849 848//848
f 851//851 846//846 843//843
f 846//846 851//851 852//852
f 853//853 854//854 847//847
f 848//848 847//847 854//854
f 845//845 855//855 856//856
f 855//855 845//845 844//844
f 849//849 850//850 857//857
f 858//858 857//857 850//850
f 859//859 852//852 851//851
f 852//852 859//859 860//860
f 861//861 862//862 853//853
f 854//854 853//853 862//862
f 856//856 863//863 864//864
f 863//863 856//856 855//855
f 857//857 858//858 865//865
f 866//866 865//865 858//858
f 867//867 860//860 859//859
f 860//860 867//867 868//868
f 869//869 870//870 861//861
f 862//862 861//861 870//870
f 871//871 863//863 872//872
f 863//863 871//871 864//864
f 866//866 873//873 865//865
f 874//874 865//865 873//873
f 867//867 875//875 868//868
f 875//875 867//867 876//876
f 877//877 870//870 878//878
f 869//869 878//878 870//870
f 879//879 872//872 880//880
f 872//872 879//879 871//871
f 873//873 881//881 874//874
f 882//882 874//874 881//881
f 876//876 883//883 875//875
f 883//883 876//876 884//884
f 885//885 877//877 886//886
f 878//878 886//886 877//877
f 887//887 880//880 888//888
f 880//880 887//887 879//879
f 881//881 889//889 882//882
f 890//890 882//882 889//889
f 884//884 891//891 883//883
f 891//891 884//884 892//892
f 893//893 885//885 894//894
f 886//886 894//894 885//885
f 895//895 888//888 896//896
f 888//888 895//895 887//887
f 889//889 897//897 890//890
f 898//898 890//890 897//897
f 892//892 899//899 891//891
f 899//899 892//892 900//900
f 901//901 893//893 902//902
f 894//894 902//902 893//893
f 903//903 896//896 904//904
f 896//896 903//903 895//895
f 897//897 905//905 898//898
f 906//906 898//898 905//905
f 900//900 907//907 899//899
f 907//907 900//900 908//908
f 909//909 901//901 910//910
f 902//902 910//910 901//901
f 911//911 904//904 912//912
f 904//904 911//911 903//903
f 905//905 913//913 906//906
f 914//914 906//906 913//913
f 908//908 915//915 907//907
f 915//915 908//908 916//916
f 917//917 909//909 918//918
f 910//910 918//918 909//909
f 919//919 911//911 912//912
f 911//911 919//919 920//920
f 921//921 922//922 913//913
f 914//914 913//913 922//922
f 915//915 923//923 924//924
f 923//923 915//915 916//916
f 917//917 918//918 925//925
f 926//926 925//925 918//918
f 927//927 920//920 919//919
f 920//920 927//927 928//928
f 929//929 930//930 921//921
f 922//922 921//921 930//930
f 924//924 931//931 932//932
f 931//931 924//924 923//923
f 925//925 926//926 933//933
f 934//934 933//933 926//926
f 935//935 928//928 927//927
f 928//928 935//935 936//936
f 937//937 938//938 929//929
f 930//930 929//929 938//938
f 932//932 936//936 935//935
f 936//936 932//932 931//931
f 933//933 934//934 937//937
f 938//938 937//937 934//934
f 939//939 940//940 941//941
f 940//940 939//939 942//942
f 943//943 944//944 945//945
f 946//946 945//945 944//944
f 947//947 942//942 939//939
f 942//942 947//947 948//948
f 949//949 950//950 943//943
f 944//944 943//943 950//950
f 951//951 952//952 953//953
f 952//952 951//951 954//954
f 952//952 954//954 955//955
f 955//955 954//954 956//956
f 956//956 954//954 957//957
f 956//956 957//957 958//958
f 958//958 957//957 959//959
f 959//959 957//957 960//960
f 959//959 960//960 961//961
f 961//961 960//960 962//962
f 961//961 962//962 963//963
f 963//963 962//962 964//964
f 963//963 964//964 965//965
f 965//965 964//964 966//966
f 966//966 964//964 967//967
f 966//966 967//967 968//968
f 968//968 967//967 969//969
f 968//968 969//969 970//970
f 970//970 969//969 971//971
f 970//970 971//971 972//972
f 972//972 971//971 973//973
f 972//972 973//973 974//974
f 974//974 973//973 975//975
f 975//975 973//973 976//976
f 955//955 977//977 952//952
f 977//977 955//955 978//978
f 977//977 978//978 979//979
f 979//979 978//978 980//980
f 979//979 980//980 981//981
f 979//979 981//981 982//982
f 982//982 981//981 983//983
f 982//982 983//983 984//984
f 984//984 983//983 985//985
f 984//984 985//985 986//986
f 986//986 985//985 987//987
f 986//986 987//987 988//988
f 986//986 988//988 989//989
f 989//989 988//988 990//990
f 989//989 990//990 991//991
f 991//991 990//990 992//992
f 991//991 992//992 993//993
f 993//993 992//992 994//994
f 993//993 994//994 995//995
f 995//995 994//994 996//996
f 995//995 996//996 975//975
f 995//995 975//975 997//997
f 997//997 975//975 976//976
f 997//997 976//976 998//998
f 999//999 1000//1000 1001//1001
f 1000//1000 1002//1002 1001//1001
f 1001//1001 1002//1002 1003//1003
f 1002//1002 1004//1004 1003//1003
f 1004//1004 1005//1005 1003//1003
f 1003//1003 1005//1005 1006//1006
f 1005//1005 1007//1007 1006//1006
f 1006//1006 1007//1007 1008//1008
f 1007//1007 1009//1009 1008//1008
f 1008//1008 1009//1009 1010//1010
f 1009//1009 1011//1011 1010//1010
f 1010//1010 1011//1011 1012//1012
f 1011//1011 1013//1013 1012//1012
f 1013//1013 1014//1014 1012//1012
f 1012//1012 1014//1014 1015//1015
f 1014//1014 1016//1016 1015//1015
f 1015//1015 1016//1016 1017//1017
f 1016//1016 1018//1018 1017//1017
f 1017//1017 1018//1018 1019//1019
f 1018//1018 1020//1020 1019//1019
f 1020//1020 1021//1021 1019//1019
f 1019//1019 1021//1021 1022//1022
f 1021//1021 1023//1023 1022//1022
f 1024//1024 1022//1022 1023//1023
f 1000//1000 1025//1025 1002//1002
f 1002//1002 1025//1025 1026//1026
f 1026//1026 1025//1025 1027//1027
f 1025//1025 1028//1028 1027//1027
f 1027//1027 1028//1028 1029//1029
f 1028//1028 1030//1030 1029//1029
f 1029//1029 1030//1030 1031//1031
f 1030//1030 1032//1032 1031//1031
f 1031//1031 1032//1032 1033//1033
f 1032//1032 1034//1034 1033//1033
f 1033//1033 1034//1034 1035//1035
f 1035//1035 1034//1034 1036//1036
f 1034//1034 1037//1037 1036//1036
f 1036//1036 1037//1037 1038//1038
f 1037//1037 1039//1039 1038//1038
f 1038//1038 1039//1039 1040//1040
f 1039//1039 1041//1041 1040//1040
f 1040//1040 1041//1041 1042//1042
f 1042//1042 1041//1041 1043//1043
f 1041//1041 1044//1044 1043//1043
f 1043//1043 1044//1044 1023//1023
f 1023//1023 1044//1044 1024//1024
f 1044//1044 1045//1045 1024//1024
f 1046//1046 1024//1024 1045//1045
f 941//941 1047//1047 1048//1048
f 1047//1047 941//941 940//940
f 945//945 946//946 1049//1049
f 1050//1050 1049//1049 946//946
f 1051//1051 1052//1052 1053//1053
f 1052//1052 1051//1051 1054//1054
f 1054//1054 1051//1051 1055//1055
f 1054//1054 1055//1055 1056//1056
f 1056//1056 1055//1055 1057//1057
f 1057//1057 1055//1055 1058//1058
f 1057//1057 1058//1058 1059//1059
f 1059//1059 1058//1058 1060//1060
f 1059//1059 1060//1060 1061//1061
f 1061//1061 1060//1060 1062//1062
f 1061//1061 1062//1062 1063//1063
f 1063//1063 1062//1062 1064//1064
f 1063//1063 1064//1064 1065//1065
f 1065//1065 1064//1064 1066//1066
f 1066//1066 1064//1064 1067//1067
f 1066//1066 1067//1067 1068//1068
f 1068//1068 1067//1067 1069//1069
f 1068//1068 1069//1069 1070//1070
f 1070//1070 1069//1069 1071//1071
f 1070//1070 1071//1071 1072//1072
f 1072//1072 1071//1071 1073//1073
f 1073//1073 1071//1071 1074//1074
f 1053//1053 1075//1075 1076//1076
f 1075//1075 1053//1053 1077//1077
f 1077//1077 1053//1053 1052//1052
f 1077//1077 1052//1052 1078//1078
f 1077//1077 1078//1078 1079//1079
f 1079//1079 1078//1078 1080//1080
f 1079//1079 1080//1080 1081//1081
f 1079//1079 1081//1081 1082//1082
f 1082//1082 1081//1081 1083//1083
f 1082//1082 1083//1083 1084//1084
f 1084//1084 1083//1083 1085//1085
f 1084//1084 1085//1085 1086//1086
f 1086//1086 1085//1085 1087//1087
f 1086//1086 1087//1087 1088//1088
f 1086//1086 1088//1088 1089//1089
f 1089//1089 1088//1088 1090//1090
f 1089//1089 1090//1090 1091//1091
f 1091//1091 1090//1090 1092//1092
f 1091//1091 1092//1092 1093//1093
f 1093//1093 1092//1092 1094//1094
f 1093//1093 1094//1094 1095//1095
f 1095//1095 1094//1094 1096//1096
f 1095//1095 1096//1096 1073//1073
f 1095//1095 1073//1073 1097//1097
f 1097//1097 1073//1073 1074//1074
f 1097//1097 1074//1074 1098//1098
f 1099//1099 1100//1100 1101//1101
f 1100//1100 1102//1102 1101//1101
f 1101//1101 1102//1102 1103//1103
f 1102//1102 1104//1104 1103//1103
f 1104//1104 1105//1105 1103//1103
f 1103//1103 1105//1105 1106//1106
f 1105//1105 1107//1107 1106//1106
f 1106//1106 1107//1107 1108//1108
f 1107//1107 1109//1109 1108//1108
f 1108//1108 1109//1109 1110//1110
f 1109//1109 1111//1111 1110//1110
f 1110//1110 1111//1111 1112//1112
f 1111//1111 1113//1113 1112//1112
f 1113//1113 1114//1114 1112//1112
f 1112//1112 1114//1114 1115//1115
f 1114//1114 1116//1116 1115//1115
f 1115//1115 1116//1116 1117//1117
f 1116//1116 1118//1118 1117//1117
f 1117//1117 1118//1118 1119//1119
f 1118//1118 1120//1120 1119//1119
f 1120//1120 1121//1121 1119//1119
f 1119//1119 1121//1121 1122//1122
f 1121//1121 1123//1123 1122//1122
f 1123//1123 1124//1124 1122//1122
f 1122//1122 1124//1124 1125//1125
f 1126//1126 1125//1125 1124//1124
f 1100//1100 1127//1127 1102//1102
f 1102//1102 1127//1127 1128//1128
f 1128//1128 1127//1127 1129//1129
f 1127//1127 1130//1130 1129//1129
f 1129//1129 1130//1130 1131//1131
f 1130//1130 1132//1132 1131//1131
f 1131//1131 1132//1132 1133//1133
f 1132//1132 1134//1134 1133//1133
f 1133//1133 1134//1134 1135//1135
f 1135//1135 1134//1134 1136//1136
f 1134//1134 1137//1137 1136//1136
f 1136//1136 1137//1137 1138//1138
f 1137//1137 1139//1139 1138//1138
f 1138//1138 1139//1139 1140//1140
f 1139//1139 1141//1141 1140//1140
f 1140//1140 1141//1141 1142//1142
f 1141//1141 1143//1143 1142//1142
f 1142//1142 1143//1143 1144//1144
f 1144//1144 1143//1143 1145//1145
f 1143//1143 1146//1146 1145//1145
f 1145//1145 1146//1146 1123//1123
f 1124//1124 1123//1123 1146//1146
f 1147//1147 948//948 947//947
f 948//948 1147//1147 1148//1148
f 1149//1149 1150//1150 949//949
f 950//950 949//949 1150//1150
f 1151//1151 1152//1152 1153//1153
f 1152//1152 1151//1151 1154//1154
f 1155//1155 1156//1156 1157//1157
f 1158//1158 1157//1157 1156//1156
f 1154//1154 1159//1159 1152//1152
f 1159//1159 1154//1154 1160//1160
f 1161//1161 1155//1155 1162//1162
f 1157//1157 1162//1162 1155//1155
f 1160//1160 1163//1163 1159//1159
f 1163//1163 1160//1160 1164//1164
f 1165//1165 1161//1161 1166//1166
f 1162//1162 1166//1166 1161//1161
f 1048//1048 1163//1163 1164//1164
f 1163//1163 1048//1048 1047//1047
f 1049//1049 1050//1050 1166//1166
f 1165//1165 1166//1166 1050//1050
f 1167//1167 1148//1148 1147//1147
f 1148//1148 1167//1167 1168//1168
f 1169//1169 1170//1170 1149//1149
f 1150//1150 1149//1149 1170//1170
f 1167//1167 1171//1171 1168//1168
f 1171//1171 1167//1167 1172//1172
f 1173//1173 1170//1170 1174//1174
f 1169//1169 1174//1174 1170//1170
f 1172//1172 1175//1175 1171//1171
f 1175//1175 1172//1172 1176//1176
f 1177//1177 1173//1173 1178//1178
f 1174//1174 1178//1178 1173//1173
f 1176//1176 1179//1179 1175//1175
f 1179//1179 1176//1176 1180//1180
f 1181//1181 1177//1177 1182//1182
f 1178//1178 1182//1182 1177//1177
f 1180//1180 1183//1183 1179//1179
f 1183//1183 1180//1180 1184//1184
f 1185//1185 1181//1181 1186//1186
f 1182//1182 1186//1186 1181//1181
f 1184//1184 1187//1187 1183//1183
f 1187//1187 1184//1184 1188//1188
f 1189//1189 1185//1185 1190//1190
f 1186//1186 1190//1190 1185//1185
f 1188//1188 1191//1191 1187//1187
f 1191//1191 1188//1188 1192//1192
f 1193//1193 1189//1189 1194//1194
f 1190//1190 1194//1194 1189//1189
f 1191//1191 1195//1195 1196//1196
f 1195//1195 1191//1191 1192//1192
f 1193//1193 1194//1194 1197//1197
f 1198//1198 1197//1197 1194//1194
f 1196//1196 1199//1199 1200//1200
f 1199//1199 1196//1196 1195//1195
f 1197//1197 1198//1198 1201//1201
f 1202//1202 1201//1201 1198//1198
f 1200//1200 1203//1203 1204//1204
f 1203//1203 1200//1200 1199//1199
f 1201//1201 1202//1202 1205//1205
f 1206//1206 1205//1205 1202//1202
f 1204//1204 1207//1207 1208//1208
f 1207//1207 1204//1204 1203//1203
f 1205//1205 1206//1206 1209//1209
f 1210//1210 1209//1209 1206//1206
f 1208//1208 1211//1211 1212//1212
f 1211//1211 1208//1208 1207//1207
f 1209//1209 1210//1210 1213//1213
f 1214//1214 1213//1213 1210//1210
f 1212//1212 1215//1215 1216//1216
f 1215//1215 1212//1212 1211//1211
f 1213//1213 1214//1214 1217//1217
f 1218//1218 1217//1217 1214//1214
f 1215//1215 1219//1219 1216//1216
f 1219//1219 1215//1215 1220//1220
f 1221//1221 1217//1217 1222//1222
f 1218//1218 1222//1222 1217//1217
f 1220//1220 1223//1223 1219//1219
f 1223//1223 1220//1220 1224//1224
f 1225//1225 1221//1221 1226//1226
f 1222//1222 1226//1226 1221//1221
f 1224//1224 1153//1153 1223//1223
f 1153//1153 1224//1224 1151//1151
f 1156//1156 1225//1225 1158//1158
f 1226//1226 1158//1158 1225//1225
f 1227//1227 1228//1228 1229//1229
f 1228//1228 1227//1227 1230//1230
f 1231//1231 1232//1232 1233//1233
f 1234//1234 1233//1233 1232//1232
f 1235//1235 1230//1230 1227//1227
f 1230//1230 1235//1235 1236//1236
f 1237//1237 1238//1238 1231//1231
f 1232//1232 1231//1231 1238//1238
f 1239//1239 1240//1240 1241//1241
f 1240//1240 1239//1239 1242//1242
f 1243//1243 1244//1244 1245//1245
f 1246//1246 1245//1245 1244//1244
f 1229//1229 1247//1247 1248//1248
f 1247//1247 1229//1229 1228//1228
f 1233//1233 1234//1234 1249//1249
f 1250//1250 1249//1249 1234//1234
f 1251//1251 1236//1236 1235//1235
f 1236//1236 1251//1251 1252//1252
f 1253//1253 1254//1254 1237//1237
f 1238//1238 1237//1237 1254//1254
f 1240//1240 1255//1255 1241//1241
f 1255//1255 1240//1240 1256//1256
f 1257//1257 1245//1245 1258//1258
f 1246//1246 1258//1258 1245//1245
f 1259//1259 1241//1241 1260//1260
f 1241//1241 1259//1259 1239//1239
f 1244//1244 1261//1261 1246//1246
f 1262//1262 1246//1246 1261//1261
f 1263//1263 1242//1242 1239//1239
f 1242//1242 1263//1263 1264//1264
f 1265//1265 1266//1266 1243//1243
f 1244//1244 1243//1243 1266//1266
f 1248//1248 1267//1267 1268//1268
f 1267//1267 1248//1248 1247//1247
f 1249//1249 1250//1250 1269//1269
f 1270//1270 1269//1269 1250//1250
f 1271//1271 1252//1252 1251//1251
f 1252//1252 1271//1271 1272//1272
f 1273//1273 1274//1274 1253//1253
f 1254//1254 1253//1253 1274//1274
f 1256//1256 1275//1275 1255//1255
f 1275//1275 1256//1256 1276//1276
f 1277//1277 1257//1257 1278//1278
f 1258//1258 1278//1278 1257//1257
f 1241//1241 1279//1279 1260//1260
f 1279//1279 1241//1241 1255//1255
f 1258//1258 1246//1246 1280//1280
f 1262//1262 1280//1280 1246//1246
f 1281//1281 1260//1260 1282//1282
f 1260//1260 1281//1281 1259//1259
f 1261//1261 1283//1283 1262//1262
f 1284//1284 1262//1262 1283//1283
f 1285//1285 1239//1239 1259//1259
f 1239//1239 1285//1285 1263//1263
f 1266//1266 1286//1286 1244//1244
f 1261//1261 1244//1244 1286//1286
f 1287//1287 1264//1264 1263//1263
f 1264//1264 1287//1287 1288//1288
f 1289//1289 1290//1290 1265//1265
f 1266//1266 1265//1265 1290//1290
f 1291//1291 1267//1267 1292//1292
f 1267//1267 1291//1291 1268//1268
f 1270//1270 1293//1293 1269//1269
f 1294//1294 1269//1269 1293//1293
f 1271//1271 1295//1295 1272//1272
f 1295//1295 1271//1271 1296//1296
f 1297//1297 1274//1274 1298//1298
f 1273//1273 1298//1298 1274//1274
f 1276//1276 1299//1299 1275//1275
f 1299//1299 1276//1276 1300//1300
f 1301//1301 1277//1277 1302//1302
f 1278//1278 1302//1302 1277//1277
f 1255//1255 1303//1303 1279//1279
f 1303//1303 1255//1255 1275//1275
f 1278//1278 1258//1258 1304//1304
f 1280//1280 1304//1304 1258//1258
f 1260//1260 1305//1305 1282//1282
f 1305//1305 1260//1260 1279//1279
f 1280//1280 1262//1262 1306//1306
f 1284//1284 1306//1306 1262//1262
f 1307//1307 1282//1282 1308//1308
f 1282//1282 1307//1307 1281//1281
f 1283//1283 1309//1309 1284//1284
f 1310//1310 1284//1284 1309//1309
f 1311//1311 1259//1259 1281//1281
f 1259//1259 1311//1311 1285//1285
f 1286//1286 1312//1312 1261//1261
f 1283//1283 1261//1261 1312//1312
f 1313//1313 1263//1263 1285//1285
f 1263//1263 1313//1313 1287//1287
f 1290//1290 1314//1314 1266//1266
f 1286//1286 1266//1266 1314//1314
f 1315//1315 1288//1288 1287//1287
f 1288//1288 1315//1315 1316//1316
f 1317//1317 1318//1318 1289//1289
f 1290//1290 1289//1289 1318//1318
f 1319//1319 1292//1292 1320//1320
f 1292//1292 1319//1319 1291//1291
f 1293//1293 1321//1321 1294//1294
f 1322//1322 1294//1294 1321//1321
f 1296//1296 1323//1323 1295//1295
f 1323//1323 1296//1296 1324//1324
f 1325//1325 1297//1297 1326//1326
f 1298//1298 1326//1326 1297//1297
f 1300//1300 1327//1327 1299//1299
f 1327//1327 1300//1300 1328//1328
f 1329//1329 1301//1301 1330//1330
f 1302//1302 1330//1330 1301//1301
f 1275//1275 1331//1331 1303//1303
f 1331//1331 1275//1275 1299//1299
f 1302//1302 1278//1278 1332//1332
f 1304//1304 1332//1332 1278//1278
f 1279//1279 1333//1333 1305//1305
f 1333//1333 1279//1279 1303//1303
f 1304//1304 1280//1280 1334//1334
f 1306//1306 1334//1334 1280//1280
f 1282//1282 1335//1335 1308//1308
f 1335//1335 1282//1282 1305//1305
f 1306//1306 1284//1284 1336//1336
f 1310//1310 1336//1336 1284//1284
f 1337//1337 1308//1308 1338//1338
f 1308//1308 1337//1337 1307//1307
f 1309//1309 1339//1339 1310//1310
f 1340//1340 1310//1310 1339//1339
f 1341//1341 1281//1281 1307//1307
f 1281//1281 1341//1341 1311//1311
f 1312//1312 1342//1342 1283//1283
f 1309//1309 1283//1283 1342//1342
f 1343//1343 1285//1285 1311//1311
f 1285//1285 1343//1343 1313//1313
f 1314//1314 1344//1344 1286//1286
f 1312//1312 1286//1286 1344//1344
f 1345//1345 1287//1287 1313//1313
f 1287//1287 1345//1345 1315//1315
f 1318//1318 1346//1346 1290//1290
f 1314//1314 1290//1290 1346//1346
f 1347//1347 1316//1316 1315//1315
f 1316//1316 1347//1347 1348//1348
f 1349//1349 1350//1350 1317//1317
f 1318//1318 1317//1317 1350//1350
f 1351//1351 1320//1320 1352//1352
f 1320//1320 1351//1351 1319//1319
f 1321//1321 1353//1353 1322//1322
f 1354//1354 1322//1322 1353//1353
f 1324//1324 1355//1355 1323//1323
f 1355//1355 1324//1324 1356//1356
f 1357//1357 1325//1325 1358//1358
f 1326//1326 1358//1358 1325//1325
f 1328//1328 1359//1359 1327//1327
f 1359//1359 1328//1328 1360//1360
f 1361//1361 1329//1329 1362//1362
f 1330//1330 1362//1362 1329//1329
f 1299//1299 1363//1363 1331//1331
f 1363//1363 1299//1299 1327//1327
f 1330//1330 1302//1302 1364//1364
f 1332//1332 1364//1364 1302//1302
f 1303//1303 1365//1365 1333//1333
f 1365//1365 1303//1303 1331//1331
f 1332//1332 1304//1304 1366//1366
f 1334//1334 1366//1366 1304//1304
f 1305//1305 1367//1367 1335//1335
f 1367//1367 1305//1305 1333//1333
f 1334//1334 1306//1306 1368//1368
f 1336//1336 1368//1368 1306//1306
f 1308//1308 1369//1369 1338//1338
f 1369//1369 1308//1308 1335//1335
f 1336//1336 1310//1310 1370//1370
f 1340//1340 1370//1370 1310//1310
f 1337//1337 1371//1371 1372//1372
f 1371//1371 1337//1337 1338//1338
f 1340//1340 1339//1339 1373//1373
f 1374//1374 1373//1373 1339//1339
f 1375//1375 1307//1307 1337//1337
f 1307//1307 1375//1375 1341//1341
f 1342//1342 1376//1376 1309//1309
f 1339//1339 1309//1309 1376//1376
f 1377//1377 1311//1311 1341//1341
f 1311//1311 1377//1377 1343//1343
f 1344//1344 1378//1378 1312//1312
f 1342//1342 1312//1312 1378//1378
f 1379//1379 1313//1313 1343//1343
f 1313//1313 1379//1379 1345//1345
f 1346//1346 1380//1380 1314//1314
f 1344//1344 1314//1314 1380//1380
f 1381//1381 1315//1315 1345//1345
f 1315//1315 1381//1381 1347//1347
f 1350//1350 1382//1382 1318//1318
f 1346//1346 1318//1318 1382//1382
f 1383//1383 1348//1348 1347//1347
f 1348//1348 1383//1383 1384//1384
f 1385//1385 1386//1386 1349//1349
f 1350//1350 1349//1349 1386//1386
f 1387//1387 1352//1352 1388//1388
f 1352//1352 1387//1387 1351//1351
f 1353//1353 1389//1389 1354//1354
f 1390//1390 1354//1354 1389//1389
f 1356//1356 1391//1391 1355//1355
f 1391//1391 1356//1356 1392//1392
f 1393//1393 1357//1357 1394//1394
f 1358//1358 1394//1394 1357//1357
f 1360//1360 1395//1395 1359//1359
f 1395//1395 1360//1360 1396//1396
f 1397//1397 1361//1361 1398//1398
f 1362//1362 1398//1398 1361//1361
f 1327//1327 1399//1399 1363//1363
f 1399//1399 1327//1327 1359//1359
f 1362//1362 1330//1330 1400//1400
f 1364//1364 1400//1400 1330//1330
f 1331//1331 1401//1401 1365//1365
f 1401//1401 1331//1331 1363//1363
f 1364//1364 1332//1332 1402//1402
f 1366//1366 1402//1402 1332//1332
f 1333//1333 1403//1403 1367//1367
f 1403//1403 1333//1333 1365//1365
f 1366//1366 1334//1334 1404//1404
f 1368//1368 1404//1404 1334//1334
f 1335//1335 1405//1405 1369//1369
f 1405//1405 1335//1335 1367//1367
f 1368//1368 1336//1336 1406//1406
f 1370//1370 1406//1406 1336//1336
f 1369//1369 1371//1371 1338//1338
f 1371//1371 1369//1369 1407//1407
f 1408//1408 1370//1370 1373//1373
f 1340//1340 1373//1373 1370//1370
f 1372//1372 1409//1409 1410//1410
f 1409//1409 1372//1372 1371//1371
f 1373//1373 1374//1374 1411//1411
f 1412//1412 1411//1411 1374//1374
f 1375//1375 1372//1372 1413//1413
f 1372//1372 1375//1375 1337//1337
f 1339//1339 1376//1376 1374//1374
f 1414//1414 1374//1374 1376//1376
f 1415//1415 1341//1341 1375//1375
f 1341//1341 1415//1415 1377//1377
f 1378//1378 1416//1416 1342//1342
f 1376//1376 1342//1342 1416//1416
f 1417//1417 1343//1343 1377//1377
f 1343//1343 1417//1417 1379//1379
f 1380//1380 1418//1418 1344//1344
f 1378//1378 1344//1344 1418//1418
f 1419//1419 1345//1345 1379//1379
f 1345//1345 1419//1419 1381//1381
f 1382//1382 1420//1420 1346//1346
f 1380//1380 1346//1346 1420//1420
f 1421//1421 1347//1347 1381//1381
f 1347//1347 1421//1421 1383//1383
f 1386//1386 1422//1422 1350//1350
f 1382//1382 1350//1350 1422//1422
f 1423//1423 1384//1384 1383//1383
f 1384//1384 1423//1423 1424//1424
f 1425//1425 1426//1426 1385//1385
f 1386//1386 1385//1385 1426//1426
f 1427//1427 1388//1388 1428//1428
f 1388//1388 1427//1427 1387//1387
f 1389//1389 1429//1429 1390//1390
f 1430//1430 1390//1390 1429//1429
f 1392//1392 1431//1431 1391//1391
f 1431//1431 1392//1392 1432//1432
f 1433//1433 1393//1393 1434//1434
f 1394//1394 1434//1434 1393//1393
f 1435//1435 1395//1395 1396//1396
f 1395//1395 1435//1435 1436//1436
f 1437//1437 1438//1438 1398//1398
f 1397//1397 1398//1398 1438//1438
f 1359//1359 1439//1439 1399//1399
f 1439//1439 1359//1359 1395//1395
f 1398//1398 1362//1362 1440//1440
f 1400//1400 1440//1440 1362//1362
f 1363//1363 1441//1441 1401//1401
f 1441//1441 1363//1363 1399//1399
f 1400//1400 1364//1364 1442//1442
f 1402//1402 1442//1442 1364//1364
f 1365//1365 1443//1443 1403//1403
f 1443//1443 1365//1365 1401//1401
f 1402//1402 1366//1366 1444//1444
f 1404//1404 1444//1444 1366//1366
f 1367//1367 1445//1445 1405//1405
f 1445//1445 1367//1367 1403//1403
f 1404//1404 1368//1368 1446//1446
f 1406//1406 1446//1446 1368//1368
f 1405//1405 1407//1407 1369//1369
f 1407//1407 1405//1405 1447//1447
f 1448//1448 1406//1406 1408//1408
f 1370//1370 1408//1408 1406//1406
f 1407//1407 1409//1409 1371//1371
f 1409//1409 1407//1407 1449//1449
f 1450//1450 1408//1408 1411//1411
f 1373//1373 1411//1411 1408//1408
f 1410//1410 1451//1451 1452//1452
f 1451//1451 1410//1410 1409//1409
f 1411//1411 1412//1412 1453//1453
f 1454//1454 1453//1453 1412//1412
f 1413//1413 1410//1410 1455//1455
f 1410//1410 1413//1413 1372//1372
f 1374//1374 1414//1414 1412//1412
f 1456//1456 1412//1412 1414//1414
f 1457//1457 1375//1375 1413//1413
f 1375//1375 1457//1457 1415//1415
f 1416//1416 1458//1458 1376//1376
f 1414//1414 1376//1376 1458//1458
f 1459//1459 1377//1377 1415//1415
f 1377//1377 1459//1459 1417//1417
f 1418//1418 1460//1460 1378//1378
f 1416//1416 1378//1378 1460//1460
f 1461//1461 1379//1379 1417//1417
f 1379//1379 1461//1461 1419//1419
f 1420//1420 1462//1462 1380//1380
f 1418//1418 1380//1380 1462//1462
f 1463//1463 1381//1381 1419//1419
f 1381//1381 1463//1463 1421//1421
f 1422//1422 1464//1464 1382//1382
f 1420//1420 1382//1382 1464//1464
f 1465//1465 1383//1383 1421//1421
f 1383//1383 1465//1465 1423//1423
f 1426//1426 1466//1466 1386//1386
f 1422//1422 1386//1386 1466//1466
f 1423//1423 1467//1467 1424//1424
f 1467//1467 1423//1423 1468//1468
f 1469//1469 1426//1426 1470//1470
f 1425//1425 1470//1470 1426//1426
f 1471//1471 1428//1428 1472//1472
f 1428//1428 1471//1471 1427//1427
f 1429//1429 1473//1473 1430//1430
f 1474//1474 1430//1430 1473//1473
f 1432//1432 1475//1475 1431//1431
f 1475//1475 1432//1432 1476//1476
f 1477//1477 1433//1433 1478//1478
f 1434//1434 1478//1478 1433//1433
f 1479//1479 1436//1436 1435//1435
f 1436//1436 1479//1479 1480//1480
f 1481//1481 1482//1482 1437//1437
f 1438//1438 1437//1437 1482//1482
f 1395//1395 1483//1483 1439//1439
f 1483//1483 1395//1395 1436//1436
f 1437//1437 1398//1398 1484//1484
f 1440//1440 1484//1484 1398//1398
f 1399//1399 1485//1485 1441//1441
f 1485//1485 1399//1399 1439//1439
f 1440//1440 1400//1400 1486//1486
f 1442//1442 1486//1486 1400//1400
f 1401//1401 1487//1487 1443//1443
f 1487//1487 1401//1401 1441//1441
f 1442//1442 1402//1402 1488//1488
f 1444//1444 1488//1488 1402//1402
f 1403//1403 1489//1489 1445//1445
f 1489//1489 1403//1403 1443//1443
f 1444//1444 1404//1404 1490//1490
f 1446//1446 1490//1490 1404//1404
f 1405//1405 1491//1491 1447//1447
f 1491//1491 1405//1405 1445//1445
f 1446//1446 1406//1406 1492//1492
f 1448//1448 1492//1492 1406//1406
f 1447//1447 1449//1449 1407//1407
f 1449//1449 1447//1447 1493//1493
f 1494//1494 1448//1448 1450//1450
f 1408//1408 1450//1450 1448//1448
f 1449//1449 1451//1451 1409//1409
f 1451//1451 1449//1449 1495//1495
f 1496//1496 1450//1450 1453//1453
f 1411//1411 1453//1453 1450//1450
f 1452//1452 1497//1497 1498//1498
f 1497//1497 1452//1452 1451//1451
f 1453//1453 1454//1454 1499//1499
f 1500//1500 1499//1499 1454//1454
f 1455//1455 1452//1452 1501//1501
f 1452//1452 1455//1455 1410//1410
f 1412//1412 1456//1456 1454//1454
f 1502//1502 1454//1454 1456//1456
f 1457//1457 1455//1455 1503//1503
f 1455//1455 1457//1457 1413//1413
f 1414//1414 1458//1458 1456//1456
f 1504//1504 1456//1456 1458//1458
f 1505//1505 1415//1415 1457//1457
f 1415//1415 1505//1505 1459//1459
f 1460//1460 1506//1506 1416//1416
f 1458//1458 1416//1416 1506//1506
f 1507//1507 1417//1417 1459//1459
f 1417//1417 1507//1507 1461//1461
f 1462//1462 1508//1508 1418//1418
f 1460//1460 1418//1418 1508//1508
f 1509//1509 1419//1419 1461//1461
f 1419//1419 1509//1509 1463//1463
f 1464//1464 1510//1510 1420//1420
f 1462//1462 1420//1420 1510//1510
f 1511//1511 1421//1421 1463//1463
f 1421//1421 1511//1511 1465//1465
f 1466//1466 1512//1512 1422//1422
f 1464//1464 1422//1422 1512//1512
f 1465//1465 1468//1468 1423//1423
f 1468//1468 1465//1465 1513//1513
f 1514//1514 1466//1466 1469//1469
f 1426//1426 1469//1469 1466//1466
f 1468//1468 1515//1515 1467//1467
f 1515//1515 1468//1468 1516//1516
f 1517//1517 1469//1469 1518//1518
f 1470//1470 1518//1518 1469//1469
f 1519//1519 1471//1471 1472//1472
f 1471//1471 1519//1519 1520//1520
f 1521//1521 1522//1522 1473//1473
f 1474//1474 1473//1473 1522//1522
f 1475//1475 1523//1523 1524//1524
f 1523//1523 1475//1475 1476//1476
f 1477//1477 1478//1478 1525//1525
f 1526//1526 1525//1525 1478//1478
f 1527//1527 1480//1480 1479//1479
f 1480//1480 1527//1527 1528//1528
f 1529//1529 1530//1530 1481//1481
f 1482//1482 1481//1481 1530//1530
f 1480//1480 1483//1483 1436//1436
f 1483//1483 1480//1480 1531//1531
f 1532//1532 1481//1481 1484//1484
f 1437//1437 1484//1484 1481//1481
f 1483//1483 1485//1485 1439//1439
f 1485//1485 1483//1483 1533//1533
f 1534//1534 1484//1484 1486//1486
f 1440//1440 1486//1486 1484//1484
f 1441//1441 1535//1535 1487//1487
f 1535//1535 1441//1441 1485//1485
f 1486//1486 1442//1442 1536//1536
f 1488//1488 1536//1536 1442//1442
f 1443//1443 1537//1537 1489//1489
f 1537//1537 1443//1443 1487//1487
f 1488//1488 1444//1444 1538//1538
f 1490//1490 1538//1538 1444//1444
f 1445//1445 1539//1539 1491//1491
f 1539//1539 1445//1445 1489//1489
f 1490//1490 1446//1446 1540//1540
f 1492//1492 1540//1540 1446//1446
f 1491//1491 1493//1493 1447//1447
f 1493//1493 1491//1491 1541//1541
f 1542//1542 1492//1492 1494//1494
f 1448//1448 1494//1494 1492//1492
f 1493//1493 1495//1495 1449//1449
f 1495//1495 1493//1493 1543//1543
f 1544//1544 1494//1494 1496//1496
f 1450//1450 1496//1496 1494//1494
f 1495//1495 1497//1497 1451//1451
f 1497//1497 1495//1495 1545//1545
f 1546//1546 1496//1496 1499//1499
f 1453//1453 1499//1499 1496//1496
f 1498//1498 1547//1547 1548//1548
f 1547//1547 1498//1498 1497//1497
f 1499//1499 1500//1500 1549//1549
f 1550//1550 1549//1549 1500//1500
f 1501//1501 1498//1498 1551//1551
f 1498//1498 1501//1501 1452//1452
f 1454//1454 1502//1502 1500//1500
f 1552//1552 1500//1500 1502//1502
f 1503//1503 1501//1501 1553//1553
f 1501//1501 1503//1503 1455//1455
f 1456//1456 1504//1504 1502//1502
f 1554//1554 1502//1502 1504//1504
f 1505//1505 1503//1503 1555//1555
f 1503//1503 1505//1505 1457//1457
f 1458//1458 1506//1506 1504//1504
f 1556//1556 1504//1504 1506//1506
f 1507//1507 1505//1505 1557//1557
f 1505//1505 1507//1507 1459//1459
f 1460//1460 1508//1508 1506//1506
f 1558//1558 1506//1506 1508//1508
f 1559//1559 1461//1461 1507//1507
f 1461//1461 1559//1559 1509//1509
f 1510//1510 1560//1560 1462//1462
f 1508//1508 1462//1462 1560//1560
f 1561//1561 1463//1463 1509//1509
f 1463//1463 1561//1561 1511//1511
f 1512//1512 1562//1562 1464//1464
f 1510//1510 1464//1464 1562//1562
f 1511//1511 1513//1513 1465//1465
f 1513//1513 1511//1511 1563//1563
f 1564//1564 1512//1512 1514//1514
f 1466//1466 1514//1514 1512//1512
f 1513//1513 1516//1516 1468//1468
f 1516//1516 1513//1513 1565//1565
f 1566//1566 1514//1514 1517//1517
f 1469//1469 1517//1517 1514//1514
f 1516//1516 1567//1567 1515//1515
f 1567//1567 1516//1516 1568//1568
f 1569//1569 1517//1517 1570//1570
f 1518//1518 1570//1570 1517//1517
f 1571//1571 1520//1520 1519//1519
f 1520//1520 1571//1571 1572//1572
f 1573//1573 1574//1574 1521//1521
f 1522//1522 1521//1521 1574//1574
f 1524//1524 1575//1575 1576//1576
f 1575//1575 1524//1524 1523//1523
f 1525//1525 1526//1526 1577//1577
f 1578//1578 1577//1577 1526//1526
f 1579//1579 1528//1528 1527//1527
f 1528//1528 1579//1579 1580//1580
f 1581//1581 1582//1582 1529//1529
f 1530//1530 1529//1529 1582//1582
f 1528//1528 1531//1531 1480//1480
f 1531//1531 1528//1528 1583//1583
f 1584//1584 1529//1529 1532//1532
f 1481//1481 1532//1532 1529//1529
f 1531//1531 1533//1533 1483//1483
f 1533//1533 1531//1531 1585//1585
f 1586//1586 1532//1532 1534//1534
f 1484//1484 1534//1534 1532//1532
f 1533//1533 1535//1535 1485//1485
f 1535//1535 1533//1533 1587//1587
f 1588//1588 1534//1534 1536//1536
f 1486//1486 1536//1536 1534//1534
f 1487//1487 1589//1589 1537//1537
f 1589//1589 1487//1487 1535//1535
f 1536//1536 1488//1488 1590//1590
f 1538//1538 1590//1590 1488//1488
f 1489//1489 1591//1591 1539//1539
f 1591//1591 1489//1489 1537//1537
f 1538//1538 1490//1490 1592//1592
f 1540//1540 1592//1592 1490//1490
f 1491//1491 1593//1593 1541//1541
f 1593//1593 1491//1491 1539//1539
f 1540//1540 1492//1492 1594//1594
f 1542//1542 1594//1594 1492//1492
f 1541//1541 1543//1543 1493//1493
f 1543//1543 1541//1541 1595//1595
f 1596//1596 1542//1542 1544//1544
f 1494//1494 1544//1544 1542//1542
f 1543//1543 1545//1545 1495//1495
f 1545//1545 1543//1543 1597//1597
f 1598//1598 1544//1544 1546//1546
f 1496//1496 1546//1546 1544//1544
f 1545//1545 1547//1547 1497//1497
f 1547//1547 1545//1545 1599//1599
f 1600//1600 1546//1546 1549//1549
f 1499//1499 1549//1549 1546//1546
f 1548//1548 1601//1601 1602//1602
f 1601//1601 1548//1548 1547//1547
f 1549//1549 1550//1550 1603//1603
f 1604//1604 1603//1603 1550//1550
f 1551//1551 1548//1548 1605//1605
f 1548//1548 1551//1551 1498//1498
f 1500//1500 1552//1552 1550//1550
f 1606//1606 1550//1550 1552//1552
f 1553//1553 1551//1551 1607//1607
f 1551//1551 1553//1553 1501//1501
f 1502//1502 1554//1554 1552//1552
f 1608//1608 1552//1552 1554//1554
f 1555//1555 1553//1553 1609//1609
f 1553//1553 1555//1555 1503//1503
f 1504//1504 1556//1556 1554//1554
f 1610//1610 1554//1554 1556//1556
f 1557//1557 1555//1555 1611//1611
f 1555//1555 1557//1557 1505//1505
f 1506//1506 1558//1558 1556//1556
f 1612//1612 1556//1556 1558//1558
f 1559//1559 1557//1557 1613//1613
f 1557//1557 1559//1559 1507//1507
f 1508//1508 1560//1560 1558//1558
f 1614//1614 1558//1558 1560//1560
f 1615//1615 1509//1509 1559//1559
f 1509//1509 1615//1615 1561//1561
f 1562//1562 1616//1616 1510//1510
f 1560//1560 1510//1510 1616//1616
f 1561//1561 1563//1563 1511//1511
f 1563//1563 1561//1561 1617//1617
f 1618//1618 1562//1562 1564//1564
f 1512//1512 1564//1564 1562//1562
f 1563//1563 1565//1565 1513//1513
f 1565//1565 1563//1563 1619//1619
f 1620//1620 1564//1564 1566//1566
f 1514//1514 1566//1566 1564//1564
f 1565//1565 1568//1568 1516//1516
f 1568//1568 1565//1565 1621//1621
f 1622//1622 1566//1566 1569//1569
f 1517//1517 1569//1569 1566//1566
f 1568//1568 1623//1623 1567//1567
f 1623//1623 1568//1568 1624//1624
f 1625//1625 1569//1569 1626//1626
f 1570//1570 1626//1626 1569//1569
f 1627//1627 1572//1572 1571//1571
f 1572//1572 1627//1627 1628//1628
f 1629//1629 1630//1630 1573//1573
f 1574//1574 1573//1573 1630//1630
f 1576//1576 1628//1628 1627//1627
f 1628//1628 1576//1576 1575//1575
f 1577//1577 1578//1578 1629//1629
f 1630//1630 1629//1629 1578//1578
f 1631//1631 1580//1580 1579//1579
f 1580//1580 1631//1631 1632//1632
f 1633//1633 1634//1634 1581//1581
f 1582//1582 1581//1581 1634//1634
f 1580//1580 1583//1583 1528//1528
f 1583//1583 1580//1580 1635//1635
f 1636//1636 1581//1581 1584//1584
f 1529//1529 1584//1584 1581//1581
f 1583//1583 1585//1585 1531//1531
f 1585//1585 1583//1583 1637//1637
f 1638//1638 1584//1584 1586//1586
f 1532//1532 1586//1586 1584//1584
f 1585//1585 1587//1587 1533//1533
f 1587//1587 1585//1585 1639//1639
f 1640//1640 1586//1586 1588//1588
f 1534//1534 1588//1588 1586//1586
f 1587//1587 1589//1589 1535//1535
f 1589//1589 1587//1587 1641//1641
f 1642//1642 1588//1588 1590//1590
f 1536//1536 1590//1590 1588//1588
f 1537//1537 1643//1643 1591//1591
f 1643//1643 1537//1537 1589//1589
f 1590//1590 1538//1538 1644//1644
f 1592//1592 1644//1644 1538//1538
f 1539//1539 1645//1645 1593//1593
f 1645//1645 1539//1539 1591//1591
f 1592//1592 1540//1540 1646//1646
f 1594//1594 1646//1646 1540//1540
f 1541//1541 1647//1647 1595//1595
f 1647//1647 1541//1541 1593//1593
f 1594//1594 1542//1542 1648//1648
f 1596//1596 1648//1648 1542//1542
f 1595//1595 1597//1597 1543//1543
f 1597//1597 1595//1595 1649//1649
f 1650//1650 1596//1596 1598//1598
f 1544//1544 1598//1598 1596//1596
f 1597//1597 1599//1599 1545//1545
f 1599//1599 1597//1597 1651//1651
f 1652//1652 1598//1598 1600//1600
f 1546//1546 1600//1600 1598//1598
f 1599//1599 1601//1601 1547//1547
f 1601//1601 1599//1599 1653//1653
f 1654//1654 1600//1600 1603//1603
f 1549//1549 1603//1603 1600//1600
f 1602//1602 1655//1655 1656//1656
f 1655//1655 1602//1602 1601//1601
f 1603//1603 1604//1604 1657//1657
f 1658//1658 1657//1657 1604//1604
f 1605//1605 1602//1602 1659//1659
f 1602//1602 1605//1605 1548//1548
f 1550//1550 1606//1606 1604//1604
f 1660//1660 1604//1604 1606//1606
f 1607//1607 1605//1605 1661//1661
f 1605//1605 1607//1607 1551//1551
f 1552//1552 1608//1608 1606//1606
f 1662//1662 1606//1606 1608//1608
f 1609//1609 1607//1607 1663//1663
f 1607//1607 1609//1609 1553//1553
f 1554//1554 1610//1610 1608//1608
f 1664//1664 1608//1608 1610//1610
f 1611//1611 1609//1609 1665//1665
f 1609//1609 1611//1611 1555//1555
f 1556//1556 1612//1612 1610//1610
f 1666//1666 1610//1610 1612//1612
f 1613//1613 1611//1611 1667//1667
f 1611//1611 1613//1613 1557//1557
f 1558//1558 1614//1614 1612//1612
f 1668//1668 1612//1612 1614//1614
f 1615//1615 1613//1613 1669//1669
f 1613//1613 1615//1615 1559//1559
f 1560//1560 1616//1616 1614//1614
f 1670//1670 1614//1614 1616//1616
f 1615//1615 1617//1617 1561//1561
f 1617//1617 1615//1615 1671//1671
f 1672//1672 1616//1616 1618//1618
f 1562//1562 1618//1618 1616//1616
f 1617//1617 1619//1619 1563//1563
f 1619//1619 1617//1617 1673//1673
f 1674//1674 1618//1618 1620//1620
f 1564//1564 1620//1620 1618//1618
f 1619//1619 1621//1621 1565//1565
f 1621//1621 1619//1619 1675//1675
f 1676//1676 1620//1620 1622//1622
f 1566//1566 1622//1622 1620//1620
f 1621//1621 1624//1624 1568//1568
f 1624//1624 1621//1621 1677//1677
f 1678//1678 1622//1622 1625//1625
f 1569//1569 1625//1625 1622//1622
f 1624//1624 1679//1679 1623//1623
f 1679//1679 1624//1624 1680//1680
f 1681//1681 1625//1625 1682//1682
f 1626//1626 1682//1682 1625//1625
f 1679//1679 1632//1632 1631//1631
f 1632//1632 1679//1679 1680//1680
f 1681//1681 1682//1682 1633//1633
f 1634//1634 1633//1633 1682//1682
f 1632//1632 1635//1635 1580//1580
f 1635//1635 1632//1632 1683//1683
f 1684//1684 1633//1633 1636//1636
f 1581//1581 1636//1636 1633//1633
f 1635//1635 1637//1637 1583//1583
f 1637//1637 1635//1635 1685//1685
f 1686//1686 1636//1636 1638//1638
f 1584//1584 1638//1638 1636//1636
f 1637//1637 1639//1639 1585//1585
f 1639//1639 1637//1637 1687//1687
f 1688//1688 1638//1638 1640//1640
f 1586//1586 1640//1640 1638//1638
f 1639//1639 1641//1641 1587//1587
f 1641//1641 1639//1639 1689//1689
f 1690//1690 1640//1640 1642//1642
f 1588//1588 1642//1642 1640//1640
f 1589//1589 1691//1691 1643//1643
f 1691//1691 1589//1589 1641//1641
f 1642//1642 1590//1590 1692//1692
f 1644//1644 1692//1692 1590//1590
f 1591//1591 1693//1693 1645//1645
f 1693//1693 1591//1591 1643//1643
f 1644//1644 1592//1592 1694//1694
f 1646//1646 1694//1694 1592//1592
f 1593//1593 1695//1695 1647//1647
f 1695//1695 1593//1593 1645//1645
f 1646//1646 1594//1594 1696//1696
f 1648//1648 1696//1696 1594//1594
f 1595//1595 1697//1697 1649//1649
f 1697//1697 1595//1595 1647//1647
f 1648//1648 1596//1596 1698//1698
f 1650//1650 1698//1698 1596//1596
f 1649//1649 1651//1651 1597//1597
f 1651//1651 1649//1649 1699//1699
f 1700//1700 1650//1650 1652//1652
f 1598//1598 1652//1652 1650//1650
f 1651//1651 1653//1653 1599//1599
f 1653//1653 1651//1651 1701//1701
f 1702//1702 1652//1652 1654//1654
f 1600//1600 1654//1654 1652//1652
f 1653//1653 1655//1655 1601//1601
f 1655//1655 1653//1653 1703//1703
f 1704//1704 1654//1654 1657//1657
f 1603//1603 1657//1657 1654//1654
f 1705//1705 1706//1706 1707//1707
f 1706//1706 1705//1705 1708//1708
f 1709//1709 1710//1710 1711//1711
f 1712//1712 1711//1711 1710//1710
f 1659//1659 1656//1656 1713//1713
f 1656//1656 1659//1659 1602//1602
f 1604//1604 1660//1660 1658//1658
f 1714//1714 1658//1658 1660//1660
f 1661//1661 1659//1659 1715//1715
f 1659//1659 1661//1661 1605//1605
f 1606//1606 1662//1662 1660//1660
f 1716//1716 1660//1660 1662//1662
f 1663//1663 1661//1661 1717//1717
f 1661//1661 1663//1663 1607//1607
f 1608//1608 1664//1664 1662//1662
f 1718//1718 1662//1662 1664//1664
f 1665//1665 1663//1663 1719//1719
f 1663//1663 1665//1665 1609//1609
f 1610//1610 1666//1666 1664//1664
f 1720//1720 1664//1664 1666//1666
f 1667//1667 1665//1665 1721//1721
f 1665//1665 1667//1667 1611//1611
f 1612//1612 1668//1668 1666//1666
f 1722//1722 1666//1666 1668//1668
f 1669//1669 1667//1667 1723//1723
f 1667//1667 1669//1669 1613//1613
f 1614//1614 1670//1670 1668//1668
f 1724//1724 1668//1668 1670//1670
f 1671//1671 1669//1669 1725//1725
f 1669//1669 1671//1671 1615//1615
f 1616//1616 1672//1672 1670//1670
f 1726//1726 1670//1670 1672//1672
f 1671//1671 1673//1673 1617//1617
f 1673//1673 1671//1671 1727//1727
f 1728//1728 1672//1672 1674//1674
f 1618//1618 1674//1674 1672//1672
f 1673//1673 1675//1675 1619//1619
f 1675//1675 1673//1673 1729//1729
f 1730//1730 1674//1674 1676//1676
f 1620//1620 1676//1676 1674//1674
f 1675//1675 1677//1677 1621//1621
f 1677//1677 1675//1675 1731//1731
f 1732//1732 1676//1676 1678//1678
f 1622//1622 1678//1678 1676//1676
f 1677//1677 1680//1680 1624//1624
f 1680//1680 1677//1677 1733//1733
f 1734//1734 1678//1678 1681//1681
f 1625//1625 1681//1681 1678//1678
f 1680//1680 1683//1683 1632//1632
f 1683//1683 1680//1680 1733//1733
f 1734//1734 1681//1681 1684//1684
f 1633//1633 1684//1684 1681//1681
f 1683//1683 1685//1685 1635//1635
f 1685//1685 1683//1683 1735//1735
f 1736//1736 1684//1684 1686//1686
f 1636//1636 1686//1686 1684//1684
f 1685//1685 1687//1687 1637//1637
f 1687//1687 1685//1685 1737//1737
f 1738//1738 1686//1686 1688//1688
f 1638//1638 1688//1688 1686//1686
f 1687//1687 1689//1689 1639//1639
f 1689//1689 1687//1687 1739//1739
f 1740//1740 1688//1688 1690//1690
f 1640//1640 1690//1690 1688//1688
f 1641//1641 1741//1741 1691//1691
f 1741//1741 1641//1641 1689//1689
f 1690//1690 1642//1642 1742//1742
f 1692//1692 1742//1742 1642//1642
f 1643//1643 1743//1743 1693//1693
f 1743//1743 1643//1643 1691//1691
f 1692//1692 1644//1644 1744//1744
f 1694//1694 1744//1744 1644//1644
f 1645//1645 1745//1745 1695//1695
f 1745//1745 1645//1645 1693//1693
f 1694//1694 1646//1646 1746//1746
f 1696//1696 1746//1746 1646//1646
f 1647//1647 1747//1747 1697//1697
f 1747//1747 1647//1647 1695//1695
f 1696//1696 1648//1648 1748//1748
f 1698//1698 1748//1748 1648//1648
f 1649//1649 1749//1749 1699//1699
f 1749//1749 1649//1649 1697//1697
f 1698//1698 1650//1650 1750//1750
f 1700//1700 1750//1750 1650//1650
f 1699//1699 1701//1701 1651//1651
f 1701//1701 1699//1699 1751//1751
f 1752//1752 1700//1700 1702//1702
f 1652//1652 1702//1702 1700//1700
f 1701//1701 1703//1703 1653//1653
f 1703//1703 1701//1701 1753//1753
f 1754//1754 1702//1702 1704//1704
f 1654//1654 1704//1704 1702//1702
f 1755//1755 1708//1708 1705//1705
f 1708//1708 1755//1755 1756//1756
f 1757//1757 1758//1758 1709//1709
f 1710//1710 1709//1709 1758//1758
f 1759//1759 1760//1760 1761//1761
f 1760//1760 1759//1759 1762//1762
f 1763//1763 1764//1764 1765//1765
f 1766//1766 1765//1765 1764//1764
f 1707//1707 1767//1767 1768//1768
f 1767//1767 1707//1707 1706//1706
f 1711//1711 1712//1712 1769//1769
f 1770//1770 1769//1769 1712//1712
f 1715//1715 1713//1713 1771//1771
f 1713//1713 1715//1715 1659//1659
f 1660//1660 1716//1716 1714//1714
f 1772//1772 1714//1714 1716//1716
f 1717//1717 1715//1715 1773//1773
f 1715//1715 1717//1717 1661//1661
f 1662//1662 1718//1718 1716//1716
f 1774//1774 1716//1716 1718//1718
f 1719//1719 1717//1717 1775//1775
f 1717//1717 1719//1719 1663//1663
f 1664//1664 1720//1720 1718//1718
f 1776//1776 1718//1718 1720//1720
f 1721//1721 1719//1719 1777//1777
f 1719//1719 1721//1721 1665//1665
f 1666//1666 1722//1722 1720//1720
f 1778//1778 1720//1720 1722//1722
f 1723//1723 1721//1721 1779//1779
f 1721//1721 1723//1723 1667//1667
f 1668//1668 1724//1724 1722//1722
f 1780//1780 1722//1722 1724//1724
f 1725//1725 1723//1723 1781//1781
f 1723//1723 1725//1725 1669//1669
f 1670//1670 1726//1726 1724//1724
f 1782//1782 1724//1724 1726//1726
f 1725//1725 1727//1727 1671//1671
f 1727//1727 1725//1725 1783//1783
f 1784//1784 1726//1726 1728//1728
f 1672//1672 1728//1728 1726//1726
f 1727//1727 1729//1729 1673//1673
f 1729//1729 1727//1727 1785//1785
f 1786//1786 1728//1728 1730//1730
f 1674//1674 1730//1730 1728//1728
f 1729//1729 1731//1731 1675//1675
f 1731//1731 1729//1729 1787//1787
f 1788//1788 1730//1730 1732//1732
f 1676//1676 1732//1732 1730//1730
f 1731//1731 1733//1733 1677//1677
f 1733//1733 1731//1731 1789//1789
f 1790//1790 1732//1732 1734//1734
f 1678//1678 1734//1734 1732//1732
f 1733//1733 1735//1735 1683//1683
f 1735//1735 1733//1733 1789//1789
f 1790//1790 1734//1734 1736//1736
f 1684//1684 1736//1736 1734//1734
f 1735//1735 1737//1737 1685//1685
f 1737//1737 1735//1735 1791//1791
f 1792//1792 1736//1736 1738//1738
f 1686//1686 1738//1738 1736//1736
f 1737//1737 1739//1739 1687//1687
f 1739//1739 1737//1737 1793//1793
f 1794//1794 1738//1738 1740//1740
f 1688//1688 1740//1740 1738//1738
f 1739//1739 1741//1741 1689//1689
f 1741//1741 1739//1739 1795//1795
f 1796//1796 1740//1740 1742//1742
f 1690//1690 1742//1742 1740//1740
f 1691//1691 1797//1797 1743//1743
f 1797//1797 1691//1691 1741//1741
f 1742//1742 1692//1692 1798//1798
f 1744//1744 1798//1798 1692//1692
f 1693//1693 1799//1799 1745//1745
f 1799//1799 1693//1693 1743//1743
f 1744//1744 1694//1694 1800//1800
f 1746//1746 1800//1800 1694//1694
f 1695//1695 1801//1801 1747//1747
f 1801//1801 1695//1695 1745//1745
f 1746//1746 1696//1696 1802//1802
f 1748//1748 1802//1802 1696//1696
f 1697//1697 1803//1803 1749//1749
f 1803//1803 1697//1697 1747//1747
f 1748//1748 1698//1698 1804//1804
f 1750//1750 1804//1804 1698//1698
f 1699//1699 1805//1805 1751//1751
f 1805//1805 1699//1699 1749//1749
f 1750//1750 1700//1700 1806//1806
f 1752//1752 1806//1806 1700//1700
f 1751//1751 1753//1753 1701//1701
f 1753//1753 1751//1751 1807//1807
f 1808//1808 1752//1752 1754//1754
f 1702//1702 1754//1754 1752//1752
f 1809//1809 1756//1756 1755//1755
f 1756//1756 1809//1809 1810//1810
f 1811//1811 1812//1812 1757//1757
f 1758//1758 1757//1757 1812//1812
f 1813//1813 1759//1759 1761//1761
f 1759//1759 1813//1813 1814//1814
f 1815//1815 1816//1816 1764//1764
f 1766//1766 1764//1764 1816//1816
f 1817//1817 1762//1762 1759//1759
f 1762//1762 1817//1817 1818//1818
f 1819//1819 1820//1820 1763//1763
f 1764//1764 1763//1763 1820//1820
f 1762//1762 1821//1821 1760//1760
f 1821//1821 1762//1762 1822//1822
f 1823//1823 1763//1763 1824//1824
f 1765//1765 1824//1824 1763//1763
f 1768//1768 1825//1825 1826//1826
f 1825//1825 1768//1768 1767//1767
f 1769//1769 1770//1770 1827//1827
f 1828//1828 1827//1827 1770//1770
f 1773//1773 1771//1771 1829//1829
f 1771//1771 1773//1773 1715//1715
f 1716//1716 1774//1774 1772//1772
f 1830//1830 1772//1772 1774//1774
f 1775//1775 1773//1773 1831//1831
f 1773//1773 1775//1775 1717//1717
f 1718//1718 1776//1776 1774//1774
f 1832//1832 1774//1774 1776//1776
f 1777//1777 1775//1775 1833//1833
f 1775//1775 1777//1777 1719//1719
f 1720//1720 1778//1778 1776//1776
f 1834//1834 1776//1776 1778//1778
f 1779//1779 1777//1777 1835//1835
f 1777//1777 1779//1779 1721//1721
f 1722//1722 1780//1780 1778//1778
f 1836//1836 1778//1778 1780//1780
f 1781//1781 1779//1779 1837//1837
f 1779//1779 1781//1781 1723//1723
f 1724//1724 1782//1782 1780//1780
f 1838//1838 1780//1780 1782//1782
f 1783//1783 1781//1781 1839//1839
f 1781//1781 1783//1783 1725//1725
f 1726//1726 1784//1784 1782//1782
f 1840//1840 1782//1782 1784//1784
f 1783//1783 1785//1785 1727//1727
f 1785//1785 1783//1783 1841//1841
f 1842//1842 1784//1784 1786//1786
f 1728//1728 1786//1786 1784//1784
f 1785//1785 1787//1787 1729//1729
f 1787//1787 1785//1785 1843//1843
f 1844//1844 1786//1786 1788//1788
f 1730//1730 1788//1788 1786//1786
f 1787//1787 1789//1789 1731//1731
f 1789//1789 1787//1787 1845//1845
f 1846//1846 1788//1788 1790//1790
f 1732//1732 1790//1790 1788//1788
f 1789//1789 1791//1791 1735//1735
f 1791//1791 1789//1789 1845//1845
f 1846//1846 1790//1790 1792//1792
f 1736//1736 1792//1792 1790//1790
f 1791//1791 1793//1793 1737//1737
f 1793//1793 1791//1791 1847//1847
f 1848//1848 1792//1792 1794//1794
f 1738//1738 1794//1794 1792//1792
f 1793//1793 1795//1795 1739//1739
f 1795//1795 1793//1793 1849//1849
f 1850//1850 1794//1794 1796//1796
f 1740//1740 1796//1796 1794//1794
f 1741//1741 1851//1851 1797//1797
f 1851//1851 1741//1741 1795//1795
f 1796//1796 1742//1742 1852//1852
f 1798//1798 1852//1852 1742//1742
f 1743//1743 1853//1853 1799//1799
f 1853//1853 1743//1743 1797//1797
f 1798//1798 1744//1744 1854//1854
f 1800//1800 1854//1854 1744//1744
f 1745//1745 1855//1855 1801//1801
f 1855//1855 1745//1745 1799//1799
f 1800//1800 1746//1746 1856//1856
f 1802//1802 1856//1856 1746//1746
f 1747//1747 1857//1857 1803//1803
f 1857//1857 1747//1747 1801//1801
f 1802//1802 1748//1748 1858//1858
f 1804//1804 1858//1858 1748//1748
f 1749//1749 1859//1859 1805//1805
f 1859//1859 1749//1749 1803//1803
f 1804//1804 1750//1750 1860//1860
f 1806//1806 1860//1860 1750//1750
f 1751//1751 1861//1861 1807//1807
f 1861//1861 1751//1751 1805//1805
f 1806//1806 1752//1752 1862//1862
f 1808//1808 1862//1862 1752//1752
f 1863//1863 1810//1810 1809//1809
f 1810//1810 1863//1863 1864//1864
f 1865//1865 1866//1866 1811//1811
f 1812//1812 1811//1811 1866//1866
f 1867//1867 1814//1814 1813//1813
f 1814//1814 1867//1867 1868//1868
f 1869//1869 1870//1870 1815//1815
f 1816//1816 1815//1815 1870//1870
f 1814//1814 1817//1817 1759//1759
f 1817//1817 1814//1814 1871//1871
f 1872//1872 1815//1815 1820//1820
f 1764//1764 1820//1820 1815//1815
f 1873//1873 1818//1818 1817//1817
f 1818//1818 1873//1873 1874//1874
f 1875//1875 1876//1876 1819//1819
f 1820//1820 1819//1819 1876//1876
f 1818//1818 1822//1822 1762//1762
f 1822//1822 1818//1818 1877//1877
f 1878//1878 1819//1819 1823//1823
f 1763//1763 1823//1823 1819//1819
f 1822//1822 1879//1879 1821//1821
f 1879//1879 1822//1822 1880//1880
f 1881//1881 1823//1823 1882//1882
f 1824//1824 1882//1882 1823//1823
f 1883//1883 1825//1825 1884//1884
f 1825//1825 1883//1883 1826//1826
f 1828//1828 1885//1885 1827//1827
f 1886//1886 1827//1827 1885//1885
f 1831//1831 1829//1829 1887//1887
f 1829//1829 1831//1831 1773//1773
f 1774//1774 1832//1832 1830//1830
f 1888//1888 1830//1830 1832//1832
f 1833//1833 1831//1831 1889//1889
f 1831//1831 1833//1833 1775//1775
f 1776//1776 1834//1834 1832//1832
f 1890//1890 1832//1832 1834//1834
f 1835//1835 1833//1833 1891//1891
f 1833//1833 1835//1835 1777//1777
f 1778//1778 1836//1836 1834//1834
f 1892//1892 1834//1834 1836//1836
f 1837//1837 1835//1835 1893//1893
f 1835//1835 1837//1837 1779//1779
f 1780//1780 1838//1838 1836//1836
f 1894//1894 1836//1836 1838//1838
f 1839//1839 1837//1837 1895//1895
f 1837//1837 1839//1839 1781//1781
f 1782//1782 1840//1840 1838//1838
f 1896//1896 1838//1838 1840//1840
f 1897//1897 1783//1783 1839//1839
f 1783//1783 1897//1897 1841//1841
f 1842//1842 1898//1898 1784//1784
f 1840//1840 1784//1784 1898//1898
f 1899//1899 1785//1785 1841//1841
f 1785//1785 1899//1899 1843//1843
f 1844//1844 1900//1900 1786//1786
f 1842//1842 1786//1786 1900//1900
f 1843//1843 1845//1845 1787//1787
f 1845//1845 1843//1843 1901//1901
f 1902//1902 1844//1844 1846//1846
f 1788//1788 1846//1846 1844//1844
f 1845//1845 1847//1847 1791//1791
f 1847//1847 1845//1845 1901//1901
f 1902//1902 1846//1846 1848//1848
f 1792//1792 1848//1848 1846//1846
f 1903//1903 1793//1793 1847//1847
f 1793//1793 1903//1903 1849//1849
f 1850//1850 1904//1904 1794//1794
f 1848//1848 1794//1794 1904//1904
f 1905//1905 1795//1795 1849//1849
f 1795//1795 1905//1905 1851//1851
f 1852//1852 1906//1906 1796//1796
f 1850//1850 1796//1796 1906//1906
f 1797//1797 1907//1907 1853//1853
f 1907//1907 1797//1797 1851//1851
f 1852//1852 1798//1798 1908//1908
f 1854//1854 1908//1908 1798//1798
f 1799//1799 1909//1909 1855//1855
f 1909//1909 1799//1799 1853//1853
f 1854//1854 1800//1800 1910//1910
f 1856//1856 1910//1910 1800//1800
f 1801//1801 1911//1911 1857//1857
f 1911//1911 1801//1801 1855//1855
f 1856//1856 1802//1802 1912//1912
f 1858//1858 1912//1912 1802//1802
f 1803//1803 1913//1913 1859//1859
f 1913//1913 1803//1803 1857//1857
f 1858//1858 1804//1804 1914//1914
f 1860//1860 1914//1914 1804//1804
f 1805//1805 1915//1915 1861//1861
f 1915//1915 1805//1805 1859//1859
f 1860//1860 1806//1806 1916//1916
f 1862//1862 1916//1916 1806//1806
f 1863//1863 1917//1917 1864//1864
f 1917//1917 1863//1863 1918//1918
f 1919//1919 1866//1866 1920//1920
f 1865//1865 1920//1920 1866//1866
f 1921//1921 1868//1868 1867//1867
f 1868//1868 1921//1921 1922//1922
f 1923//1923 1924//1924 1869//1869
f 1870//1870 1869//1869 1924//1924
f 1868//1868 1871//1871 1814//1814
f 1871//1871 1868//1868 1925//1925
f 1926//1926 1869//1869 1872//1872
f 1815//1815 1872//1872 1869//1869
f 1871//1871 1873//1873 1817//1817
f 1873//1873 1871//1871 1927//1927
f 1928//1928 1872//1872 1876//1876
f 1820//1820 1876//1876 1872//1872
f 1873//1873 1929//1929 1874//1874
f 1929//1929 1873//1873 1930//1930
f 1931//1931 1876//1876 1932//1932
f 1875//1875 1932//1932 1876//1876
f 1874//1874 1877//1877 1818//1818
f 1877//1877 1874//1874 1933//1933
f 1934//1934 1875//1875 1878//1878
f 1819//1819 1878//1878 1875//1875
f 1877//1877 1880//1880 1822//1822
f 1880//1880 1877//1877 1935//1935
f 1936//1936 1878//1878 1881//1881
f 1823//1823 1881//1881 1878//1878
f 1880//1880 1937//1937 1879//1879
f 1937//1937 1880//1880 1938//1938
f 1939//1939 1881//1881 1940//1940
f 1882//1882 1940//1940 1881//1881
f 1941//1941 1884//1884 1942//1942
f 1884//1884 1941//1941 1883//1883
f 1885//1885 1943//1943 1886//1886
f 1944//1944 1886//1886 1943//1943
f 1889//1889 1887//1887 1945//1945
f 1887//1887 1889//1889 1831//1831
f 1832//1832 1890//1890 1888//1888
f 1946//1946 1888//1888 1890//1890
f 1891//1891 1889//1889 1947//1947
f 1889//1889 1891//1891 1833//1833
f 1834//1834 1892//1892 1890//1890
f 1948//1948 1890//1890 1892//1892
f 1893//1893 1891//1891 1949//1949
f 1891//1891 1893//1893 1835//1835
f 1836//1836 1894//1894 1892//1892
f 1950//1950 1892//1892 1894//1894
f 1895//1895 1893//1893 1951//1951
f 1893//1893 1895//1895 1837//1837
f 1838//1838 1896//1896 1894//1894
f 1952//1952 1894//1894 1896//1896
f 1953//1953 1839//1839 1895//1895
f 1839//1839 1953//1953 1897//1897
f 1898//1898 1954//1954 1840//1840
f 1896//1896 1840//1840 1954//1954
f 1955//1955 1841//1841 1897//1897
f 1841//1841 1955//1955 1899//1899
f 1900//1900 1956//1956 1842//1842
f 1898//1898 1842//1842 1956//1956
f 1957//1957 1843//1843 1899//1899
f 1843//1843 1957//1957 1901//1901
f 1902//1902 1958//1958 1844//1844
f 1900//1900 1844//1844 1958//1958
f 1903//1903 1901//1901 1957//1957
f 1901//1901 1903//1903 1847//1847
f 1848//1848 1904//1904 1902//1902
f 1958//1958 1902//1902 1904//1904
f 1959//1959 1849//1849 1903//1903
f 1849//1849 1959//1959 1905//1905
f 1906//1906 1960//1960 1850//1850
f 1904//1904 1850//1850 1960//1960
f 1961//1961 1851//1851 1905//1905
f 1851//1851 1961//1961 1907//1907
f 1908//1908 1962//1962 1852//1852
f 1906//1906 1852//1852 1962//1962
f 1853//1853 1963//1963 1909//1909
f 1963//1963 1853//1853 1907//1907
f 1908//1908 1854//1854 1964//1964
f 1910//1910 1964//1964 1854//1854
f 1855//1855 1965//1965 1911//1911
f 1965//1965 1855//1855 1909//1909
f 1910//1910 1856//1856 1966//1966
f 1912//1912 1966//1966 1856//1856
f 1857//1857 1967//1967 1913//1913
f 1967//1967 1857//1857 1911//1911
f 1912//1912 1858//1858 1968//1968
f 1914//1914 1968//1968 1858//1858
f 1859//1859 1969//1969 1915//1915
f 1969//1969 1859//1859 1913//1913
f 1914//1914 1860//1860 1970//1970
f 1916//1916 1970//1970 1860//1860
f 1918//1918 1971//1971 1917//1917
f 1971//1971 1918//1918 1972//1972
f 1973//1973 1919//1919 1974//1974
f 1920//1920 1974//1974 1919//1919
f 1975//1975 1922//1922 1921//1921
f 1922//1922 1975//1975 1976//1976
f 1977//1977 1978//1978 1923//1923
f 1924//1924 1923//1923 1978//1978
f 1922//1922 1925//1925 1868//1868
f 1925//1925 1922//1922 1979//1979
f 1980//1980 1923//1923 1926//1926
f 1869//1869 1926//1926 1923//1923
f 1925//1925 1927//1927 1871//1871
f 1927//1927 1925//1925 1981//1981
f 1982//1982 1926//1926 1928//1928
f 1872//1872 1928//1928 1926//1926
f 1927//1927 1930//1930 1873//1873
f 1930//1930 1927//1927 1983//1983
f 1984//1984 1928//1928 1931//1931
f 1876//1876 1931//1931 1928//1928
f 1930//1930 1985//1985 1929//1929
f 1985//1985 1930//1930 1986//1986
f 1987//1987 1931//1931 1988//1988
f 1932//1932 1988//1988 1931//1931
f 1874//1874 1989//1989 1933//1933
f 1989//1989 1874//1874 1929//1929
f 1932//1932 1875//1875 1990//1990
f 1934//1934 1990//1990 1875//1875
f 1933//1933 1935//1935 1877//1877
f 1935//1935 1933//1933 1991//1991
f 1992//1992 1934//1934 1936//1936
f 1878//1878 1936//1936 1934//1934
f 1935//1935 1938//1938 1880//1880
f 1938//1938 1935//1935 1993//1993
f 1994//1994 1936//1936 1939//1939
f 1881//1881 1939//1939 1936//1936
f 1938//1938 1995//1995 1937//1937
f 1995//1995 1938//1938 1996//1996
f 1997//1997 1939//1939 1998//1998
f 1940//1940 1998//1998 1939//1939
f 1999//1999 1942//1942 2000//2000
f 1942//1942 1999//1999 1941//1941
f 1943//1943 2001//2001 1944//1944
f 2002//2002 1944//1944 2001//2001
f 1947//1947 1945//1945 2003//2003
f 1945//1945 1947//1947 1889//1889
f 1890//1890 1948//1948 1946//1946
f 2004//2004 1946//1946 1948//1948
f 1949//1949 1947//1947 2005//2005
f 1947//1947 1949//1949 1891//1891
f 1892//1892 1950//1950 1948//1948
f 2006//2006 1948//1948 1950//1950
f 1951//1951 1949//1949 2007//2007
f 1949//1949 1951//1951 1893//1893
f 1894//1894 1952//1952 1950//1950
f 2008//2008 1950//1950 1952//1952
f 2009//2009 1895//1895 1951//1951
f 1895//1895 2009//2009 1953//1953
f 1954//1954 2010//2010 1896//1896
f 1952//1952 1896//1896 2010//2010
f 2011//2011 1897//1897 1953//1953
f 1897//1897 2011//2011 1955//1955
f 1956//1956 2012//2012 1898//1898
f 1954//1954 1898//1898 2012//2012
f 2013//2013 1899//1899 1955//1955
f 1899//1899 2013//2013 1957//1957
f 1958//1958 2014//2014 1900//1900
f 1956//1956 1900//1900 2014//2014
f 1959//1959 1957//1957 2013//2013
f 1957//1957 1959//1959 1903//1903
f 1904//1904 1960//1960 1958//1958
f 2014//2014 1958//1958 1960//1960
f 2015//2015 1905//1905 1959//1959
f 1905//1905 2015//2015 1961//1961
f 1962//1962 2016//2016 1906//1906
f 1960//1960 1906//1906 2016//2016
f 2017//2017 1907//1907 1961//1961
f 1907//1907 2017//2017 1963//1963
f 1964//1964 2018//2018 1908//1908
f 1962//1962 1908//1908 2018//2018
f 1909//1909 2019//2019 1965//1965
f 2019//2019 1909//1909 1963//1963
f 1964//1964 1910//1910 2020//2020
f 1966//1966 2020//2020 1910//1910
f 1911//1911 2021//2021 1967//1967
f 2021//2021 1911//1911 1965//1965
f 1966//1966 1912//1912 2022//2022
f 1968//1968 2022//2022 1912//1912
f 1913//1913 2023//2023 1969//1969
f 2023//2023 1913//1913 1967//1967
f 1968//1968 1914//1914 2024//2024
f 1970//1970 2024//2024 1914//1914
f 1972//1972 2025//2025 1971//1971
f 2025//2025 1972//1972 2026//2026
f 2027//2027 1973//1973 2028//2028
f 1974//1974 2028//2028 1973//1973
f 2029//2029 1976//1976 1975//1975
f 1976//1976 2029//2029 2030//2030
f 2031//2031 2032//2032 1977//1977
f 1978//1978 1977//1977 2032//2032
f 1976//1976 1979//1979 1922//1922
f 1979//1979 1976//1976 2033//2033
f 2034//2034 1977//1977 1980//1980
f 1923//1923 1980//1980 1977//1977
f 1979//1979 1981//1981 1925//1925
f 1981//1981 1979//1979 2035//2035
f 2036//2036 1980//1980 1982//1982
f 1926//1926 1982//1982 1980//1980
f 1927//1927 2037//2037 1983//1983
f 2037//2037 1927//1927 1981//1981
f 1982//1982 1928//1928 2038//2038
f 1984//1984 2038//2038 1928//1928
f 1983//1983 1986//1986 1930//1930
f 1986//1986 1983//1983 2039//2039
f 2040//2040 1984//1984 1987//1987
f 1931//1931 1987//1987 1984//1984
f 1986//1986 2041//2041 1985//1985
f 2041//2041 1986//1986 2042//2042
f 2043//2043 1987//1987 2044//2044
f 1988//1988 2044//2044 1987//1987
f 1929//1929 2045//2045 1989//1989
f 2045//2045 1929//1929 1985//1985
f 1988//1988 1932//1932 2046//2046
f 1990//1990 2046//2046 1932//1932
f 1933//1933 2047//2047 1991//1991
f 2047//2047 1933//1933 1989//1989
f 1990//1990 1934//1934 2048//2048
f 1992//1992 2048//2048 1934//1934
f 1991//1991 1993//1993 1935//1935
f 1993//1993 1991//1991 2049//2049
f 2050//2050 1992//1992 1994//1994
f 1936//1936 1994//1994 1992//1992
f 1993//1993 1996//1996 1938//1938
f 1996//1996 1993//1993 2051//2051
f 2052//2052 1994//1994 1997//1997
f 1939//1939 1997//1997 1994//1994
f 1996//1996 2053//2053 1995//1995
f 2053//2053 1996//1996 2054//2054
f 2055//2055 1997//1997 2056//2056
f 1998//1998 2056//2056 1997//1997
f 2057//2057 2000//2000 2058//2058
f 2000//2000 2057//2057 1999//1999
f 2001//2001 2059//2059 2002//2002
f 2060//2060 2002//2002 2059//2059
f 2005//2005 2003//2003 2061//2061
f 2003//2003 2005//2005 1947//1947
f 1948//1948 2006//2006 2004//2004
f 2062//2062 2004//2004 2006//2006
f 2007//2007 2005//2005 2063//2063
f 2005//2005 2007//2007 1949//1949
f 1950//1950 2008//2008 2006//2006
f 2064//2064 2006//2006 2008//2008
f 2065//2065 1951//1951 2007//2007
f 1951//1951 2065//2065 2009//2009
f 2010//2010 2066//2066 1952//1952
f 2008//2008 1952//1952 2066//2066
f 2067//2067 1953//1953 2009//2009
f 1953//1953 2067//2067 2011//2011
f 2012//2012 2068//2068 1954//1954
f 2010//2010 1954//1954 2068//2068
f 2069//2069 1955//1955 2011//2011
f 1955//1955 2069//2069 2013//2013
f 2014//2014 2070//2070 1956//1956
f 2012//2012 1956//1956 2070//2070
f 2015//2015 2013//2013 2069//2069
f 2013//2013 2015//2015 1959//1959
f 1960//1960 2016//2016 2014//2014
f 2070//2070 2014//2014 2016//2016
f 2071//2071 1961//1961 2015//2015
f 1961//1961 2071//2071 2017//2017
f 2018//2018 2072//2072 1962//1962
f 2016//2016 1962//1962 2072//2072
f 2073//2073 1963//1963 2017//2017
f 1963//1963 2073//2073 2019//2019
f 2020//2020 2074//2074 1964//1964
f 2018//2018 1964//1964 2074//2074
f 1965//1965 2075//2075 2021//2021
f 2075//2075 1965//1965 2019//2019
f 2020//2020 1966//1966 2076//2076
f 2022//2022 2076//2076 1966//1966
f 1967//1967 2077//2077 2023//2023
f 2077//2077 1967//1967 2021//2021
f 2022//2022 1968//1968 2078//2078
f 2024//2024 2078//2078 1968//1968
f 2026//2026 2079//2079 2025//2025
f 2079//2079 2026//2026 2080//2080
f 2081//2081 2027//2027 2082//2082
f 2028//2028 2082//2082 2027//2027
f 2083//2083 2030//2030 2029//2029
f 2030//2030 2083//2083 2084//2084
f 2085//2085 2086//2086 2031//2031
f 2032//2032 2031//2031 2086//2086
f 2030//2030 2033//2033 1976//1976
f 2033//2033 2030//2030 2087//2087
f 2088//2088 2031//2031 2034//2034
f 1977//1977 2034//2034 2031//2031
f 2033//2033 2035//2035 1979//1979
f 2035//2035 2033//2033 2089//2089
f 2090//2090 2034//2034 2036//2036
f 1980//1980 2036//2036 2034//2034
f 1981//1981 2091//2091 2037//2037
f 2091//2091 1981//1981 2035//2035
f 2036//2036 1982//1982 2092//2092
f 2038//2038 2092//2092 1982//1982
f 1983//1983 2093//2093 2039//2039
f 2093//2093 1983//1983 2037//2037
f 2038//2038 1984//1984 2094//2094
f 2040//2040 2094//2094 1984//1984
f 2039//2039 2042//2042 1986//1986
f 2042//2042 2039//2039 2095//2095
f 2096//2096 2040//2040 2043//2043
f 1987//1987 2043//2043 2040//2040
f 2041//2041 2097//2097 2098//2098
f 2097//2097 2041//2041 2042//2042
f 2043//2043 2044//2044 2099//2099
f 2100//2100 2099//2099 2044//2044
f 1985//1985 2101//2101 2045//2045
f 2101//2101 1985//1985 2041//2041
f 2044//2044 1988//1988 2102//2102
f 2046//2046 2102//2102 1988//1988
f 1989//1989 2103//2103 2047//2047
f 2103//2103 1989//1989 2045//2045
f 2046//2046 1990//1990 2104//2104
f 2048//2048 2104//2104 1990//1990
f 2049//2049 2047//2047 2105//2105
f 2047//2047 2049//2049 1991//1991
f 1992//1992 2050//2050 2048//2048
f 2106//2106 2048//2048 2050//2050
f 2049//2049 2051//2051 1993//1993
f 2051//2051 2049//2049 2107//2107
f 2108//2108 2050//2050 2052//2052
f 1994//1994 2052//2052 2050//2050
f 2051//2051 2054//2054 1996//1996
f 2054//2054 2051//2051 2109//2109
f 2110//2110 2052//2052 2055//2055
f 1997//1997 2055//2055 2052//2052
f 2111//2111 2053//2053 2054//2054
f 2053//2053 2111//2111 2112//2112
f 2113//2113 2114//2114 2056//2056
f 2055//2055 2056//2056 2114//2114
f 2115//2115 2058//2058 2116//2116
f 2058//2058 2115//2115 2057//2057
f 2059//2059 2117//2117 2060//2060
f 2118//2118 2060//2060 2117//2117
f 2063//2063 2061//2061 2119//2119
f 2061//2061 2063//2063 2005//2005
f 2006//2006 2064//2064 2062//2062
f 2120//2120 2062//2062 2064//2064
f 2121//2121 2007//2007 2063//2063
f 2007//2007 2121//2121 2065//2065
f 2066//2066 2122//2122 2008//2008
f 2064//2064 2008//2008 2122//2122
f 2123//2123 2009//2009 2065//2065
f 2009//2009 2123//2123 2067//2067
f 2068//2068 2124//2124 2010//2010
f 2066//2066 2010//2010 2124//2124
f 2125//2125 2011//2011 2067//2067
f 2011//2011 2125//2125 2069//2069
f 2070//2070 2126//2126 2012//2012
f 2068//2068 2012//2012 2126//2126
f 2071//2071 2069//2069 2125//2125
f 2069//2069 2071//2071 2015//2015
f 2016//2016 2072//2072 2070//2070
f 2126//2126 2070//2070 2072//2072
f 2127//2127 2017//2017 2071//2071
f 2017//2017 2127//2127 2073//2073
f 2074//2074 2128//2128 2018//2018
f 2072//2072 2018//2018 2128//2128
f 2129//2129 2019//2019 2073//2073
f 2019//2019 2129//2129 2075//2075
f 2076//2076 2130//2130 2020//2020
f 2074//2074 2020//2020 2130//2130
f 2021//2021 2131//2131 2077//2077
f 2131//2131 2021//2021 2075//2075
f 2076//2076 2022//2022 2132//2132
f 2078//2078 2132//2132 2022//2022
f 2080//2080 2133//2133 2079//2079
f 2133//2133 2080//2080 2134//2134
f 2135//2135 2081//2081 2136//2136
f 2082//2082 2136//2136 2081//2081
f 2137//2137 2084//2084 2083//2083
f 2084//2084 2137//2137 2138//2138
f 2139//2139 2140//2140 2085//2085
f 2086//2086 2085//2085 2140//2140
f 2084//2084 2087//2087 2030//2030
f 2087//2087 2084//2084 2141//2141
f 2142//2142 2085//2085 2088//2088
f 2031//2031 2088//2088 2085//2085
f 2087//2087 2089//2089 2033//2033
f 2089//2089 2087//2087 2143//2143
f 2144//2144 2088//2088 2090//2090
f 2034//2034 2090//2090 2088//2088
f 2035//2035 2145//2145 2091//2091
f 2145//2145 2035//2035 2089//2089
f 2090//2090 2036//2036 2146//2146
f 2092//2092 2146//2146 2036//2036
f 2037//2037 2147//2147 2093//2093
f 2147//2147 2037//2037 2091//2091
f 2092//2092 2038//2038 2148//2148
f 2094//2094 2148//2148 2038//2038
f 2039//2039 2149//2149 2095//2095
f 2149//2149 2039//2039 2093//2093
f 2094//2094 2040//2040 2150//2150
f 2096//2096 2150//2150 2040//2040
f 2095//2095 2097//2097 2042//2042
f 2097//2097 2095//2095 2151//2151
f 2152//2152 2096//2096 2099//2099
f 2043//2043 2099//2099 2096//2096
f 2098//2098 2153//2153 2154//2154
f 2153//2153 2098//2098 2097//2097
f 2099//2099 2100//2100 2155//2155
f 2156//2156 2155//2155 2100//2100
f 2101//2101 2098//2098 2157//2157
f 2098//2098 2101//2101 2041//2041
f 2044//2044 2102//2102 2100//2100
f 2158//2158 2100//2100 2102//2102
f 2045//2045 2159//2159 2103//2103
f 2159//2159 2045//2045 2101//2101
f 2102//2102 2046//2046 2160//2160
f 2104//2104 2160//2160 2046//2046
f 2105//2105 2103//2103 2161//2161
f 2103//2103 2105//2105 2047//2047
f 2048//2048 2106//2106 2104//2104
f 2162//2162 2104//2104 2106//2106
f 2107//2107 2105//2105 2163//2163
f 2105//2105 2107//2107 2049//2049
f 2050//2050 2108//2108 2106//2106
f 2164//2164 2106//2106 2108//2108
f 2107//2107 2109//2109 2051//2051
f 2109//2109 2107//2107 2165//2165
f 2166//2166 2108//2108 2110//2110
f 2052//2052 2110//2110 2108//2108
f 2167//2167 2054//2054 2109//2109
f 2054//2054 2167//2167 2111//2111
f 2114//2114 2168//2168 2055//2055
f 2110//2110 2055//2055 2168//2168
f 2169//2169 2112//2112 2111//2111
f 2112//2112 2169//2169 2170//2170
f 2171//2171 2172//2172 2113//2113
f 2114//2114 2113//2113 2172//2172
f 2173//2173 2116//2116 2174//2174
f 2116//2116 2173//2173 2115//2115
f 2117//2117 2175//2175 2118//2118
f 2176//2176 2118//2118 2175//2175
f 2177//2177 2063//2063 2119//2119
f 2063//2063 2177//2177 2121//2121
f 2122//2122 2178//2178 2064//2064
f 2120//2120 2064//2064 2178//2178
f 2179//2179 2065//2065 2121//2121
f 2065//2065 2179//2179 2123//2123
f 2124//2124 2180//2180 2066//2066
f 2122//2122 2066//2066 2180//2180
f 2181//2181 2067//2067 2123//2123
f 2067//2067 2181//2181 2125//2125
f 2126//2126 2182//2182 2068//2068
f 2124//2124 2068//2068 2182//2182
f 2127//2127 2125//2125 2181//2181
f 2125//2125 2127//2127 2071//2071
f 2072//2072 2128//2128 2126//2126
f 2182//2182 2126//2126 2128//2128
f 2183//2183 2073//2073 2127//2127
f 2073//2073 2183//2183 2129//2129
f 2130//2130 2184//2184 2074//2074
f 2128//2128 2074//2074 2184//2184
f 2185//2185 2075//2075 2129//2129
f 2075//2075 2185//2185 2131//2131
f 2132//2132 2186//2186 2076//2076
f 2130//2130 2076//2076 2186//2186
f 2134//2134 2187//2187 2133//2133
f 2187//2187 2134//2134 2188//2188
f 2189//2189 2135//2135 2190//2190
f 2136//2136 2190//2190 2135//2135
f 2137//2137 2191//2191 2138//2138
f 2191//2191 2137//2137 2192//2192
f 2193//2193 2140//2140 2194//2194
f 2139//2139 2194//2194 2140//2140
f 2138//2138 2141//2141 2084//2084
f 2141//2141 2138//2138 2195//2195
f 2196//2196 2139//2139 2142//2142
f 2085//2085 2142//2142 2139//2139
f 2141//2141 2143//2143 2087//2087
f 2143//2143 2141//2141 2197//2197
f 2198//2198 2142//2142 2144//2144
f 2088//2088 2144//2144 2142//2142
f 2089//2089 2199//2199 2145//2145
f 2199//2199 2089//2089 2143//2143
f 2144//2144 2090//2090 2200//2200
f 2146//2146 2200//2200 2090//2090
f 2091//2091 2201//2201 2147//2147
f 2201//2201 2091//2091 2145//2145
f 2146//2146 2092//2092 2202//2202
f 2148//2148 2202//2202 2092//2092
f 2093//2093 2203//2203 2149//2149
f 2203//2203 2093//2093 2147//2147
f 2148//2148 2094//2094 2204//2204
f 2150//2150 2204//2204 2094//2094
f 2149//2149 2151//2151 2095//2095
f 2151//2151 2149//2149 2205//2205
f 2206//2206 2150//2150 2152//2152
f 2096//2096 2152//2152 2150//2150
f 2151//2151 2153//2153 2097//2097
f 2153//2153 2151//2151 2207//2207
f 2208//2208 2152//2152 2155//2155
f 2099//2099 2155//2155 2152//2152
f 2154//2154 2209//2209 2210//2210
f 2209//2209 2154//2154 2153//2153
f 2155//2155 2156//2156 2211//2211
f 2212//2212 2211//2211 2156//2156
f 2157//2157 2154//2154 2213//2213
f 2154//2154 2157//2157 2098//2098
f 2100//2100 2158//2158 2156//2156
f 2214//2214 2156//2156 2158//2158
f 2159//2159 2157//2157 2215//2215
f 2157//2157 2159//2159 2101//2101
f 2102//2102 2160//2160 2158//2158
f 2216//2216 2158//2158 2160//2160
f 2161//2161 2159//2159 2217//2217
f 2159//2159 2161//2161 2103//2103
f 2104//2104 2162//2162 2160//2160
f 2218//2218 2160//2160 2162//2162
f 2163//2163 2161//2161 2219//2219
f 2161//2161 2163//2163 2105//2105
f 2106//2106 2164//2164 2162//2162
f 2220//2220 2162//2162 2164//2164
f 2165//2165 2163//2163 2221//2221
f 2163//2163 2165//2165 2107//2107
f 2108//2108 2166//2166 2164//2164
f 2222//2222 2164//2164 2166//2166
f 2223//2223 2109//2109 2165//2165
f 2109//2109 2223//2223 2167//2167
f 2168//2168 2224//2224 2110//2110
f 2166//2166 2110//2110 2224//2224
f 2225//2225 2111//2111 2167//2167
f 2111//2111 2225//2225 2169//2169
f 2172//2172 2226//2226 2114//2114
f 2168//2168 2114//2114 2226//2226
f 2227//2227 2170//2170 2169//2169
f 2170//2170 2227//2227 2228//2228
f 2229//2229 2230//2230 2171//2171
f 2172//2172 2171//2171 2230//2230
f 2231//2231 2173//2173 2174//2174
f 2173//2173 2231//2231 2232//2232
f 2233//2233 2234//2234 2175//2175
f 2176//2176 2175//2175 2234//2234
f 2235//2235 2121//2121 2177//2177
f 2121//2121 2235//2235 2179//2179
f 2180//2180 2236//2236 2122//2122
f 2178//2178 2122//2122 2236//2236
f 2237//2237 2123//2123 2179//2179
f 2123//2123 2237//2237 2181//2181
f 2182//2182 2238//2238 2124//2124
f 2180//2180 2124//2124 2238//2238
f 2183//2183 2181//2181 2237//2237
f 2181//2181 2183//2183 2127//2127
f 2128//2128 2184//2184 2182//2182
f 2238//2238 2182//2182 2184//2184
f 2239//2239 2129//2129 2183//2183
f 2129//2129 2239//2239 2185//2185
f 2186//2186 2240//2240 2130//2130
f 2184//2184 2130//2130 2240//2240
f 2187//2187 2241//2241 2242//2242
f 2241//2241 2187//2187 2188//2188
f 2189//2189 2190//2190 2243//2243
f 2244//2244 2243//2243 2190//2190
f 2192//2192 2245//2245 2191//2191
f 2245//2245 2192//2192 2246//2246
f 2247//2247 2193//2193 2248//2248
f 2194//2194 2248//2248 2193//2193
f 2138//2138 2249//2249 2195//2195
f 2249//2249 2138//2138 2191//2191
f 2194//2194 2139//2139 2250//2250
f 2196//2196 2250//2250 2139//2139
f 2195//2195 2197//2197 2141//2141
f 2197//2197 2195//2195 2251//2251
f 2252//2252 2196//2196 2198//2198
f 2142//2142 2198//2198 2196//2196
f 2143//2143 2253//2253 2199//2199
f 2253//2253 2143//2143 2197//2197
f 2198//2198 2144//2144 2254//2254
f 2200//2200 2254//2254 2144//2144
f 2145//2145 2255//2255 2201//2201
f 2255//2255 2145//2145 2199//2199
f 2200//2200 2146//2146 2256//2256
f 2202//2202 2256//2256 2146//2146
f 2147//2147 2257//2257 2203//2203
f 2257//2257 2147//2147 2201//2201
f 2202//2202 2148//2148 2258//2258
f 2204//2204 2258//2258 2148//2148
f 2203//2203 2205//2205 2149//2149
f 2205//2205 2203//2203 2259//2259
f 2260//2260 2204//2204 2206//2206
f 2150//2150 2206//2206 2204//2204
f 2205//2205 2207//2207 2151//2151
f 2207//2207 2205//2205 2261//2261
f 2262//2262 2206//2206 2208//2208
f 2152//2152 2208//2208 2206//2206
f 2207//2207 2209//2209 2153//2153
f 2209//2209 2207//2207 2263//2263
f 2264//2264 2208//2208 2211//2211
f 2155//2155 2211//2211 2208//2208
f 2265//2265 2209//2209 2266//2266
f 2209//2209 2265//2265 2210//2210
f 2212//2212 2267//2267 2211//2211
f 2268//2268 2211//2211 2267//2267
f 2213//2213 2210//2210 2269//2269
f 2210//2210 2213//2213 2154//2154
f 2156//2156 2214//2214 2212//2212
f 2270//2270 2212//2212 2214//2214
f 2215//2215 2213//2213 2271//2271
f 2213//2213 2215//2215 2157//2157
f 2158//2158 2216//2216 2214//2214
f 2272//2272 2214//2214 2216//2216
f 2217//2217 2215//2215 2273//2273
f 2215//2215 2217//2217 2159//2159
f 2160//2160 2218//2218 2216//2216
f 2274//2274 2216//2216 2218//2218
f 2219//2219 2217//2217 2275//2275
f 2217//2217 2219//2219 2161//2161
f 2162//2162 2220//2220 2218//2218
f 2276//2276 2218//2218 2220//2220
f 2221//2221 2219//2219 2277//2277
f 2219//2219 2221//2221 2163//2163
f 2164//2164 2222//2222 2220//2220
f 2278//2278 2220//2220 2222//2222
f 2223//2223 2221//2221 2279//2279
f 2221//2221 2223//2223 2165//2165
f 2166//2166 2224//2224 2222//2222
f 2280//2280 2222//2222 2224//2224
f 2281//2281 2167//2167 2223//2223
f 2167//2167 2281//2281 2225//2225
f 2226//2226 2282//2282 2168//2168
f 2224//2224 2168//2168 2282//2282
f 2283//2283 2169//2169 2225//2225
f 2169//2169 2283//2283 2227//2227
f 2230//2230 2284//2284 2172//2172
f 2226//2226 2172//2172 2284//2284
f 2285//2285 2228//2228 2227//2227
f 2228//2228 2285//2285 2286//2286
f 2287//2287 2288//2288 2229//2229
f 2230//2230 2229//2229 2288//2288
f 2289//2289 2232//2232 2231//2231
f 2232//2232 2289//2289 2290//2290
f 2291//2291 2292//2292 2233//2233
f 2234//2234 2233//2233 2292//2292
f 2293//2293 2179//2179 2235//2235
f 2179//2179 2293//2293 2237//2237
f 2238//2238 2294//2294 2180//2180
f 2236//2236 2180//2180 2294//2294
f 2239//2239 2237//2237 2293//2293
f 2237//2237 2239//2239 2183//2183
f 2184//2184 2240//2240 2238//2238
f 2294//2294 2238//2238 2240//2240
f 2242//2242 2295//2295 2296//2296
f 2295//2295 2242//2242 2241//2241
f 2243//2243 2244//2244 2297//2297
f 2298//2298 2297//2297 2244//2244
f 2246//2246 2299//2299 2245//2245
f 2299//2299 2246//2246 2300//2300
f 2301//2301 2247//2247 2302//2302
f 2248//2248 2302//2302 2247//2247
f 2191//2191 2303//2303 2249//2249
f 2303//2303 2191//2191 2245//2245
f 2248//2248 2194//2194 2304//2304
f 2250//2250 2304//2304 2194//2194
f 2195//2195 2305//2305 2251//2251
f 2305//2305 2195//2195 2249//2249
f 2250//2250 2196//2196 2306//2306
f 2252//2252 2306//2306 2196//2196
f 2197//2197 2307//2307 2253//2253
f 2307//2307 2197//2197 2251//2251
f 2252//2252 2198//2198 2308//2308
f 2254//2254 2308//2308 2198//2198
f 2199//2199 2309//2309 2255//2255
f 2309//2309 2199//2199 2253//2253
f 2254//2254 2200//2200 2310//2310
f 2256//2256 2310//2310 2200//2200
f 2201//2201 2311//2311 2257//2257
f 2311//2311 2201//2201 2255//2255
f 2256//2256 2202//2202 2312//2312
f 2258//2258 2312//2312 2202//2202
f 2203//2203 2313//2313 2259//2259
f 2313//2313 2203//2203 2257//2257
f 2258//2258 2204//2204 2314//2314
f 2260//2260 2314//2314 2204//2204
f 2259//2259 2261//2261 2205//2205
f 2261//2261 2259//2259 2315//2315
f 2316//2316 2260//2260 2262//2262
f 2206//2206 2262//2262 2260//2260
f 2261//2261 2263//2263 2207//2207
f 2263//2263 2261//2261 2317//2317
f 2318//2318 2262//2262 2264//2264
f 2208//2208 2264//2264 2262//2262
f 2209//2209 2319//2319 2266//2266
f 2319//2319 2209//2209 2263//2263
f 2264//2264 2211//2211 2320//2320
f 2268//2268 2320//2320 2211//2211
f 2321//2321 2266//2266 2322//2322
f 2266//2266 2321//2321 2265//2265
f 2267//2267 2323//2323 2268//2268
f 2324//2324 2268//2268 2323//2323
f 2325//2325 2210//2210 2265//2265
f 2210//2210 2325//2325 2269//2269
f 2270//2270 2326//2326 2212//2212
f 2267//2267 2212//2212 2326//2326
f 2271//2271 2269//2269 2327//2327
f 2269//2269 2271//2271 2213//2213
f 2214//2214 2272//2272 2270//2270
f 2328//2328 2270//2270 2272//2272
f 2273//2273 2271//2271 2329//2329
f 2271//2271 2273//2273 2215//2215
f 2216//2216 2274//2274 2272//2272
f 2330//2330 2272//2272 2274//2274
f 2275//2275 2273//2273 2331//2331
f 2273//2273 2275//2275 2217//2217
f 2218//2218 2276//2276 2274//2274
f 2332//2332 2274//2274 2276//2276
f 2277//2277 2275//2275 2333//2333
f 2275//2275 2277//2277 2219//2219
f 2220//2220 2278//2278 2276//2276
f 2334//2334 2276//2276 2278//2278
f 2279//2279 2277//2277 2335//2335
f 2277//2277 2279//2279 2221//2221
f 2222//2222 2280//2280 2278//2278
f 2336//2336 2278//2278 2280//2280
f 2281//2281 2279//2279 2337//2337
f 2279//2279 2281//2281 2223//2223
f 2224//2224 2282//2282 2280//2280
f 2338//2338 2280//2280 2282//2282
f 2339//2339 2225//2225 2281//2281
f 2225//2225 2339//2339 2283//2283
f 2284//2284 2340//2340 2226//2226
f 2282//2282 2226//2226 2340//2340
f 2341//2341 2227//2227 2283//2283
f 2227//2227 2341//2341 2285//2285
f 2288//2288 2342//2342 2230//2230
f 2284//2284 2230//2230 2342//2342
f 2343//2343 2286//2286 2285//2285
f 2286//2286 2343//2343 2344//2344
f 2345//2345 2346//2346 2287//2287
f 2288//2288 2287//2287 2346//2346
f 2347//2347 2290//2290 2289//2289
f 2290//2290 2347//2347 2348//2348
f 2349//2349 2350//2350 2291//2291
f 2292//2292 2291//2291 2350//2350
f 2296//2296 2348//2348 2347//2347
f 2348//2348 2296//2296 2295//2295
f 2297//2297 2298//2298 2349//2349
f 2350//2350 2349//2349 2298//2298
f 2300//2300 2351//2351 2299//2299
f 2351//2351 2300//2300 2352//2352
f 2353//2353 2301//2301 2354//2354
f 2302//2302 2354//2354 2301//2301
f 2245//2245 2355//2355 2303//2303
f 2355//2355 2245//2245 2299//2299
f 2302//2302 2248//2248 2356//2356
f 2304//2304 2356//2356 2248//2248
f 2249//2249 2357//2357 2305//2305
f 2357//2357 2249//2249 2303//2303
f 2304//2304 2250//2250 2358//2358
f 2306//2306 2358//2358 2250//2250
f 2251//2251 2359//2359 2307//2307
f 2359//2359 2251//2251 2305//2305
f 2306//2306 2252//2252 2360//2360
f 2308//2308 2360//2360 2252//2252
f 2253//2253 2361//2361 2309//2309
f 2361//2361 2253//2253 2307//2307
f 2308//2308 2254//2254 2362//2362
f 2310//2310 2362//2362 2254//2254
f 2255//2255 2363//2363 2311//2311
f 2363//2363 2255//2255 2309//2309
f 2310//2310 2256//2256 2364//2364
f 2312//2312 2364//2364 2256//2256
f 2257//2257 2365//2365 2313//2313
f 2365//2365 2257//2257 2311//2311
f 2312//2312 2258//2258 2366//2366
f 2314//2314 2366//2366 2258//2258
f 2259//2259 2367//2367 2315//2315
f 2367//2367 2259//2259 2313//2313
f 2314//2314 2260//2260 2368//2368
f 2316//2316 2368//2368 2260//2260
f 2315//2315 2317//2317 2261//2261
f 2317//2317 2315//2315 2369//2369
f 2370//2370 2316//2316 2318//2318
f 2262//2262 2318//2318 2316//2316
f 2263//2263 2371//2371 2319//2319
f 2371//2371 2263//2263 2317//2317
f 2318//2318 2264//2264 2372//2372
f 2320//2320 2372//2372 2264//2264
f 2266//2266 2373//2373 2322//2322
f 2373//2373 2266//2266 2319//2319
f 2320//2320 2268//2268 2374//2374
f 2324//2324 2374//2374 2268//2268
f 2375//2375 2376//2376 2377//2377
f 2376//2376 2375//2375 2378//2378
f 2379//2379 2380//2380 2381//2381
f 2382//2382 2381//2381 2380//2380
f 2383//2383 2265//2265 2321//2321
f 2265//2265 2383//2383 2325//2325
f 2326//2326 2384//2384 2267//2267
f 2323//2323 2267//2267 2384//2384
f 2385//2385 2269//2269 2325//2325
f 2269//2269 2385//2385 2327//2327
f 2328//2328 2386//2386 2270//2270
f 2326//2326 2270//2270 2386//2386
f 2329//2329 2327//2327 2387//2387
f 2327//2327 2329//2329 2271//2271
f 2272//2272 2330//2330 2328//2328
f 2388//2388 2328//2328 2330//2330
f 2331//2331 2329//2329 2389//2389
f 2329//2329 2331//2331 2273//2273
f 2274//2274 2332//2332 2330//2330
f 2390//2390 2330//2330 2332//2332
f 2333//2333 2331//2331 2391//2391
f 2331//2331 2333//2333 2275//2275
f 2276//2276 2334//2334 2332//2332
f 2392//2392 2332//2332 2334//2334
f 2335//2335 2333//2333 2393//2393
f 2333//2333 2335//2335 2277//2277
f 2278//2278 2336//2336 2334//2334
f 2394//2394 2334//2334 2336//2336
f 2337//2337 2335//2335 2395//2395
f 2335//2335 2337//2337 2279//2279
f 2280//2280 2338//2338 2336//2336
f 2396//2396 2336//2336 2338//2338
f 2339//2339 2337//2337 2397//2397
f 2337//2337 2339//2339 2281//2281
f 2282//2282 2340//2340 2338//2338
f 2398//2398 2338//2338 2340//2340
f 2399//2399 2283//2283 2339//2339
f 2283//2283 2399//2399 2341//2341
f 2342//2342 2400//2400 2284//2284
f 2340//2340 2284//2284 2400//2400
f 2401//2401 2285//2285 2341//2341
f 2285//2285 2401//2401 2343//2343
f 2346//2346 2402//2402 2288//2288
f 2342//2342 2288//2288 2402//2402
f 2403//2403 2344//2344 2343//2343
f 2344//2344 2403//2403 2404//2404
f 2405//2405 2406//2406 2345//2345
f 2346//2346 2345//2345 2406//2406
f 2352//2352 2403//2403 2351//2351
f 2403//2403 2352//2352 2404//2404
f 2405//2405 2353//2353 2406//2406
f 2354//2354 2406//2406 2353//2353
f 2299//2299 2407//2407 2355//2355
f 2407//2407 2299//2299 2351//2351
f 2354//2354 2302//2302 2408//2408
f 2356//2356 2408//2408 2302//2302
f 2303//2303 2409//2409 2357//2357
f 2409//2409 2303//2303 2355//2355
f 2356//2356 2304//2304 2410//2410
f 2358//2358 2410//2410 2304//2304
f 2305//2305 2411//2411 2359//2359
f 2411//2411 2305//2305 2357//2357
f 2358//2358 2306//2306 2412//2412
f 2360//2360 2412//2412 2306//2306
f 2307//2307 2413//2413 2361//2361
f 2413//2413 2307//2307 2359//2359
f 2360//2360 2308//2308 2414//2414
f 2362//2362 2414//2414 2308//2308
f 2309//2309 2415//2415 2363//2363
f 2415//2415 2309//2309 2361//2361
f 2362//2362 2310//2310 2416//2416
f 2364//2364 2416//2416 2310//2310
f 2311//2311 2417//2417 2365//2365
f 2417//2417 2311//2311 2363//2363
f 2364//2364 2312//2312 2418//2418
f 2366//2366 2418//2418 2312//2312
f 2313//2313 2419//2419 2367//2367
f 2419//2419 2313//2313 2365//2365
f 2366//2366 2314//2314 2420//2420
f 2368//2368 2420//2420 2314//2314
f 2315//2315 2421//2421 2369//2369
f 2421//2421 2315//2315 2367//2367
f 2368//2368 2316//2316 2422//2422
f 2370//2370 2422//2422 2316//2316
f 2317//2317 2423//2423 2371//2371
f 2423//2423 2317//2317 2369//2369
f 2370//2370 2318//2318 2424//2424
f 2372//2372 2424//2424 2318//2318
f 2319//2319 2425//2425 2373//2373
f 2425//2425 2319//2319 2371//2371
f 2372//2372 2320//2320 2426//2426
f 2374//2374 2426//2426 2320//2320
f 2427//2427 2378//2378 2375//2375
f 2378//2378 2427//2427 2428//2428
f 2429//2429 2430//2430 2379//2379
f 2380//2380 2379//2379 2430//2430
f 2431//2431 2432//2432 2433//2433
f 2432//2432 2431//2431 2434//2434
f 2435//2435 2436//2436 2437//2437
f 2438//2438 2437//2437 2436//2436
f 2377//2377 2439//2439 2440//2440
f 2439//2439 2377//2377 2376//2376
f 2381//2381 2382//2382 2441//2441
f 2442//2442 2441//2441 2382//2382
f 2443//2443 2325//2325 2383//2383
f 2325//2325 2443//2443 2385//2385
f 2386//2386 2444//2444 2326//2326
f 2384//2384 2326//2326 2444//2444
f 2445//2445 2327//2327 2385//2385
f 2327//2327 2445//2445 2387//2387
f 2388//2388 2446//2446 2328//2328
f 2386//2386 2328//2328 2446//2446
f 2389//2389 2387//2387 2447//2447
f 2387//2387 2389//2389 2329//2329
f 2330//2330 2390//2390 2388//2388
f 2448//2448 2388//2388 2390//2390
f 2391//2391 2389//2389 2449//2449
f 2389//2389 2391//2391 2331//2331
f 2332//2332 2392//2392 2390//2390
f 2450//2450 2390//2390 2392//2392
f 2393//2393 2391//2391 2451//2451
f 2391//2391 2393//2393 2333//2333
f 2334//2334 2394//2394 2392//2392
f 2452//2452 2392//2392 2394//2394
f 2395//2395 2393//2393 2453//2453
f 2393//2393 2395//2395 2335//2335
f 2336//2336 2396//2396 2394//2394
f 2454//2454 2394//2394 2396//2396
f 2397//2397 2395//2395 2455//2455
f 2395//2395 2397//2397 2337//2337
f 2338//2338 2398//2398 2396//2396
f 2456//2456 2396//2396 2398//2398
f 2397//2397 2399//2399 2339//2339
f 2399//2399 2397//2397 2457//2457
f 2458//2458 2398//2398 2400//2400
f 2340//2340 2400//2400 2398//2398
f 2459//2459 2341//2341 2399//2399
f 2341//2341 2459//2459 2401//2401
f 2402//2402 2460//2460 2342//2342
f 2400//2400 2342//2342 2460//2460
f 2461//2461 2343//2343 2401//2401
f 2343//2343 2461//2461 2403//2403
f 2406//2406 2462//2462 2346//2346
f 2402//2402 2346//2346 2462//2462
f 2351//2351 2461//2461 2407//2407
f 2461//2461 2351//2351 2403//2403
f 2406//2406 2354//2354 2462//2462
f 2408//2408 2462//2462 2354//2354
f 2355//2355 2463//2463 2409//2409
f 2463//2463 2355//2355 2407//2407
f 2408//2408 2356//2356 2464//2464
f 2410//2410 2464//2464 2356//2356
f 2411//2411 2409//2409 2465//2465
f 2409//2409 2411//2411 2357//2357
f 2358//2358 2412//2412 2410//2410
f 2466//2466 2410//2410 2412//2412
f 2359//2359 2467//2467 2413//2413
f 2467//2467 2359//2359 2411//2411
f 2412//2412 2360//2360 2468//2468
f 2414//2414 2468//2468 2360//2360
f 2361//2361 2469//2469 2415//2415
f 2469//2469 2361//2361 2413//2413
f 2414//2414 2362//2362 2470//2470
f 2416//2416 2470//2470 2362//2362
f 2363//2363 2471//2471 2417//2417
f 2471//2471 2363//2363 2415//2415
f 2416//2416 2364//2364 2472//2472
f 2418//2418 2472//2472 2364//2364
f 2365//2365 2473//2473 2419//2419
f 2473//2473 2365//2365 2417//2417
f 2418//2418 2366//2366 2474//2474
f 2420//2420 2474//2474 2366//2366
f 2367//2367 2475//2475 2421//2421
f 2475//2475 2367//2367 2419//2419
f 2420//2420 2368//2368 2476//2476
f 2422//2422 2476//2476 2368//2368
f 2369//2369 2477//2477 2423//2423
f 2477//2477 2369//2369 2421//2421
f 2422//2422 2370//2370 2478//2478
f 2424//2424 2478//2478 2370//2370
f 2371//2371 2479//2479 2425//2425
f 2479//2479 2371//2371 2423//2423
f 2424//2424 2372//2372 2480//2480
f 2426//2426 2480//2480 2372//2372
f 2481//2481 2428//2428 2427//2427
f 2428//2428 2481//2481 2482//2482
f 2483//2483 2484//2484 2429//2429
f 2430//2430 2429//2429 2484//2484
f 2485//2485 2431//2431 2433//2433
f 2431//2431 2485//2485 2486//2486
f 2487//2487 2488//2488 2436//2436
f 2438//2438 2436//2436 2488//2488
f 2489//2489 2434//2434 2431//2431
f 2434//2434 2489//2489 2490//2490
f 2491//2491 2492//2492 2435//2435
f 2436//2436 2435//2435 2492//2492
f 2434//2434 2493//2493 2432//2432
f 2493//2493 2434//2434 2494//2494
f 2495//2495 2435//2435 2496//2496
f 2437//2437 2496//2496 2435//2435
f 2440//2440 2497//2497 2498//2498
f 2497//2497 2440//2440 2439//2439
f 2441//2441 2442//2442 2499//2499
f 2500//2500 2499//2499 2442//2442
f 2501//2501 2385//2385 2443//2443
f 2385//2385 2501//2501 2445//2445
f 2446//2446 2502//2502 2386//2386
f 2444//2444 2386//2386 2502//2502
f 2503//2503 2387//2387 2445//2445
f 2387//2387 2503//2503 2447//2447
f 2448//2448 2504//2504 2388//2388
f 2446//2446 2388//2388 2504//2504
f 2449//2449 2447//2447 2505//2505
f 2447//2447 2449//2449 2389//2389
f 2390//2390 2450//2450 2448//2448
f 2506//2506 2448//2448 2450//2450
f 2451//2451 2449//2449 2507//2507
f 2449//2449 2451//2451 2391//2391
f 2392//2392 2452//2452 2450//2450
f 2508//2508 2450//2450 2452//2452
f 2453//2453 2451//2451 2509//2509
f 2451//2451 2453//2453 2393//2393
f 2394//2394 2454//2454 2452//2452
f 2510//2510 2452//2452 2454//2454
f 2455//2455 2453//2453 2511//2511
f 2453//2453 2455//2455 2395//2395
f 2396//2396 2456//2456 2454//2454
f 2512//2512 2454//2454 2456//2456
f 2455//2455 2457//2457 2397//2397
f 2457//2457 2455//2455 2513//2513
f 2514//2514 2456//2456 2458//2458
f 2398//2398 2458//2458 2456//2456
f 2457//2457 2459//2459 2399//2399
f 2459//2459 2457//2457 2515//2515
f 2516//2516 2458//2458 2460//2460
f 2400//2400 2460//2460 2458//2458
f 2517//2517 2401//2401 2459//2459
f 2401//2401 2517//2517 2461//2461
f 2462//2462 2518//2518 2402//2402
f 2460//2460 2402//2402 2518//2518
f 2407//2407 2517//2517 2463//2463
f 2517//2517 2407//2407 2461//2461
f 2462//2462 2408//2408 2518//2518
f 2464//2464 2518//2518 2408//2408
f 2465//2465 2463//2463 2519//2519
f 2463//2463 2465//2465 2409//2409
f 2410//2410 2466//2466 2464//2464
f 2520//2520 2464//2464 2466//2466
f 2467//2467 2465//2465 2521//2521
f 2465//2465 2467//2467 2411//2411
f 2412//2412 2468//2468 2466//2466
f 2522//2522 2466//2466 2468//2468
f 2413//2413 2523//2523 2469//2469
f 2523//2523 2413//2413 2467//2467
f 2468//2468 2414//2414 2524//2524
f 2470//2470 2524//2524 2414//2414
f 2415//2415 2525//2525 2471//2471
f 2525//2525 2415//2415 2469//2469
f 2470//2470 2416//2416 2526//2526
f 2472//2472 2526//2526 2416//2416
f 2417//2417 2527//2527 2473//2473
f 2527//2527 2417//2417 2471//2471
f 2472//2472 2418//2418 2528//2528
f 2474//2474 2528//2528 2418//2418
f 2419//2419 2529//2529 2475//2475
f 2529//2529 2419//2419 2473//2473
f 2474//2474 2420//2420 2530//2530
f 2476//2476 2530//2530 2420//2420
f 2421//2421 2531//2531 2477//2477
f 2531//2531 2421//2421 2475//2475
f 2476//2476 2422//2422 2532//2532
f 2478//2478 2532//2532 2422//2422
f 2423//2423 2533//2533 2479//2479
f 2533//2533 2423//2423 2477//2477
f 2478//2478 2424//2424 2534//2534
f 2480//2480 2534//2534 2424//2424
f 2535//2535 2482//2482 2481//2481
f 2482//2482 2535//2535 2536//2536
f 2537//2537 2538//2538 2483//2483
f 2484//2484 2483//2483 2538//2538
f 2539//2539 2486//2486 2485//2485
f 2486//2486 2539//2539 2540//2540
f 2541//2541 2542//2542 2487//2487
f 2488//2488 2487//2487 2542//2542
f 2486//2486 2489//2489 2431//2431
f 2489//2489 2486//2486 2543//2543
f 2544//2544 2487//2487 2492//2492
f 2436//2436 2492//2492 2487//2487
f 2545//2545 2490//2490 2489//2489
f 2490//2490 2545//2545 2546//2546
f 2547//2547 2548//2548 2491//2491
f 2492//2492 2491//2491 2548//2548
f 2490//2490 2494//2494 2434//2434
f 2494//2494 2490//2490 2549//2549
f 2550//2550 2491//2491 2495//2495
f 2435//2435 2495//2495 2491//2491
f 2494//2494 2551//2551 2493//2493
f 2551//2551 2494//2494 2552//2552
f 2553//2553 2495//2495 2554//2554
f 2496//2496 2554//2554 2495//2495
f 2555//2555 2497//2497 2556//2556
f 2497//2497 2555//2555 2498//2498
f 2500//2500 2557//2557 2499//2499
f 2558//2558 2499//2499 2557//2557
f 2559//2559 2445//2445 2501//2501
f 2445//2445 2559//2559 2503//2503
f 2504//2504 2560//2560 2446//2446
f 2502//2502 2446//2446 2560//2560
f 2561//2561 2447//2447 2503//2503
f 2447//2447 2561//2561 2505//2505
f 2506//2506 2562//2562 2448//2448
f 2504//2504 2448//2448 2562//2562
f 2507//2507 2505//2505 2563//2563
f 2505//2505 2507//2507 2449//2449
f 2450//2450 2508//2508 2506//2506
f 2564//2564 2506//2506 2508//2508
f 2509//2509 2507//2507 2565//2565
f 2507//2507 2509//2509 2451//2451
f 2452//2452 2510//2510 2508//2508
f 2566//2566 2508//2508 2510//2510
f 2511//2511 2509//2509 2567//2567
f 2509//2509 2511//2511 2453//2453
f 2454//2454 2512//2512 2510//2510
f 2568//2568 2510//2510 2512//2512
f 2511//2511 2513//2513 2455//2455
f 2513//2513 2511//2511 2569//2569
f 2570//2570 2512//2512 2514//2514
f 2456//2456 2514//2514 2512//2512
f 2513//2513 2515//2515 2457//2457
f 2515//2515 2513//2513 2571//2571
f 2572//2572 2514//2514 2516//2516
f 2458//2458 2516//2516 2514//2514
f 2515//2515 2517//2517 2459//2459
f 2517//2517 2515//2515 2573//2573
f 2574//2574 2516//2516 2518//2518
f 2460//2460 2518//2518 2516//2516
f 2519//2519 2517//2517 2573//2573
f 2517//2517 2519//2519 2463//2463
f 2464//2464 2520//2520 2518//2518
f 2574//2574 2518//2518 2520//2520
f 2521//2521 2519//2519 2575//2575
f 2519//2519 2521//2521 2465//2465
f 2466//2466 2522//2522 2520//2520
f 2576//2576 2520//2520 2522//2522
f 2523//2523 2521//2521 2577//2577
f 2521//2521 2523//2523 2467//2467
f 2468//2468 2524//2524 2522//2522
f 2578//2578 2522//2522 2524//2524
f 2469//2469 2579//2579 2525//2525
f 2579//2579 2469//2469 2523//2523
f 2524//2524 2470//2470 2580//2580
f 2526//2526 2580//2580 2470//2470
f 2471//2471 2581//2581 2527//2527
f 2581//2581 2471//2471 2525//2525
f 2526//2526 2472//2472 2582//2582
f 2528//2528 2582//2582 2472//2472
f 2473//2473 2583//2583 2529//2529
f 2583//2583 2473//2473 2527//2527
f 2528//2528 2474//2474 2584//2584
f 2530//2530 2584//2584 2474//2474
f 2475//2475 2585//2585 2531//2531
f 2585//2585 2475//2475 2529//2529
f 2530//2530 2476//2476 2586//2586
f 2532//2532 2586//2586 2476//2476
f 2477//2477 2587//2587 2533//2533
f 2587//2587 2477//2477 2531//2531
f 2532//2532 2478//2478 2588//2588
f 2534//2534 2588//2588 2478//2478
f 2535//2535 2589//2589 2536//2536
f 2589//2589 2535//2535 2590//2590
f 2591//2591 2538//2538 2592//2592
f 2537//2537 2592//2592 2538//2538
f 2593//2593 2540//2540 2539//2539
f 2540//2540 2593//2593 2594//2594
f 2595//2595 2596//2596 2541//2541
f 2542//2542 2541//2541 2596//2596
f 2540//2540 2543//2543 2486//2486
f 2543//2543 2540//2540 2597//2597
f 2598//2598 2541//2541 2544//2544
f 2487//2487 2544//2544 2541//2541
f 2543//2543 2545//2545 2489//2489
f 2545//2545 2543//2543 2599//2599
f 2600//2600 2544//2544 2548//2548
f 2492//2492 2548//2548 2544//2544
f 2545//2545 2601//2601 2546//2546
f 2601//2601 2545//2545 2602//2602
f 2603//2603 2548//2548 2604//2604
f 2547//2547 2604//2604 2548//2548
f 2546//2546 2549//2549 2490//2490
f 2549//2549 2546//2546 2605//2605
f 2606//2606 2547//2547 2550//2550
f 2491//2491 2550//2550 2547//2547
f 2549//2549 2552//2552 2494//2494
f 2552//2552 2549//2549 2607//2607
f 2608//2608 2550//2550 2553//2553
f 2495//2495 2553//2553 2550//2550
f 2552//2552 2609//2609 2551//2551
f 2609//2609 2552//2552 2610//2610
f 2611//2611 2553//2553 2612//2612
f 2554//2554 2612//2612 2553//2553
f 2613//2613 2556//2556 2614//2614
f 2556//2556 2613//2613 2555//2555
f 2557//2557 2615//2615 2558//2558
f 2616//2616 2558//2558 2615//2615
f 2617//2617 2503//2503 2559//2559
f 2503//2503 2617//2617 2561//2561
f 2562//2562 2618//2618 2504//2504
f 2560//2560 2504//2504 2618//2618
f 2619//2619 2505//2505 2561//2561
f 2505//2505 2619//2619 2563//2563
f 2564//2564 2620//2620 2506//2506
f 2562//2562 2506//2506 2620//2620
f 2565//2565 2563//2563 2621//2621
f 2563//2563 2565//2565 2507//2507
f 2508//2508 2566//2566 2564//2564
f 2622//2622 2564//2564 2566//2566
f 2567//2567 2565//2565 2623//2623
f 2565//2565 2567//2567 2509//2509
f 2510//2510 2568//2568 2566//2566
f 2624//2624 2566//2566 2568//2568
f 2625//2625 2511//2511 2567//2567
f 2511//2511 2625//2625 2569//2569
f 2570//2570 2626//2626 2512//2512
f 2568//2568 2512//2512 2626//2626
f 2569//2569 2571//2571 2513//2513
f 2571//2571 2569//2569 2627//2627
f 2628//2628 2570//2570 2572//2572
f 2514//2514 2572//2572 2570//2570
f 2571//2571 2573//2573 2515//2515
f 2573//2573 2571//2571 2629//2629
f 2630//2630 2572//2572 2574//2574
f 2516//2516 2574//2574 2572//2572
f 2575//2575 2573//2573 2629//2629
f 2573//2573 2575//2575 2519//2519
f 2520//2520 2576//2576 2574//2574
f 2630//2630 2574//2574 2576//2576
f 2577//2577 2575//2575 2631//2631
f 2575//2575 2577//2577 2521//2521
f 2522//2522 2578//2578 2576//2576
f 2632//2632 2576//2576 2578//2578
f 2633//2633 2523//2523 2577//2577
f 2523//2523 2633//2633 2579//2579
f 2580//2580 2634//2634 2524//2524
f 2578//2578 2524//2524 2634//2634
f 2525//2525 2635//2635 2581//2581
f 2635//2635 2525//2525 2579//2579
f 2580//2580 2526//2526 2636//2636
f 2582//2582 2636//2636 2526//2526
f 2527//2527 2637//2637 2583//2583
f 2637//2637 2527//2527 2581//2581
f 2582//2582 2528//2528 2638//2638
f 2584//2584 2638//2638 2528//2528
f 2583//2583 2585//2585 2529//2529
f 2585//2585 2583//2583 2639//2639
f 2640//2640 2584//2584 2586//2586
f 2530//2530 2586//2586 2584//2584
f 2531//2531 2641//2641 2587//2587
f 2641//2641 2531//2531 2585//2585
f 2586//2586 2532//2532 2642//2642
f 2588//2588 2642//2642 2532//2532
f 2590//2590 2643//2643 2589//2589
f 2643//2643 2590//2590 2644//2644
f 2645//2645 2591//2591 2646//2646
f 2592//2592 2646//2646 2591//2591
f 2647//2647 2594//2594 2593//2593
f 2594//2594 2647//2647 2648//2648
f 2649//2649 2650//2650 2595//2595
f 2596//2596 2595//2595 2650//2650
f 2594//2594 2597//2597 2540//2540
f 2597//2597 2594//2594 2651//2651
f 2652//2652 2595//2595 2598//2598
f 2541//2541 2598//2598 2595//2595
f 2597//2597 2599//2599 2543//2543
f 2599//2599 2597//2597 2653//2653
f 2654//2654 2598//2598 2600//2600
f 2544//2544 2600//2600 2598//2598
f 2599//2599 2602//2602 2545//2545
f 2602//2602 2599//2599 2655//2655
f 2656//2656 2600//2600 2603//2603
f 2548//2548 2603//2603 2600//2600
f 2602//2602 2657//2657 2601//2601
f 2657//2657 2602//2602 2658//2658
f 2659//2659 2603//2603 2660//2660
f 2604//2604 2660//2660 2603//2603
f 2546//2546 2661//2661 2605//2605
f 2661//2661 2546//2546 2601//2601
f 2604//2604 2547//2547 2662//2662
f 2606//2606 2662//2662 2547//2547
f 2605//2605 2607//2607 2549//2549
f 2607//2607 2605//2605 2663//2663
f 2664//2664 2606//2606 2608//2608
f 2550//2550 2608//2608 2606//2606
f 2607//2607 2610//2610 2552//2552
f 2610//2610 2607//2607 2665//2665
f 2666//2666 2608//2608 2611//2611
f 2553//2553 2611//2611 2608//2608
f 2610//2610 2667//2667 2609//2609
f 2667//2667 2610//2610 2668//2668
f 2669//2669 2611//2611 2670//2670
f 2612//2612 2670//2670 2611//2611
f 2671//2671 2614//2614 2672//2672
f 2614//2614 2671//2671 2613//2613
f 2615//2615 2673//2673 2616//2616
f 2674//2674 2616//2616 2673//2673
f 2675//2675 2561//2561 2617//2617
f 2561//2561 2675//2675 2619//2619
f 2620//2620 2676//2676 2562//2562
f 2618//2618 2562//2562 2676//2676
f 2619//2619 2621//2621 2563//2563
f 2621//2621 2619//2619 2677//2677
f 2678//2678 2620//2620 2622//2622
f 2564//2564 2622//2622 2620//2620
f 2623//2623 2621//2621 2679//2679
f 2621//2621 2623//2623 2565//2565
f 2566//2566 2624//2624 2622//2622
f 2680//2680 2622//2622 2624//2624
f 2681//2681 2567//2567 2623//2623
f 2567//2567 2681//2681 2625//2625
f 2626//2626 2682//2682 2568//2568
f 2624//2624 2568//2568 2682//2682
f 2683//2683 2569//2569 2625//2625
f 2569//2569 2683//2683 2627//2627
f 2628//2628 2684//2684 2570//2570
f 2626//2626 2570//2570 2684//2684
f 2627//2627 2629//2629 2571//2571
f 2629//2629 2627//2627 2685//2685
f 2686//2686 2628//2628 2630//2630
f 2572//2572 2630//2630 2628//2628
f 2631//2631 2629//2629 2685//2685
f 2629//2629 2631//2631 2575//2575
f 2576//2576 2632//2632 2630//2630
f 2686//2686 2630//2630 2632//2632
f 2687//2687 2577//2577 2631//2631
f 2577//2577 2687//2687 2633//2633
f 2634//2634 2688//2688 2578//2578
f 2632//2632 2578//2578 2688//2688
f 2689//2689 2579//2579 2633//2633
f 2579//2579 2689//2689 2635//2635
f 2636//2636 2690//2690 2580//2580
f 2634//2634 2580//2580 2690//2690
f 2581//2581 2691//2691 2637//2637
f 2691//2691 2581//2581 2635//2635
f 2636//2636 2582//2582 2692//2692
f 2638//2638 2692//2692 2582//2582
f 2637//2637 2639//2639 2583//2583
f 2639//2639 2637//2637 2693//2693
f 2694//2694 2638//2638 2640//2640
f 2584//2584 2640//2640 2638//2638
f 2639//2639 2641//2641 2585//2585
f 2641//2641 2639//2639 2695//2695
f 2696//2696 2640//2640 2642//2642
f 2586//2586 2642//2642 2640//2640
f 2644//2644 2697//2697 2643//2643
f 2697//2697 2644//2644 2698//2698
f 2699//2699 2645//2645 2700//2700
f 2646//2646 2700//2700 2645//2645
f 2701//2701 2648//2648 2647//2647
f 2648//2648 2701//2701 2702//2702
f 2703//2703 2704//2704 2649//2649
f 2650//2650 2649//2649 2704//2704
f 2648//2648 2651//2651 2594//2594
f 2651//2651 2648//2648 2705//2705
f 2706//2706 2649//2649 2652//2652
f 2595//2595 2652//2652 2649//2649
f 2651//2651 2653//2653 2597//2597
f 2653//2653 2651//2651 2707//2707
f 2708//2708 2652//2652 2654//2654
f 2598//2598 2654//2654 2652//2652
f 2599//2599 2709//2709 2655//2655
f 2709//2709 2599//2599 2653//2653
f 2654//2654 2600//2600 2710//2710
f 2656//2656 2710//2710 2600//2600
f 2655//2655 2658//2658 2602//2602
f 2658//2658 2655//2655 2711//2711
f 2712//2712 2656//2656 2659//2659
f 2603//2603 2659//2659 2656//2656
f 2658//2658 2713//2713 2657//2657
f 2713//2713 2658//2658 2714//2714
f 2715//2715 2659//2659 2716//2716
f 2660//2660 2716//2716 2659//2659
f 2601//2601 2717//2717 2661//2661
f 2717//2717 2601//2601 2657//2657
f 2660//2660 2604//2604 2718//2718
f 2662//2662 2718//2718 2604//2604
f 2605//2605 2719//2719 2663//2663
f 2719//2719 2605//2605 2661//2661
f 2662//2662 2606//2606 2720//2720
f 2664//2664 2720//2720 2606//2606
f 2663//2663 2665//2665 2607//2607
f 2665//2665 2663//2663 2721//2721
f 2722//2722 2664//2664 2666//2666
f 2608//2608 2666//2666 2664//2664
f 2665//2665 2668//2668 2610//2610
f 2668//2668 2665//2665 2723//2723
f 2724//2724 2666//2666 2669//2669
f 2611//2611 2669//2669 2666//2666
f 2668//2668 2725//2725 2667//2667
f 2725//2725 2668//2668 2726//2726
f 2727//2727 2669//2669 2728//2728
f 2670//2670 2728//2728 2669//2669
f 2729//2729 2672//2672 2730//2730
f 2672//2672 2729//2729 2671//2671
f 2673//2673 2731//2731 2674//2674
f 2732//2732 2674//2674 2731//2731
f 2675//2675 2677//2677 2619//2619
f 2677//2677 2675//2675 2733//2733
f 2734//2734 2676//2676 2678//2678
f 2620//2620 2678//2678 2676//2676
f 2677//2677 2679//2679 2621//2621
f 2679//2679 2677//2677 2735//2735
f 2736//2736 2678//2678 2680//2680
f 2622//2622 2680//2680 2678//2678
f 2737//2737 2623//2623 2679//2679
f 2623//2623 2737//2737 2681//2681
f 2682//2682 2738//2738 2624//2624
f 2680//2680 2624//2624 2738//2738
f 2739//2739 2625//2625 2681//2681
f 2625//2625 2739//2739 2683//2683
f 2684//2684 2740//2740 2626//2626
f 2682//2682 2626//2626 2740//2740
f 2741//2741 2627//2627 2683//2683
f 2627//2627 2741//2741 2685//2685
f 2686//2686 2742//2742 2628//2628
f 2684//2684 2628//2628 2742//2742
f 2687//2687 2685//2685 2741//2741
f 2685//2685 2687//2687 2631//2631
f 2632//2632 2688//2688 2686//2686
f 2742//2742 2686//2686 2688//2688
f 2743//2743 2633//2633 2687//2687
f 2633//2633 2743//2743 2689//2689
f 2690//2690 2744//2744 2634//2634
f 2688//2688 2634//2634 2744//2744
f 2745//2745 2635//2635 2689//2689
f 2635//2635 2745//2745 2691//2691
f 2692//2692 2746//2746 2636//2636
f 2690//2690 2636//2636 2746//2746
f 2691//2691 2693//2693 2637//2637
f 2693//2693 2691//2691 2747//2747
f 2748//2748 2692//2692 2694//2694
f 2638//2638 2694//2694 2692//2692
f 2693//2693 2695//2695 2639//2639
f 2695//2695 2693//2693 2749//2749
f 2750//2750 2694//2694 2696//2696
f 2640//2640 2696//2696 2694//2694
f 2698//2698 2751//2751 2697//2697
f 2751//2751 2698//2698 2752//2752
f 2753//2753 2699//2699 2754//2754
f 2700//2700 2754//2754 2699//2699
f 2755//2755 2702//2702 2701//2701
f 2702//2702 2755//2755 2756//2756
f 2757//2757 2758//2758 2703//2703
f 2704//2704 2703//2703 2758//2758
f 2702//2702 2705//2705 2648//2648
f 2705//2705 2702//2702 2759//2759
f 2760//2760 2703//2703 2706//2706
f 2649//2649 2706//2706 2703//2703
f 2705//2705 2707//2707 2651//2651
f 2707//2707 2705//2705 2761//2761
f 2762//2762 2706//2706 2708//2708
f 2652//2652 2708//2708 2706//2706
f 2653//2653 2763//2763 2709//2709
f 2763//2763 2653//2653 2707//2707
f 2708//2708 2654//2654 2764//2764
f 2710//2710 2764//2764 2654//2654
f 2655//2655 2765//2765 2711//2711
f 2765//2765 2655//2655 2709//2709
f 2710//2710 2656//2656 2766//2766
f 2712//2712 2766//2766 2656//2656
f 2711//2711 2714//2714 2658//2658
f 2714//2714 2711//2711 2767//2767
f 2768//2768 2712//2712 2715//2715
f 2659//2659 2715//2715 2712//2712
f 2713//2713 2769//2769 2770//2770
f 2769//2769 2713//2713 2714//2714
f 2715//2715 2716//2716 2771//2771
f 2772//2772 2771//2771 2716//2716
f 2657//2657 2773//2773 2717//2717
f 2773//2773 2657//2657 2713//2713
f 2716//2716 2660//2660 2774//2774
f 2718//2718 2774//2774 2660//2660
f 2661//2661 2775//2775 2719//2719
f 2775//2775 2661//2661 2717//2717
f 2718//2718 2662//2662 2776//2776
f 2720//2720 2776//2776 2662//2662
f 2721//2721 2719//2719 2777//2777
f 2719//2719 2721//2721 2663//2663
f 2664//2664 2722//2722 2720//2720
f 2778//2778 2720//2720 2722//2722
f 2721//2721 2723//2723 2665//2665
f 2723//2723 2721//2721 2779//2779
f 2780//2780 2722//2722 2724//2724
f 2666//2666 2724//2724 2722//2722
f 2723//2723 2726//2726 2668//2668
f 2726//2726 2723//2723 2781//2781
f 2782//2782 2724//2724 2727//2727
f 2669//2669 2727//2727 2724//2724
f 2783//2783 2725//2725 2726//2726
f 2725//2725 2783//2783 2784//2784
f 2785//2785 2786//2786 2728//2728
f 2727//2727 2728//2728 2786//2786
f 2787//2787 2730//2730 2788//2788
f 2730//2730 2787//2787 2729//2729
f 2731//2731 2789//2789 2732//2732
f 2790//2790 2732//2732 2789//2789
f 2733//2733 2735//2735 2677//2677
f 2735//2735 2733//2733 2791//2791
f 2792//2792 2734//2734 2736//2736
f 2678//2678 2736//2736 2734//2734
f 2735//2735 2737//2737 2679//2679
f 2737//2737 2735//2735 2793//2793
f 2794//2794 2736//2736 2738//2738
f 2680//2680 2738//2738 2736//2736
f 2795//2795 2681//2681 2737//2737
f 2681//2681 2795//2795 2739//2739
f 2740//2740 2796//2796 2682//2682
f 2738//2738 2682//2682 2796//2796
f 2797//2797 2683//2683 2739//2739
f 2683//2683 2797//2797 2741//2741
f 2742//2742 2798//2798 2684//2684
f 2740//2740 2684//2684 2798//2798
f 2743//2743 2741//2741 2797//2797
f 2741//2741 2743//2743 2687//2687
f 2688//2688 2744//2744 2742//2742
f 2798//2798 2742//2742 2744//2744
f 2799//2799 2689//2689 2743//2743
f 2689//2689 2799//2799 2745//2745
f 2746//2746 2800//2800 2690//2690
f 2744//2744 2690//2690 2800//2800
f 2745//2745 2747//2747 2691//2691
f 2747//2747 2745//2745 2801//2801
f 2802//2802 2746//2746 2748//2748
f 2692//2692 2748//2748 2746//2746
f 2747//2747 2749//2749 2693//2693
f 2749//2749 2747//2747 2803//2803
f 2804//2804 2748//2748 2750//2750
f 2694//2694 2750//2750 2748//2748
f 2752//2752 2805//2805 2751//2751
f 2805//2805 2752//2752 2806//2806
f 2807//2807 2753//2753 2808//2808
f 2754//2754 2808//2808 2753//2753
f 2809//2809 2756//2756 2755//2755
f 2756//2756 2809//2809 2810//2810
f 2811//2811 2812//2812 2757//2757
f 2758//2758 2757//2757 2812//2812
f 2756//2756 2759//2759 2702//2702
f 2759//2759 2756//2756 2813//2813
f 2814//2814 2757//2757 2760//2760
f 2703//2703 2760//2760 2757//2757
f 2759//2759 2761//2761 2705//2705
f 2761//2761 2759//2759 2815//2815
f 2816//2816 2760//2760 2762//2762
f 2706//2706 2762//2762 2760//2760
f 2707//2707 2817//2817 2763//2763
f 2817//2817 2707//2707 2761//2761
f 2762//2762 2708//2708 2818//2818
f 2764//2764 2818//2818 2708//2708
f 2709//2709 2819//2819 2765//2765
f 2819//2819 2709//2709 2763//2763
f 2764//2764 2710//2710 2820//2820
f 2766//2766 2820//2820 2710//2710
f 2711//2711 2821//2821 2767//2767
f 2821//2821 2711//2711 2765//2765
f 2766//2766 2712//2712 2822//2822
f 2768//2768 2822//2822 2712//2712
f 2767//2767 2769//2769 2714//2714
f 2769//2769 2767//2767 2823//2823
f 2824//2824 2768//2768 2771//2771
f 2715//2715 2771//2771 2768//2768
f 2770//2770 2825//2825 2826//2826
f 2825//2825 2770//2770 2769//2769
f 2771//2771 2772//2772 2827//2827
f 2828//2828 2827//2827 2772//2772
f 2773//2773 2770//2770 2829//2829
f 2770//2770 2773//2773 2713//2713
f 2716//2716 2774//2774 2772//2772
f 2830//2830 2772//2772 2774//2774
f 2717//2717 2831//2831 2775//2775
f 2831//2831 2717//2717 2773//2773
f 2774//2774 2718//2718 2832//2832
f 2776//2776 2832//2832 2718//2718
f 2777//2777 2775//2775 2833//2833
f 2775//2775 2777//2777 2719//2719
f 2720//2720 2778//2778 2776//2776
f 2834//2834 2776//2776 2778//2778
f 2779//2779 2777//2777 2835//2835
f 2777//2777 2779//2779 2721//2721
f 2722//2722 2780//2780 2778//2778
f 2836//2836 2778//2778 2780//2780
f 2779//2779 2781//2781 2723//2723
f 2781//2781 2779//2779 2837//2837
f 2838//2838 2780//2780 2782//2782
f 2724//2724 2782//2782 2780//2780
f 2839//2839 2726//2726 2781//2781
f 2726//2726 2839//2839 2783//2783
f 2786//2786 2840//2840 2727//2727
f 2782//2782 2727//2727 2840//2840
f 2841//2841 2784//2784 2783//2783
f 2784//2784 2841//2841 2842//2842
f 2843//2843 2844//2844 2785//2785
f 2786//2786 2785//2785 2844//2844
f 2845//2845 2788//2788 2846//2846
f 2788//2788 2845//2845 2787//2787
f 2789//2789 2847//2847 2790//2790
f 2848//2848 2790//2790 2847//2847
f 2791//2791 2793//2793 2735//2735
f 2793//2793 2791//2791 2849//2849
f 2850//2850 2792//2792 2794//2794
f 2736//2736 2794//2794 2792//2792
f 2793//2793 2795//2795 2737//2737
f 2795//2795 2793//2793 2851//2851
f 2852//2852 2794//2794 2796//2796
f 2738//2738 2796//2796 2794//2794
f 2853//2853 2739//2739 2795//2795
f 2739//2739 2853//2853 2797//2797
f 2798//2798 2854//2854 2740//2740
f 2796//2796 2740//2740 2854//2854
f 2799//2799 2797//2797 2853//2853
f 2797//2797 2799//2799 2743//2743
f 2744//2744 2800//2800 2798//2798
f 2854//2854 2798//2798 2800//2800
f 2799//2799 2801//2801 2745//2745
f 2801//2801 2799//2799 2855//2855
f 2856//2856 2800//2800 2802//2802
f 2746//2746 2802//2802 2800//2800
f 2801//2801 2803//2803 2747//2747
f 2803//2803 2801//2801 2857//2857
f 2858//2858 2802//2802 2804//2804
f 2748//2748 2804//2804 2802//2802
f 2806//2806 2859//2859 2805//2805
f 2859//2859 2806//2806 2860//2860
f 2861//2861 2807//2807 2862//2862
f 2808//2808 2862//2862 2807//2807
f 2809//2809 2863//2863 2810//2810
f 2863//2863 2809//2809 2864//2864
f 2865//2865 2812//2812 2866//2866
f 2811//2811 2866//2866 2812//2812
f 2810//2810 2813//2813 2756//2756
f 2813//2813 2810//2810 2867//2867
f 2868//2868 2811//2811 2814//2814
f 2757//2757 2814//2814 2811//2811
f 2813//2813 2815//2815 2759//2759
f 2815//2815 2813//2813 2869//2869
f 2870//2870 2814//2814 2816//2816
f 2760//2760 2816//2816 2814//2814
f 2761//2761 2871//2871 2817//2817
f 2871//2871 2761//2761 2815//2815
f 2816//2816 2762//2762 2872//2872
f 2818//2818 2872//2872 2762//2762
f 2763//2763 2873//2873 2819//2819
f 2873//2873 2763//2763 2817//2817
f 2818//2818 2764//2764 2874//2874
f 2820//2820 2874//2874 2764//2764
f 2765//2765 2875//2875 2821//2821
f 2875//2875 2765//2765 2819//2819
f 2820//2820 2766//2766 2876//2876
f 2822//2822 2876//2876 2766//2766
f 2821//2821 2823//2823 2767//2767
f 2823//2823 2821//2821 2877//2877
f 2878//2878 2822//2822 2824//2824
f 2768//2768 2824//2824 2822//2822
f 2823//2823 2825//2825 2769//2769
f 2825//2825 2823//2823 2879//2879
f 2880//2880 2824//2824 2827//2827
f 2771//2771 2827//2827 2824//2824
f 2826//2826 2881//2881 2882//2882
f 2881//2881 2826//2826 2825//2825
f 2827//2827 2828//2828 2883//2883
f 2884//2884 2883//2883 2828//2828
f 2829//2829 2826//2826 2885//2885
f 2826//2826 2829//2829 2770//2770
f 2772//2772 2830//2830 2828//2828
f 2886//2886 2828//2828 2830//2830
f 2831//2831 2829//2829 2887//2887
f 2829//2829 2831//2831 2773//2773
f 2774//2774 2832//2832 2830//2830
f 2888//2888 2830//2830 2832//2832
f 2833//2833 2831//2831 2889//2889
f 2831//2831 2833//2833 2775//2775
f 2776//2776 2834//2834 2832//2832
f 2890//2890 2832//2832 2834//2834
f 2835//2835 2833//2833 2891//2891
f 2833//2833 2835//2835 2777//2777
f 2778//2778 2836//2836 2834//2834
f 2892//2892 2834//2834 2836//2836
f 2837//2837 2835//2835 2893//2893
f 2835//2835 2837//2837 2779//2779
f 2780//2780 2838//2838 2836//2836
f 2894//2894 2836//2836 2838//2838
f 2895//2895 2781//2781 2837//2837
f 2781//2781 2895//2895 2839//2839
f 2840//2840 2896//2896 2782//2782
f 2838//2838 2782//2782 2896//2896
f 2897//2897 2783//2783 2839//2839
f 2783//2783 2897//2897 2841//2841
f 2844//2844 2898//2898 2786//2786
f 2840//2840 2786//2786 2898//2898
f 2899//2899 2842//2842 2841//2841
f 2842//2842 2899//2899 2900//2900
f 2901//2901 2902//2902 2843//2843
f 2844//2844 2843//2843 2902//2902
f 2903//2903 2845//2845 2846//2846
f 2845//2845 2903//2903 2904//2904
f 2905//2905 2906//2906 2847//2847
f 2848//2848 2847//2847 2906//2906
f 2849//2849 2851//2851 2793//2793
f 2851//2851 2849//2849 2907//2907
f 2908//2908 2850//2850 2852//2852
f 2794//2794 2852//2852 2850//2850
f 2851//2851 2853//2853 2795//2795
f 2853//2853 2851//2851 2909//2909
f 2910//2910 2852//2852 2854//2854
f 2796//2796 2854//2854 2852//2852
f 2853//2853 2855//2855 2799//2799
f 2855//2855 2853//2853 2909//2909
f 2910//2910 2854//2854 2856//2856
f 2800//2800 2856//2856 2854//2854
f 2855//2855 2857//2857 2801//2801
f 2857//2857 2855//2855 2911//2911
f 2912//2912 2856//2856 2858//2858
f 2802//2802 2858//2858 2856//2856
f 2859//2859 2913//2913 2914//2914
f 2913//2913 2859//2859 2860//2860
f 2861//2861 2862//2862 2915//2915
f 2916//2916 2915//2915 2862//2862
f 2864//2864 2917//2917 2863//2863
f 2917//2917 2864//2864 2918//2918
f 2919//2919 2865//2865 2920//2920
f 2866//2866 2920//2920 2865//2865
f 2810//2810 2921//2921 2867//2867
f 2921//2921 2810//2810 2863//2863
f 2866//2866 2811//2811 2922//2922
f 2868//2868 2922//2922 2811//2811
f 2867//2867 2869//2869 2813//2813
f 2869//2869 2867//2867 2923//2923
f 2924//2924 2868//2868 2870//2870
f 2814//2814 2870//2870 2868//2868
f 2815//2815 2925//2925 2871//2871
f 2925//2925 2815//2815 2869//2869
f 2870//2870 2816//2816 2926//2926
f 2872//2872 2926//2926 2816//2816
f 2817//2817 2927//2927 2873//2873
f 2927//2927 2817//2817 2871//2871
f 2872//2872 2818//2818 2928//2928
f 2874//2874 2928//2928 2818//2818
f 2819//2819 2929//2929 2875//2875
f 2929//2929 2819//2819 2873//2873
f 2874//2874 2820//2820 2930//2930
f 2876//2876 2930//2930 2820//2820
f 2875//2875 2877//2877 2821//2821
f 2877//2877 2875//2875 2931//2931
f 2932//2932 2876//2876 2878//2878
f 2822//2822 2878//2878 2876//2876
f 2877//2877 2879//2879 2823//2823
f 2879//2879 2877//2877 2933//2933
f 2934//2934 2878//2878 2880//2880
f 2824//2824 2880//2880 2878//2878
f 2879//2879 2881//2881 2825//2825
f 2881//2881 2879//2879 2935//2935
f 2936//2936 2880//2880 2883//2883
f 2827//2827 2883//2883 2880//2880
f 2937//2937 2881//2881 2938//2938
f 2881//2881 2937//2937 2882//2882
f 2884//2884 2939//2939 2883//2883
f 2940//2940 2883//2883 2939//2939
f 2885//2885 2882//2882 2941//2941
f 2882//2882 2885//2885 2826//2826
f 2828//2828 2886//2886 2884//2884
f 2942//2942 2884//2884 2886//2886
f 2887//2887 2885//2885 2943//2943
f 2885//2885 2887//2887 2829//2829
f 2830//2830 2888//2888 2886//2886
f 2944//2944 2886//2886 2888//2888
f 2889//2889 2887//2887 2945//2945
f 2887//2887 2889//2889 2831//2831
f 2832//2832 2890//2890 2888//2888
f 2946//2946 2888//2888 2890//2890
f 2891//2891 2889//2889 2947//2947
f 2889//2889 2891//2891 2833//2833
f 2834//2834 2892//2892 2890//2890
f 2948//2948 2890//2890 2892//2892
f 2893//2893 2891//2891 2949//2949
f 2891//2891 2893//2893 2835//2835
f 2836//2836 2894//2894 2892//2892
f 2950//2950 2892//2892 2894//2894
f 2895//2895 2893//2893 2951//2951
f 2893//2893 2895//2895 2837//2837
f 2838//2838 2896//2896 2894//2894
f 2952//2952 2894//2894 2896//2896
f 2953//2953 2839//2839 2895//2895
f 2839//2839 2953//2953 2897//2897
f 2898//2898 2954//2954 2840//2840
f 2896//2896 2840//2840 2954//2954
f 2955//2955 2841//2841 2897//2897
f 2841//2841 2955//2955 2899//2899
f 2902//2902 2956//2956 2844//2844
f 2898//2898 2844//2844 2956//2956
f 2957//2957 2900//2900 2899//2899
f 2900//2900 2957//2957 2958//2958
f 2959//2959 2960//2960 2901//2901
f 2902//2902 2901//2901 2960//2960
f 2961//2961 2904//2904 2903//2903
f 2904//2904 2961//2961 2962//2962
f 2963//2963 2964//2964 2905//2905
f 2906//2906 2905//2905 2964//2964
f 2907//2907 2909//2909 2851//2851
f 2909//2909 2907//2907 2965//2965
f 2966//2966 2908//2908 2910//2910
f 2852//2852 2910//2910 2908//2908
f 2909//2909 2911//2911 2855//2855
f 2911//2911 2909//2909 2965//2965
f 2966//2966 2910//2910 2912//2912
f 2856//2856 2912//2912 2910//2910
f 2914//2914 2967//2967 2968//2968
f 2967//2967 2914//2914 2913//2913
f 2915//2915 2916//2916 2969//2969
f 2970//2970 2969//2969 2916//2916
f 2918//2918 2971//2971 2917//2917
f 2971//2971 2918//2918 2972//2972
f 2973//2973 2919//2919 2974//2974
f 2920//2920 2974//2974 2919//2919
f 2863//2863 2975//2975 2921//2921
f 2975//2975 2863//2863 2917//2917
f 2920//2920 2866//2866 2976//2976
f 2922//2922 2976//2976 2866//2866
f 2867//2867 2977//2977 2923//2923
f 2977//2977 2867//2867 2921//2921
f 2922//2922 2868//2868 2978//2978
f 2924//2924 2978//2978 2868//2868
f 2869//2869 2979//2979 2925//2925
f 2979//2979 2869//2869 2923//2923
f 2924//2924 2870//2870 2980//2980
f 2926//2926 2980//2980 2870//2870
f 2871//2871 2981//2981 2927//2927
f 2981//2981 2871//2871 2925//2925
f 2926//2926 2872//2872 2982//2982
f 2928//2928 2982//2982 2872//2872
f 2873//2873 2983//2983 2929//2929
f 2983//2983 2873//2873 2927//2927
f 2928//2928 2874//2874 2984//2984
f 2930//2930 2984//2984 2874//2874
f 2875//2875 2985//2985 2931//2931
f 2985//2985 2875//2875 2929//2929
f 2930//2930 2876//2876 2986//2986
f 2932//2932 2986//2986 2876//2876
f 2931//2931 2933//2933 2877//2877
f 2933//2933 2931//2931 2987//2987
f 2988//2988 2932//2932 2934//2934
f 2878//2878 2934//2934 2932//2932
f 2933//2933 2935//2935 2879//2879
f 2935//2935 2933//2933 2989//2989
f 2990//2990 2934//2934 2936//2936
f 2880//2880 2936//2936 2934//2934
f 2881//2881 2991//2991 2938//2938
f 2991//2991 2881//2881 2935//2935
f 2936//2936 2883//2883 2992//2992
f 2940//2940 2992//2992 2883//2883
f 2993//2993 2938//2938 2994//2994
f 2938//2938 2993//2993 2937//2937
f 2939//2939 2995//2995 2940//2940
f 2996//2996 2940//2940 2995//2995
f 2997//2997 2882//2882 2937//2937
f 2882//2882 2997//2997 2941//2941
f 2942//2942 2998//2998 2884//2884
f 2939//2939 2884//2884 2998//2998
f 2943//2943 2941//2941 2999//2999
f 2941//2941 2943//2943 2885//2885
f 2886//2886 2944//2944 2942//2942
f 3000//3000 2942//2942 2944//2944
f 2945//2945 2943//2943 3001//3001
f 2943//2943 2945//2945 2887//2887
f 2888//2888 2946//2946 2944//2944
f 3002//3002 2944//2944 2946//2946
f 2947//2947 2945//2945 3003//3003
f 2945//2945 2947//2947 2889//2889
f 2890//2890 2948//2948 2946//2946
f 3004//3004 2946//2946 2948//2948
f 2949//2949 2947//2947 3005//3005
f 2947//2947 2949//2949 2891//2891
f 2892//2892 2950//2950 2948//2948
f 3006//3006 2948//2948 2950//2950
f 2951//2951 2949//2949 3007//3007
f 2949//2949 2951//2951 2893//2893
f 2894//2894 2952//2952 2950//2950
f 3008//3008 2950//2950 2952//2952
f 2953//2953 2951//2951 3009//3009
f 2951//2951 2953//2953 2895//2895
f 2896//2896 2954//2954 2952//2952
f 3010//3010 2952//2952 2954//2954
f 3011//3011 2897//2897 2953//2953
f 2897//2897 3011//3011 2955//2955
f 2956//2956 3012//3012 2898//2898
f 2954//2954 2898//2898 3012//3012
f 3013//3013 2899//2899 2955//2955
f 2899//2899 3013//3013 2957//2957
f 2960//2960 3014//3014 2902//2902
f 2956//2956 2902//2902 3014//3014
f 3015//3015 2958//2958 2957//2957
f 2958//2958 3015//3015 3016//3016
f 3017//3017 3018//3018 2959//2959
f 2960//2960 2959//2959 3018//3018
f 3019//3019 2962//2962 2961//2961
f 2962//2962 3019//3019 3020//3020
f 3021//3021 3022//3022 2963//2963
f 2964//2964 2963//2963 3022//3022
f 2968//2968 3020//3020 3019//3019
f 3020//3020 2968//2968 2967//2967
f 2969//2969 2970//2970 3021//3021
f 3022//3022 3021//3021 2970//2970
f 2972//2972 3023//3023 2971//2971
f 3023//3023 2972//2972 3024//3024
f 3025//3025 2973//2973 3026//3026
f 2974//2974 3026//3026 2973//2973
f 2917//2917 3027//3027 2975//2975
f 3027//3027 2917//2917 2971//2971
f 2974//2974 2920//2920 3028//3028
f 2976//2976 3028//3028 2920//2920
f 2921//2921 3029//3029 2977//2977
f 3029//3029 2921//2921 2975//2975
f 2976//2976 2922//2922 3030//3030
f 2978//2978 3030//3030 2922//2922
f 2923//2923 3031//3031 2979//2979
f 3031//3031 2923//2923 2977//2977
f 2978//2978 2924//2924 3032//3032
f 2980//2980 3032//3032 2924//2924
f 2925//2925 3033//3033 2981//2981
f 3033//3033 2925//2925 2979//2979
f 2980//2980 2926//2926 3034//3034
f 2982//2982 3034//3034 2926//2926
f 2927//2927 3035//3035 2983//2983
f 3035//3035 2927//2927 2981//2981
f 2982//2982 2928//2928 3036//3036
f 2984//2984 3036//3036 2928//2928
f 2929//2929 3037//3037 2985//2985
f 3037//3037 2929//2929 2983//2983
f 2984//2984 2930//2930 3038//3038
f 2986//2986 3038//3038 2930//2930
f 2931//2931 3039//3039 2987//2987
f 3039//3039 2931//2931 2985//2985
f 2986//2986 2932//2932 3040//3040
f 2988//2988 3040//3040 2932//2932
f 2987//2987 2989//2989 2933//2933
f 2989//2989 2987//2987 3041//3041
f 3042//3042 2988//2988 2990//2990
f 2934//2934 2990//2990 2988//2988
f 2935//2935 3043//3043 2991//2991
f 3043//3043 2935//2935 2989//2989
f 2990//2990 2936//2936 3044//3044
f 2992//2992 3044//3044 2936//2936
f 2938//2938 3045//3045 2994//2994
f 3045//3045 2938//2938 2991//2991
f 2992//2992 2940//2940 3046//3046
f 2996//2996 3046//3046 2940//2940
f 3047//3047 2994//2994 3048//3048
f 2994//2994 3047//3047 2993//2993
f 2995//2995 3049//3049 2996//2996
f 3050//3050 2996//2996 3049//3049
f 3051//3051 2937//2937 2993//2993
f 2937//2937 3051//3051 2997//2997
f 2998//2998 3052//3052 2939//2939
f 2995//2995 2939//2939 3052//3052
f 3053//3053 2941//2941 2997//2997
f 2941//2941 3053//3053 2999//2999
f 3000//3000 3054//3054 2942//2942
f 2998//2998 2942//2942 3054//3054
f 3001//3001 2999//2999 3055//3055
f 2999//2999 3001//3001 2943//2943
f 2944//2944 3002//3002 3000//3000
f 3056//3056 3000//3000 3002//3002
f 3003//3003 3001//3001 3057//3057
f 3001//3001 3003//3003 2945//2945
f 2946//2946 3004//3004 3002//3002
f 3058//3058 3002//3002 3004//3004
f 3005//3005 3003//3003 3059//3059
f 3003//3003 3005//3005 2947//2947
f 2948//2948 3006//3006 3004//3004
f 3060//3060 3004//3004 3006//3006
f 3007//3007 3005//3005 3061//3061
f 3005//3005 3007//3007 2949//2949
f 2950//2950 3008//3008 3006//3006
f 3062//3062 3006//3006 3008//3008
f 3009//3009 3007//3007 3063//3063
f 3007//3007 3009//3009 2951//2951
f 2952//2952 3010//3010 3008//3008
f 3064//3064 3008//3008 3010//3010
f 3011//3011 3009//3009 3065//3065
f 3009//3009 3011//3011 2953//2953
f 2954//2954 3012//3012 3010//3010
f 3066//3066 3010//3010 3012//3012
f 3067//3067 2955//2955 3011//3011
f 2955//2955 3067//3067 3013//3013
f 3014//3014 3068//3068 2956//2956
f 3012//3012 2956//2956 3068//3068
f 3069//3069 2957//2957 3013//3013
f 2957//2957 3069//3069 3015//3015
f 3018//3018 3070//3070 2960//2960
f 3014//3014 2960//2960 3070//3070
f 3071//3071 3016//3016 3015//3015
f 3016//3016 3071//3071 3072//3072
f 3073//3073 3074//3074 3017//3017
f 3018//3018 3017//3017 3074//3074
f 3024//3024 3071//3071 3023//3023
f 3071//3071 3024//3024 3072//3072
f 3073//3073 3025//3025 3074//3074
f 3026//3026 3074//3074 3025//3025
f 2971//2971 3075//3075 3027//3027
f 3075//3075 2971//2971 3023//3023
f 3026//3026 2974//2974 3076//3076
f 3028//3028 3076//3076 2974//2974
f 2975//2975 3077//3077 3029//3029
f 3077//3077 2975//2975 3027//3027
f 3028//3028 2976//2976 3078//3078
f 3030//3030 3078//3078 2976//2976
f 2977//2977 3079//3079 3031//3031
f 3079//3079 2977//2977 3029//3029
f 3030//3030 2978//2978 3080//3080
f 3032//3032 3080//3080 2978//2978
f 2979//2979 3081//3081 3033//3033
f 3081//3081 2979//2979 3031//3031
f 3032//3032 2980//2980 3082//3082
f 3034//3034 3082//3082 2980//2980
f 2981//2981 3083//3083 3035//3035
f 3083//3083 2981//2981 3033//3033
f 3034//3034 2982//2982 3084//3084
f 3036//3036 3084//3084 2982//2982
f 2983//2983 3085//3085 3037//3037
f 3085//3085 2983//2983 3035//3035
f 3036//3036 2984//2984 3086//3086
f 3038//3038 3086//3086 2984//2984
f 2985//2985 3087//3087 3039//3039
f 3087//3087 2985//2985 3037//3037
f 3038//3038 2986//2986 3088//3088
f 3040//3040 3088//3088 2986//2986
f 2987//2987 3089//3089 3041//3041
f 3089//3089 2987//2987 3039//3039
f 3040//3040 2988//2988 3090//3090
f 3042//3042 3090//3090 2988//2988
f 2989//2989 3091//3091 3043//3043
f 3091//3091 2989//2989 3041//3041
f 3042//3042 2990//2990 3092//3092
f 3044//3044 3092//3092 2990//2990
f 2991//2991 3093//3093 3045//3045
f 3093//3093 2991//2991 3043//3043
f 3044//3044 2992//2992 3094//3094
f 3046//3046 3094//3094 2992//2992
f 2994//2994 3095//3095 3048//3048
f 3095//3095 2994//2994 3045//3045
f 3046//3046 2996//2996 3096//3096
f 3050//3050 3096//3096 2996//2996
f 3097//3097 3098//3098 3099//3099
f 3098//3098 3097//3097 3100//3100
f 3101//3101 3102//3102 3103//3103
f 3104//3104 3103//3103 3102//3102
f 3105//3105 2993//2993 3047//3047
f 2993//2993 3105//3105 3051//3051
f 3052//3052 3106//3106 2995//2995
f 3049//3049 2995//2995 3106//3106
f 3107//3107 2997//2997 3051//3051
f 2997//2997 3107//3107 3053//3053
f 3054//3054 3108//3108 2998//2998
f 3052//3052 2998//2998 3108//3108
f 3109//3109 2999//2999 3053//3053
f 2999//2999 3109//3109 3055//3055
f 3056//3056 3110//3110 3000//3000
f 3054//3054 3000//3000 3110//3110
f 3057//3057 3055//3055 3111//3111
f 3055//3055 3057//3057 3001//3001
f 3002//3002 3058//3058 3056//3056
f 3112//3112 3056//3056 3058//3058
f 3059//3059 3057//3057 3113//3113
f 3057//3057 3059//3059 3003//3003
f 3004//3004 3060//3060 3058//3058
f 3114//3114 3058//3058 3060//3060
f 3061//3061 3059//3059 3115//3115
f 3059//3059 3061//3061 3005//3005
f 3006//3006 3062//3062 3060//3060
f 3116//3116 3060//3060 3062//3062
f 3063//3063 3061//3061 3117//3117
f 3061//3061 3063//3063 3007//3007
f 3008//3008 3064//3064 3062//3062
f 3118//3118 3062//3062 3064//3064
f 3065//3065 3063//3063 3119//3119
f 3063//3063 3065//3065 3009//3009
f 3010//3010 3066//3066 3064//3064
f 3120//3120 3064//3064 3066//3066
f 3065//3065 3067//3067 3011//3011
f 3067//3067 3065//3065 3121//3121
f 3122//3122 3066//3066 3068//3068
f 3012//3012 3068//3068 3066//3066
f 3123//3123 3013//3013 3067//3067
f 3013//3013 3123//3123 3069//3069
f 3070//3070 3124//3124 3014//3014
f 3068//3068 3014//3014 3124//3124
f 3125//3125 3015//3015 3069//3069
f 3015//3015 3125//3125 3071//3071
f 3074//3074 3126//3126 3018//3018
f 3070//3070 3018//3018 3126//3126
f 3023//3023 3125//3125 3075//3075
f 3125//3125 3023//3023 3071//3071
f 3074//3074 3026//3026 3126//3126
f 3076//3076 3126//3126 3026//3026
f 3027//3027 3127//3127 3077//3077
f 3127//3127 3027//3027 3075//3075
f 3076//3076 3028//3028 3128//3128
f 3078//3078 3128//3128 3028//3028
f 3079//3079 3077//3077 3129//3129
f 3077//3077 3079//3079 3029//3029
f 3030//3030 3080//3080 3078//3078
f 3130//3130 3078//3078 3080//3080
f 3031//3031 3131//3131 3081//3081
f 3131//3131 3031//3031 3079//3079
f 3080//3080 3032//3032 3132//3132
f 3082//3082 3132//3132 3032//3032
f 3033//3033 3133//3133 3083//3083
f 3133//3133 3033//3033 3081//3081
f 3082//3082 3034//3034 3134//3134
f 3084//3084 3134//3134 3034//3034
f 3035//3035 3135//3135 3085//3085
f 3135//3135 3035//3035 3083//3083
f 3084//3084 3036//3036 3136//3136
f 3086//3086 3136//3136 3036//3036
f 3037//3037 3137//3137 3087//3087
f 3137//3137 3037//3037 3085//3085
f 3086//3086 3038//3038 3138//3138
f 3088//3088 3138//3138 3038//3038
f 3039//3039 3139//3139 3089//3089
f 3139//3139 3039//3039 3087//3087
f 3088//3088 3040//3040 3140//3140
f 3090//3090 3140//3140 3040//3040
f 3041//3041 3141//3141 3091//3091
f 3141//3141 3041//3041 3089//3089
f 3090//3090 3042//3042 3142//3142
f 3092//3092 3142//3142 3042//3042
f 3043//3043 3143//3143 3093//3093
f 3143//3143 3043//3043 3091//3091
f 3092//3092 3044//3044 3144//3144
f 3094//3094 3144//3144 3044//3044
f 3045//3045 3145//3145 3095//3095
f 3145//3145 3045//3045 3093//3093
f 3094//3094 3046//3046 3146//3146
f 3096//3096 3146//3146 3046//3046
f 3147//3147 3100//3100 3097//3097
f 3100//3100 3147//3147 3148//3148
f 3149//3149 3150//3150 3101//3101
f 3102//3102 3101//3101 3150//3150
f 3099//3099 3151//3151 3152//3152
f 3151//3151 3099//3099 3098//3098
f 3103//3103 3104//3104 3153//3153
f 3154//3154 3153//3153 3104//3104
f 3155//3155 3051//3051 3105//3105
f 3051//3051 3155//3155 3107//3107
f 3108//3108 3156//3156 3052//3052
f 3106//3106 3052//3052 3156//3156
f 3157//3157 3053//3053 3107//3107
f 3053//3053 3157//3157 3109//3109
f 3110//3110 3158//3158 3054//3054
f 3108//3108 3054//3054 3158//3158
f 3159//3159 3055//3055 3109//3109
f 3055//3055 3159//3159 3111//3111
f 3112//3112 3160//3160 3056//3056
f 3110//3110 3056//3056 3160//3160
f 3113//3113 3111//3111 3161//3161
f 3111//3111 3113//3113 3057//3057
f 3058//3058 3114//3114 3112//3112
f 3162//3162 3112//3112 3114//3114
f 3115//3115 3113//3113 3163//3163
f 3113//3113 3115//3115 3059//3059
f 3060//3060 3116//3116 3114//3114
f 3164//3164 3114//3114 3116//3116
f 3117//3117 3115//3115 3165//3165
f 3115//3115 3117//3117 3061//3061
f 3062//3062 3118//3118 3116//3116
f 3166//3166 3116//3116 3118//3118
f 3119//3119 3117//3117 3167//3167
f 3117//3117 3119//3119 3063//3063
f 3064//3064 3120//3120 3118//3118
f 3168//3168 3118//3118 3120//3120
f 3119//3119 3121//3121 3065//3065
f 3121//3121 3119//3119 3169//3169
f 3170//3170 3120//3120 3122//3122
f 3066//3066 3122//3122 3120//3120
f 3121//3121 3123//3123 3067//3067
f 3123//3123 3121//3121 3171//3171
f 3172//3172 3122//3122 3124//3124
f 3068//3068 3124//3124 3122//3122
f 3173//3173 3069//3069 3123//3123
f 3069//3069 3173//3173 3125//3125
f 3126//3126 3174//3174 3070//3070
f 3124//3124 3070//3070 3174//3174
f 3075//3075 3173//3173 3127//3127
f 3173//3173 3075//3075 3125//3125
f 3126//3126 3076//3076 3174//3174
f 3128//3128 3174//3174 3076//3076
f 3129//3129 3127//3127 3175//3175
f 3127//3127 3129//3129 3077//3077
f 3078//3078 3130//3130 3128//3128
f 3176//3176 3128//3128 3130//3130
f 3131//3131 3129//3129 3177//3177
f 3129//3129 3131//3131 3079//3079
f 3080//3080 3132//3132 3130//3130
f 3178//3178 3130//3130 3132//3132
f 3081//3081 3179//3179 3133//3133
f 3179//3179 3081//3081 3131//3131
f 3132//3132 3082//3082 3180//3180
f 3134//3134 3180//3180 3082//3082
f 3083//3083 3181//3181 3135//3135
f 3181//3181 3083//3083 3133//3133
f 3134//3134 3084//3084 3182//3182
f 3136//3136 3182//3182 3084//3084
f 3085//3085 3183//3183 3137//3137
f 3183//3183 3085//3085 3135//3135
f 3136//3136 3086//3086 3184//3184
f 3138//3138 3184//3184 3086//3086
f 3087//3087 3185//3185 3139//3139
f 3185//3185 3087//3087 3137//3137
f 3138//3138 3088//3088 3186//3186
f 3140//3140 3186//3186 3088//3088
f 3089//3089 3187//3187 3141//3141
f 3187//3187 3089//3089 3139//3139
f 3140//3140 3090//3090 3188//3188
f 3142//3142 3188//3188 3090//3090
f 3091//3091 3189//3189 3143//3143
f 3189//3189 3091//3091 3141//3141
f 3142//3142 3092//3092 3190//3190
f 3144//3144 3190//3190 3092//3092
f 3093//3093 3191//3191 3145//3145
f 3191//3191 3093//3093 3143//3143
f 3144//3144 3094//3094 3192//3192
f 3146//3146 3192//3192 3094//3094
f 3193//3193 3148//3148 3147//3147
f 3148//3148 3193//3193 3194//3194
f 3195//3195 3196//3196 3149//3149
f 3150//3150 3149//3149 3196//3196
f 3152//3152 3197//3197 3198//3198
f 3197//3197 3152//3152 3151//3151
f 3153//3153 3154//3154 3199//3199
f 3200//3200 3199//3199 3154//3154
f 3201//3201 3107//3107 3155//3155
f 3107//3107 3201//3201 3157//3157
f 3158//3158 3202//3202 3108//3108
f 3156//3156 3108//3108 3202//3202
f 3203//3203 3109//3109 3157//3157
f 3109//3109 3203//3203 3159//3159
f 3160//3160 3204//3204 3110//3110
f 3158//3158 3110//3110 3204//3204
f 3205//3205 3111//3111 3159//3159
f 3111//3111 3205//3205 3161//3161
f 3162//3162 3206//3206 3112//3112
f 3160//3160 3112//3112 3206//3206
f 3163//3163 3161//3161 3207//3207
f 3161//3161 3163//3163 3113//3113
f 3114//3114 3164//3164 3162//3162
f 3208//3208 3162//3162 3164//3164
f 3165//3165 3163//3163 3209//3209
f 3163//3163 3165//3165 3115//3115
f 3116//3116 3166//3166 3164//3164
f 3210//3210 3164//3164 3166//3166
f 3167//3167 3165//3165 3211//3211
f 3165//3165 3167//3167 3117//3117
f 3118//3118 3168//3168 3166//3166
f 3212//3212 3166//3166 3168//3168
f 3167//3167 3169//3169 3119//3119
f 3169//3169 3167//3167 3213//3213
f 3214//3214 3168//3168 3170//3170
f 3120//3120 3170//3170 3168//3168
f 3169//3169 3171//3171 3121//3121
f 3171//3171 3169//3169 3215//3215
f 3216//3216 3170//3170 3172//3172
f 3122//3122 3172//3172 3170//3170
f 3171//3171 3173//3173 3123//3123
f 3173//3173 3171//3171 3217//3217
f 3218//3218 3172//3172 3174//3174
f 3124//3124 3174//3174 3172//3172
f 3175//3175 3173//3173 3217//3217
f 3173//3173 3175//3175 3127//3127
f 3128//3128 3176//3176 3174//3174
f 3218//3218 3174//3174 3176//3176
f 3177//3177 3175//3175 3219//3219
f 3175//3175 3177//3177 3129//3129
f 3130//3130 3178//3178 3176//3176
f 3220//3220 3176//3176 3178//3178
f 3179//3179 3177//3177 3221//3221
f 3177//3177 3179//3179 3131//3131
f 3132//3132 3180//3180 3178//3178
f 3222//3222 3178//3178 3180//3180
f 3133//3133 3223//3223 3181//3181
f 3223//3223 3133//3133 3179//3179
f 3180//3180 3134//3134 3224//3224
f 3182//3182 3224//3224 3134//3134
f 3135//3135 3225//3225 3183//3183
f 3225//3225 3135//3135 3181//3181
f 3182//3182 3136//3136 3226//3226
f 3184//3184 3226//3226 3136//3136
f 3137//3137 3227//3227 3185//3185
f 3227//3227 3137//3137 3183//3183
f 3184//3184 3138//3138 3228//3228
f 3186//3186 3228//3228 3138//3138
f 3139//3139 3229//3229 3187//3187
f 3229//3229 3139//3139 3185//3185
f 3186//3186 3140//3140 3230//3230
f 3188//3188 3230//3230 3140//3140
f 3141//3141 3231//3231 3189//3189
f 3231//3231 3141//3141 3187//3187
f 3188//3188 3142//3142 3232//3232
f 3190//3190 3232//3232 3142//3142
f 3143//3143 3233//3233 3191//3191
f 3233//3233 3143//3143 3189//3189
f 3190//3190 3144//3144 3234//3234
f 3192//3192 3234//3234 3144//3144
f 3235//3235 3194//3194 3193//3193
f 3194//3194 3235//3235 3236//3236
f 3237//3237 3238//3238 3195//3195
f 3196//3196 3195//3195 3238//3238
f 3239//3239 3197//3197 3240//3240
f 3197//3197 3239//3239 3198//3198
f 3200//3200 3241//3241 3199//3199
f 3242//3242 3199//3199 3241//3241
f 3243//3243 3157//3157 3201//3201
f 3157//3157 3243//3243 3203//3203
f 3204//3204 3244//3244 3158//3158
f 3202//3202 3158//3158 3244//3244
f 3245//3245 3159//3159 3203//3203
f 3159//3159 3245//3245 3205//3205
f 3206//3206 3246//3246 3160//3160
f 3204//3204 3160//3160 3246//3246
f 3247//3247 3161//3161 3205//3205
f 3161//3161 3247//3247 3207//3207
f 3208//3208 3248//3248 3162//3162
f 3206//3206 3162//3162 3248//3248
f 3209//3209 3207//3207 3249//3249
f 3207//3207 3209//3209 3163//3163
f 3164//3164 3210//3210 3208//3208
f 3250//3250 3208//3208 3210//3210
f 3211//3211 3209//3209 3251//3251
f 3209//3209 3211//3211 3165//3165
f 3166//3166 3212//3212 3210//3210
f 3252//3252 3210//3210 3212//3212
f 3253//3253 3167//3167 3211//3211
f 3167//3167 3253//3253 3213//3213
f 3214//3214 3254//3254 3168//3168
f 3212//3212 3168//3168 3254//3254
f 3213//3213 3215//3215 3169//3169
f 3215//3215 3213//3213 3255//3255
f 3256//3256 3214//3214 3216//3216
f 3170//3170 3216//3216 3214//3214
f 3215//3215 3217//3217 3171//3171
f 3217//3217 3215//3215 3257//3257
f 3258//3258 3216//3216 3218//3218
f 3172//3172 3218//3218 3216//3216
f 3219//3219 3217//3217 3257//3257
f 3217//3217 3219//3219 3175//3175
f 3176//3176 3220//3220 3218//3218
f 3258//3258 3218//3218 3220//3220
f 3221//3221 3219//3219 3259//3259
f 3219//3219 3221//3221 3177//3177
f 3178//3178 3222//3222 3220//3220
f 3260//3260 3220//3220 3222//3222
f 3261//3261 3179//3179 3221//3221
f 3179//3179 3261//3261 3223//3223
f 3224//3224 3262//3262 3180//3180
f 3222//3222 3180//3180 3262//3262
f 3181//3181 3263//3263 3225//3225
f 3263//3263 3181//3181 3223//3223
f 3224//3224 3182//3182 3264//3264
f 3226//3226 3264//3264 3182//3182
f 3183//3183 3265//3265 3227//3227
f 3265//3265 3183//3183 3225//3225
f 3226//3226 3184//3184 3266//3266
f 3228//3228 3266//3266 3184//3184
f 3227//3227 3229//3229 3185//3185
f 3229//3229 3227//3227 3267//3267
f 3268//3268 3228//3228 3230//3230
f 3186//3186 3230//3230 3228//3228
f 3187//3187 3269//3269 3231//3231
f 3269//3269 3187//3187 3229//3229
f 3230//3230 3188//3188 3270//3270
f 3232//3232 3270//3270 3188//3188
f 3189//3189 3271//3271 3233//3233
f 3271//3271 3189//3189 3231//3231
f 3232//3232 3190//3190 3272//3272
f 3234//3234 3272//3272 3190//3190
f 3235//3235 3273//3273 3236//3236
f 3273//3273 3235//3235 3274//3274
f 3275//3275 3238//3238 3276//3276
f 3237//3237 3276//3276 3238//3238
f 3277//3277 3240//3240 3278//3278
f 3240//3240 3277//3277 3239//3239
f 3241//3241 3279//3279 3242//3242
f 3280//3280 3242//3242 3279//3279
f 3281//3281 3203//3203 3243//3243
f 3203//3203 3281//3281 3245//3245
f 3246//3246 3282//3282 3204//3204
f 3244//3244 3204//3204 3282//3282
f 3283//3283 3205//3205 3245//3245
f 3205//3205 3283//3283 3247//3247
f 3248//3248 3284//3284 3206//3206
f 3246//3246 3206//3206 3284//3284
f 3247//3247 3249//3249 3207//3207
f 3249//3249 3247//3247 3285//3285
f 3286//3286 3248//3248 3250//3250
f 3208//3208 3250//3250 3248//3248
f 3251//3251 3249//3249 3287//3287
f 3249//3249 3251//3251 3209//3209
f 3210//3210 3252//3252 3250//3250
f 3288//3288 3250//3250 3252//3252
f 3289//3289 3211//3211 3251//3251
f 3211//3211 3289//3289 3253//3253
f 3254//3254 3290//3290 3212//3212
f 3252//3252 3212//3212 3290//3290
f 3291//3291 3213//3213 3253//3253
f 3213//3213 3291//3291 3255//3255
f 3256//3256 3292//3292 3214//3214
f 3254//3254 3214//3214 3292//3292
f 3255//3255 3257//3257 3215//3215
f 3257//3257 3255//3255 3293//3293
f 3294//3294 3256//3256 3258//3258
f 3216//3216 3258//3258 3256//3256
f 3259//3259 3257//3257 3293//3293
f 3257//3257 3259//3259 3219//3219
f 3220//3220 3260//3260 3258//3258
f 3294//3294 3258//3258 3260//3260
f 3295//3295 3221//3221 3259//3259
f 3221//3221 3295//3295 3261//3261
f 3262//3262 3296//3296 3222//3222
f 3260//3260 3222//3222 3296//3296
f 3297//3297 3223//3223 3261//3261
f 3223//3223 3297//3297 3263//3263
f 3264//3264 3298//3298 3224//3224
f 3262//3262 3224//3224 3298//3298
f 3225//3225 3299//3299 3265//3265
f 3299//3299 3225//3225 3263//3263
f 3264//3264 3226//3226 3300//3300
f 3266//3266 3300//3300 3226//3226
f 3265//3265 3267//3267 3227//3227
f 3267//3267 3265//3265 3301//3301
f 3302//3302 3266//3266 3268//3268
f 3228//3228 3268//3268 3266//3266
f 3267//3267 3269//3269 3229//3229
f 3269//3269 3267//3267 3303//3303
f 3304//3304 3268//3268 3270//3270
f 3230//3230 3270//3270 3268//3268
f 3231//3231 3305//3305 3271//3271
f 3305//3305 3231//3231 3269//3269
f 3270//3270 3232//3232 3306//3306
f 3272//3272 3306//3306 3232//3232
f 3274//3274 3307//3307 3273//3273
f 3307//3307 3274//3274 3308//3308
f 3309//3309 3275//3275 3310//3310
f 3276//3276 3310//3310 3275//3275
f 3311//3311 3278//3278 3312//3312
f 3278//3278 3311//3311 3277//3277
f 3279//3279 3313//3313 3280//3280
f 3314//3314 3280//3280 3313//3313
f 3315//3315 3245//3245 3281//3281
f 3245//3245 3315//3315 3283//3283
f 3284//3284 3316//3316 3246//3246
f 3282//3282 3246//3246 3316//3316
f 3283//3283 3285//3285 3247//3247
f 3285//3285 3283//3283 3317//3317
f 3318//3318 3284//3284 3286//3286
f 3248//3248 3286//3286 3284//3284
f 3285//3285 3287//3287 3249//3249
f 3287//3287 3285//3285 3319//3319
f 3320//3320 3286//3286 3288//3288
f 3250//3250 3288//3288 3286//3286
f 3321//3321 3251//3251 3287//3287
f 3251//3251 3321//3321 3289//3289
f 3290//3290 3322//3322 3252//3252
f 3288//3288 3252//3252 3322//3322
f 3323//3323 3253//3253 3289//3289
f 3253//3253 3323//3323 3291//3291
f 3292//3292 3324//3324 3254//3254
f 3290//3290 3254//3254 3324//3324
f 3325//3325 3255//3255 3291//3291
f 3255//3255 3325//3325 3293//3293
f 3294//3294 3326//3326 3256//3256
f 3292//3292 3256//3256 3326//3326
f 3295//3295 3293//3293 3325//3325
f 3293//3293 3295//3295 3259//3259
f 3260//3260 3296//3296 3294//3294
f 3326//3326 3294//3294 3296//3296
f 3327//3327 3261//3261 3295//3295
f 3261//3261 3327//3327 3297//3297
f 3298//3298 3328//3328 3262//3262
f 3296//3296 3262//3262 3328//3328
f 3329//3329 3263//3263 3297//3297
f 3263//3263 3329//3329 3299//3299
f 3300//3300 3330//3330 3264//3264
f 3298//3298 3264//3264 3330//3330
f 3299//3299 3301//3301 3265//3265
f 3301//3301 3299//3299 3331//3331
f 3332//3332 3300//3300 3302//3302
f 3266//3266 3302//3302 3300//3300
f 3301//3301 3303//3303 3267//3267
f 3303//3303 3301//3301 3333//3333
f 3334//3334 3302//3302 3304//3304
f 3268//3268 3304//3304 3302//3302
f 3303//3303 3305//3305 3269//3269
f 3305//3305 3303//3303 3335//3335
f 3336//3336 3304//3304 3306//3306
f 3270//3270 3306//3306 3304//3304
f 3308//3308 3337//3337 3307//3307
f 3337//3337 3308//3308 3338//3338
f 3339//3339 3309//3309 3340//3340
f 3310//3310 3340//3340 3309//3309
f 3341//3341 3312//3312 3342//3342
f 3312//3312 3341//3341 3311//3311
f 3313//3313 3343//3343 3314//3314
f 3344//3344 3314//3314 3343//3343
f 3315//3315 3317//3317 3283//3283
f 3317//3317 3315//3315 3345//3345
f 3346//3346 3316//3316 3318//3318
f 3284//3284 3318//3318 3316//3316
f 3317//3317 3319//3319 3285//3285
f 3319//3319 3317//3317 3347//3347
f 3348//3348 3318//3318 3320//3320
f 3286//3286 3320//3320 3318//3318
f 3319//3319 3321//3321 3287//3287
f 3321//3321 3319//3319 3349//3349
f 3350//3350 3320//3320 3322//3322
f 3288//3288 3322//3322 3320//3320
f 3351//3351 3289//3289 3321//3321
f 3289//3289 3351//3351 3323//3323
f 3324//3324 3352//3352 3290//3290
f 3322//3322 3290//3290 3352//3352
f 3353//3353 3291//3291 3323//3323
f 3291//3291 3353//3353 3325//3325
f 3326//3326 3354//3354 3292//3292
f 3324//3324 3292//3292 3354//3354
f 3327//3327 3325//3325 3353//3353
f 3325//3325 3327//3327 3295//3295
f 3296//3296 3328//3328 3326//3326
f 3354//3354 3326//3326 3328//3328
f 3355//3355 3297//3297 3327//3327
f 3297//3297 3355//3355 3329//3329
f 3330//3330 3356//3356 3298//3298
f 3328//3328 3298//3298 3356//3356
f 3329//3329 3331//3331 3299//3299
f 3331//3331 3329//3329 3357//3357
f 3358//3358 3330//3330 3332//3332
f 3300//3300 3332//3332 3330//3330
f 3331//3331 3333//3333 3301//3301
f 3333//3333 3331//3331 3359//3359
f 3360//3360 3332//3332 3334//3334
f 3302//3302 3334//3334 3332//3332
f 3333//3333 3335//3335 3303//3303
f 3335//3335 3333//3333 3361//3361
f 3362//3362 3334//3334 3336//3336
f 3304//3304 3336//3336 3334//3334
f 3338//3338 3363//3363 3337//3337
f 3363//3363 3338//3338 3364//3364
f 3365//3365 3339//3339 3366//3366
f 3340//3340 3366//3366 3339//3339
f 3367//3367 3342//3342 3368//3368
f 3342//3342 3367//3367 3341//3341
f 3343//3343 3369//3369 3344//3344
f 3370//3370 3344//3344 3369//3369
f 3345//3345 3347//3347 3317//3317
f 3347//3347 3345//3345 3371//3371
f 3372//3372 3346//3346 3348//3348
f 3318//3318 3348//3348 3346//3346
f 3347//3347 3349//3349 3319//3319
f 3349//3349 3347//3347 3373//3373
f 3374//3374 3348//3348 3350//3350
f 3320//3320 3350//3350 3348//3348
f 3349//3349 3351//3351 3321//3321
f 3351//3351 3349//3349 3375//3375
f 3376//3376 3350//3350 3352//3352
f 3322//3322 3352//3352 3350//3350
f 3377//3377 3323//3323 3351//3351
f 3323//3323 3377//3377 3353//3353
f 3354//3354 3378//3378 3324//3324
f 3352//3352 3324//3324 3378//3378
f 3355//3355 3353//3353 3377//3377
f 3353//3353 3355//3355 3327//3327
f 3328//3328 3356//3356 3354//3354
f 3378//3378 3354//3354 3356//3356
f 3355//3355 3357//3357 3329//3329
f 3357//3357 3355//3355 3379//3379
f 3380//3380 3356//3356 3358//3358
f 3330//3330 3358//3358 3356//3356
f 3357//3357 3359//3359 3331//3331
f 3359//3359 3357//3357 3381//3381
f 3382//3382 3358//3358 3360//3360
f 3332//3332 3360//3360 3358//3358
f 3359//3359 3361//3361 3333//3333
f 3361//3361 3359//3359 3383//3383
f 3384//3384 3360//3360 3362//3362
f 3334//3334 3362//3362 3360//3360
f 3364//3364 3385//3385 3363//3363
f 3385//3385 3364//3364 3386//3386
f 3387//3387 3365//3365 3388//3388
f 3366//3366 3388//3388 3365//3365
f 3389//3389 3368//3368 3390//3390
f 3368//3368 3389//3389 3367//3367
f 3369//3369 3391//3391 3370//3370
f 3392//3392 3370//3370 3391//3391
f 3371//3371 3373//3373 3347//3347
f 3373//3373 3371//3371 3393//3393
f 3394//3394 3372//3372 3374//3374
f 3348//3348 3374//3374 3372//3372
f 3373//3373 3375//3375 3349//3349
f 3375//3375 3373//3373 3395//3395
f 3396//3396 3374//3374 3376//3376
f 3350//3350 3376//3376 3374//3374
f 3375//3375 3377//3377 3351//3351
f 3377//3377 3375//3375 3397//3397
f 3398//3398 3376//3376 3378//3378
f 3352//3352 3378//3378 3376//3376
f 3377//3377 3379//3379 3355//3355
f 3379//3379 3377//3377 3397//3397
f 3398//3398 3378//3378 3380//3380
f 3356//3356 3380//3380 3378//3378
f 3379//3379 3381//3381 3357//3357
f 3381//3381 3379//3379 3399//3399
f 3400//3400 3380//3380 3382//3382
f 3358//3358 3382//3382 3380//3380
f 3381//3381 3383//3383 3359//3359
f 3383//3383 3381//3381 3401//3401
f 3402//3402 3382//3382 3384//3384
f 3360//3360 3384//3384 3382//3382
f 3386//3386 3403//3403 3385//3385
f 3403//3403 3386//3386 3404//3404
f 3405//3405 3387//3387 3406//3406
f 3388//3388 3406//3406 3387//3387
f 3407//3407 3389//3389 3390//3390
f 3389//3389 3407//3407 3408//3408
f 3409//3409 3410//3410 3391//3391
f 3392//3392 3391//3391 3410//3410
f 3393//3393 3395//3395 3373//3373
f 3395//3395 3393//3393 3411//3411
f 3412//3412 3394//3394 3396//3396
f 3374//3374 3396//3396 3394//3394
f 3395//3395 3397//3397 3375//3375
f 3397//3397 3395//3395 3413//3413
f 3414//3414 3396//3396 3398//3398
f 3376//3376 3398//3398 3396//3396
f 3397//3397 3399//3399 3379//3379
f 3399//3399 3397//3397 3413//3413
f 3414//3414 3398//3398 3400//3400
f 3380//3380 3400//3400 3398//3398
f 3399//3399 3401//3401 3381//3381
f 3401//3401 3399//3399 3415//3415
f 3416//3416 3400//3400 3402//3402
f 3382//3382 3402//3402 3400//3400
f 3403//3403 3417//3417 3418//3418
f 3417//3417 3403//3403 3404//3404
f 3405//3405 3406//3406 3419//3419
f 3420//3420 3419//3419 3406//3406
f 3421//3421 3408//3408 3407//3407
f 3408//3408 3421//3421 3422//3422
f 3423//3423 3424//3424 3409//3409
f 3410//3410 3409//3409 3424//3424
f 3411//3411 3413//3413 3395//3395
f 3413//3413 3411//3411 3425//3425
f 3426//3426 3412//3412 3414//3414
f 3396//3396 3414//3414 3412//3412
f 3413//3413 3415//3415 3399//3399
f 3415//3415 3413//3413 3425//3425
f 3426//3426 3414//3414 3416//3416
f 3400//3400 3416//3416 3414//3414
f 3418//3418 3427//3427 3428//3428
f 3427//3427 3418//3418 3417//3417
f 3419//3419 3420//3420 3429//3429
f 3430//3430 3429//3429 3420//3420
f 3431//3431 3422//3422 3421//3421
f 3422//3422 3431//3431 3432//3432
f 3433//3433 3434//3434 3423//3423
f 3424//3424 3423//3423 3434//3434
f 3428//3428 3432//3432 3431//3431
f 3432//3432 3428//3428 3427//3427
f 3429//3429 3430//3430 3433//3433
f 3434//3434 3433//3433 3430//3430
f 3435//3435 3436//3436 3437//3437
f 3436//3436 3435//3435 3438//3438
f 3436//3436 3438//3438 3439//3439
f 3439//3439 3438//3438 3440//3440
f 3439//3439 3440//3440 3441//3441
f 3441//3441 3440//3440 3442//3442
f 3441//3441 3442//3442 3443//3443
f 3443//3443 3442//3442 3444//3444
f 3443//3443 3444//3444 3445//3445
f 3445//3445 3444//3444 3446//3446
f 3445//3445 3446//3446 3447//3447
f 3447//3447 3446//3446 3448//3448
f 3447//3447 3448//3448 3449//3449
f 3449//3449 3448//3448 3450//3450
f 3450//3450 3448//3448 3451//3451
f 3450//3450 3451//3451 3452//3452
f 3452//3452 3451//3451 3453//3453
f 3452//3452 3453//3453 3454//3454
f 3454//3454 3453//3453 3455//3455
f 3454//3454 3455//3455 3456//3456
f 3456//3456 3455//3455 3457//3457
f 3456//3456 3457//3457 3458//3458
f 3459//3459 3460//3460 3461//3461
f 3460//3460 3462//3462 3461//3461
f 3461//3461 3462//3462 3463//3463
f 3462//3462 3464//3464 3463//3463
f 3463//3463 3464//3464 3465//3465
f 3464//3464 3466//3466 3465//3465
f 3465//3465 3466//3466 3467//3467
f 3466//3466 3468//3468 3467//3467
f 3467//3467 3468//3468 3469//3469
f 3469//3469 3468//3468 3470//3470
f 3468//3468 3471//3471 3470//3470
f 3470//3470 3471//3471 3472//3472
f 3471//3471 3473//3473 3472//3472
f 3472//3472 3473//3473 3474//3474
f 3473//3473 3475//3475 3474//3474
f 3474//3474 3475//3475 3476//3476
f 3475//3475 3477//3477 3476//3476
f 3476//3476 3477//3477 3478//3478
f 3477//3477 3479//3479 3478//3478
f 3478//3478 3479//3479 3480//3480
f 3479//3479 3481//3481 3480//3480
f 3482//3482 3480//3480 3481//3481
# 5586 faces, 0 coords texture

# End of File
