####
#
# OBJ File Generated by Meshlab
#
####
# Object cup_0094.obj
#
# Vertices: 1753
# Faces: 3440
#
####
vn 3.0848777 -5.3434033 0.4011690
v 19989.0000000 6085.8100586 6968.3999023
vn 1.5900625 -5.9343753 -0.5133811
v 19089.9003906 5713.3798828 0.0000000
vn 3.0717280 -5.3210659 -0.5121123
v 19989.0000000 6085.8100586 0.0000000
vn 1.5967709 -5.9596167 0.4017599
v 19089.9003906 5713.3798828 6968.3999023
vn 2.9559650 -5.1192904 1.5658234
v 19982.5996094 6097.0200195 7066.7099609
vn 1.5301636 -5.7097235 1.5668195
v 19086.5996094 5725.8798828 7066.7099609
vn 2.6629658 -4.6124525 3.0377879
v 19963.5996094 6129.8798828 7158.3100586
vn 1.3782023 -5.1446843 3.0379844
v 19076.6992188 5762.5400391 7158.3100586
vn 2.1923296 -3.7975054 4.3189092
v 19933.4003906 6182.1499023 7236.9702148
vn 1.1349655 -4.2358418 4.3184762
v 19061.0996094 5820.8398438 7236.9702148
vn 1.5704212 -2.7198758 5.3240690
v 19894.0996094 6250.2797852 7297.3300781
vn 0.8130100 -3.0337515 5.3239765
v 19040.8007812 5896.8198242 7297.3300781
vn 0.8346756 -1.4456718 5.9788446
v 19848.3007812 6329.6098633 7335.2700195
vn 0.4320835 -1.6124753 5.9788241
v 19017.0996094 5985.2998047 7335.2700195
vn 0.0337870 -0.0585608 6.2284484
v 19799.0996094 6414.7402344 7348.2202148
vn 0.0174966 -0.0653415 6.2284498
v 18991.5996094 6080.2597656 7348.2202148
vn -0.7762769 1.3444723 6.0472121
v 19750.0000000 6499.8798828 7335.2700195
vn -0.4018161 1.4993163 6.0473032
v 18966.1992188 6175.2099609 7335.2700195
vn -1.5365413 2.6613445 5.4425497
v 19704.1992188 6579.2099609 7297.3300781
vn -0.7952749 2.9687848 5.4422078
v 18942.4003906 6263.6899414 7297.3300781
vn -2.1926370 3.7983627 4.4540095
v 19664.8007812 6647.3300781 7236.9702148
vn -1.1352042 4.2364326 4.4541154
v 18922.0996094 6339.6699219 7236.9702148
vn -2.6974311 4.6714954 3.1534910
v 19634.6992188 6699.6000977 7158.3100586
vn -1.3960550 5.2102118 3.1538925
v 18906.5000000 6397.9799805 7158.3100586
vn -3.0138695 5.2200980 1.6344290
v 19615.6992188 6732.4599609 7066.7099609
vn -1.5602931 5.8224230 1.6338074
v 18896.6992188 6434.6298828 7066.7099609
vn -3.1182640 5.4012127 0.4115124
v 19609.1992188 6743.6699219 6968.3999023
vn -1.6140686 6.0242329 0.4113552
v 18893.3007812 6447.1298828 6968.3999023
vn -3.1029599 5.3745813 0.2025859
v 19609.1992188 6743.6699219 689.1779785
vn -1.6061693 5.9946094 0.2021030
v 18893.3007812 6447.1298828 689.1779785
vn -3.0655892 5.3102899 0.8019294
v 19607.1992188 6747.1201172 628.3300171
vn -1.5871269 5.9223051 0.8024995
v 18892.3007812 6450.9799805 628.3300171
vn -2.9895623 5.1776114 1.5919414
v 19601.3007812 6757.4301758 568.5219727
vn -1.5472136 5.7745900 1.5938253
v 18889.1992188 6462.4702148 568.5219727
vn -2.8630190 4.9588203 2.3581991
v 19591.5000000 6774.3999023 510.7799988
vn -1.4818559 5.5308638 2.3587940
v 18884.0996094 6481.4101562 510.7799988
vn -2.6888368 4.6575637 3.0853033
v 19578.0000000 6797.7597656 456.0889893
vn -1.3916585 5.1950078 3.0849729
v 18877.0996094 6507.4599609 456.0889893
vn -2.4689667 4.2757034 3.7639203
v 19561.0996094 6827.1000977 405.3869934
vn -1.2784480 4.7702017 3.7626770
v 18868.4003906 6540.1801758 405.3869934
vn -2.2062864 3.8220489 4.3815203
v 19540.9003906 6861.9199219 359.5400085
vn -1.1425165 4.2633481 4.3803945
v 18858.0000000 6579.0200195 359.5400085
vn -1.9069822 3.3029287 4.9245052
v 19518.0000000 6901.6201172 319.3340149
vn -0.9866886 3.6830056 4.9253073
v 18846.0996094 6623.2998047 319.3340149
vn -1.5725207 2.7233281 5.3880978
v 19492.6992188 6945.5297852 285.4559937
vn -0.8140123 3.0374656 5.3883071
v 18833.0000000 6672.2797852 285.4559937
vn -1.2095294 2.0952144 5.7611222
v 19465.3007812 6992.8999023 258.4859924
vn -0.6262231 2.3376422 5.7607293
v 18818.8007812 6725.1000977 258.4859924
vn -0.8255935 1.4302409 6.0351486
v 19436.4003906 7042.8999023 238.8849945
vn -0.4274718 1.5949612 6.0351191
v 18803.9003906 6780.8798828 238.8849945
vn -0.4258860 0.7373983 6.2059150
v 19406.5996094 7094.7001953 226.9880066
vn -0.2202566 0.8220731 6.2060308
v 18788.4003906 6838.6499023 226.9880066
vn -0.1111902 0.1926339 6.2752194
v 19376.0996094 7147.3901367 223.0000000
vn -0.0575700 0.2149268 6.2752132
v 18772.5996094 6897.4199219 223.0000000
vn -0.2223598 0.0000002 6.2752256
v 20627.1992188 9314.3496094 223.0000000
vn 0.0000000 0.2225300 6.2752113
v 18125.0000000 6812.1601562 223.0000000
vn 0.0576282 0.2150071 6.2752066
v 17477.4003906 6897.4199219 223.0000000
vn 0.1113067 0.1927759 6.2752056
v 16873.9003906 7147.3901367 223.0000000
vn 0.1574101 0.1573879 6.2752066
v 16355.7001953 7545.0400391 223.0000000
vn 0.1927007 0.1112581 6.2752123
v 15958.0996094 8063.2597656 223.0000000
vn 0.2148638 0.0575908 6.2752171
v 15708.0996094 8666.7402344 223.0000000
vn 0.2227061 0.0000003 6.2751989
v 15622.7998047 9314.3496094 223.0000000
vn 0.2148637 -0.0575889 6.2752180
v 15708.0996094 9961.9697266 223.0000000
vn 0.1927458 -0.1112928 6.2752090
v 15958.0996094 10565.5000000 223.0000000
vn 0.1574569 -0.1574508 6.2752008
v 16355.7001953 11083.7001953 223.0000000
vn 0.1112885 -0.1927394 6.2752094
v 16873.9003906 11481.2998047 223.0000000
vn 0.0576033 -0.2149120 6.2752137
v 17477.4003906 11731.2998047 223.0000000
vn -0.0000000 -0.2223353 6.2752252
v 18125.0000000 11816.5000000 223.0000000
vn -0.0575451 -0.2148319 6.2752199
v 18772.5996094 11731.2998047 223.0000000
vn -0.1111720 -0.1925974 6.2752223
v 19376.0996094 11481.2998047 223.0000000
vn -0.1572427 -0.1572917 6.2752209
v 19894.3007812 11083.7001953 223.0000000
vn -0.1927453 -0.1112932 6.2752080
v 20292.0000000 10565.5000000 223.0000000
vn -0.2152178 -0.0576385 6.2751927
v 20542.0000000 9961.9697266 223.0000000
vn -0.8220319 -0.2202806 6.2060781
v 20600.6992188 9977.7197266 226.9880066
vn -0.8510737 0.0000009 6.2060061
v 20688.0996094 9314.3496094 226.9880066
vn -0.8220314 0.2202868 6.2060766
v 20600.6992188 8650.9902344 226.9880066
vn -0.2152178 0.0576404 6.2751923
v 20542.0000000 8666.7402344 223.0000000
vn -0.1927003 0.1112585 6.2752118
v 20292.0000000 8063.2597656 223.0000000
vn -0.1571959 0.1572289 6.2752261
v 19894.3007812 7545.0400391 223.0000000
vn -0.6017025 0.6017314 6.2060337
v 19937.4003906 7502.0097656 226.9880066
vn -1.1677728 1.1677511 6.0350361
v 19979.6992188 7459.7202148 238.8849945
vn -1.7111297 1.7112436 5.7608213
v 20020.5000000 7418.8901367 258.4859924
vn -2.2242591 2.2239404 5.3877091
v 20059.1992188 7380.2202148 285.4559937
vn -2.6969099 2.6969769 4.9244547
v 20095.0000000 7344.3701172 319.3340149
vn -3.1202025 3.1207178 4.3816767
v 20127.4003906 7311.9501953 359.5400085
vn -3.4917111 3.4912953 3.7632797
v 20155.9003906 7283.5200195 405.3869934
vn -3.8028820 3.8031244 3.0852084
v 20179.8007812 7259.5600586 456.0889893
vn -4.0484242 4.0485134 2.3601060
v 20198.9003906 7240.4902344 510.7799988
vn -4.2271595 4.2270951 1.5936787
v 20212.8007812 7226.6298828 568.5219727
vn -4.3355913 4.3356447 0.8015561
v 20221.1992188 7218.2202148 628.3300171
vn -4.3883214 4.3883705 0.2019340
v 20224.0000000 7215.3999023 689.1779785
vn -4.4101748 4.4099660 0.4099215
v 20224.0000000 7215.3999023 6968.3999023
vn -4.2621255 4.2623186 1.6338495
v 20233.0996094 7206.2500000 7066.7099609
vn -3.8135777 3.8135171 3.1554770
v 20260.0000000 7179.4199219 7158.3100586
vn -3.1011186 3.1011333 4.4543772
v 20302.6992188 7136.7402344 7236.9702148
vn -2.1739140 2.1737778 5.4418306
v 20358.3007812 7081.1201172 7297.3300781
vn -1.0978165 1.0979097 6.0470762
v 20423.0000000 7016.3398438 7335.2700195
vn 0.0481430 -0.0481224 6.2284641
v 20492.5996094 6946.8300781 7348.2202148
vn 1.1809053 -1.1807567 5.9785924
v 20562.0996094 6877.3198242 7335.2700195
vn 2.2203135 -2.2205715 5.3247375
v 20626.8007812 6812.5400391 7297.3300781
vn 3.1007383 -3.1004813 4.3181438
v 20682.5000000 6756.9199219 7236.9702148
vn 3.7663877 -3.7667022 3.0376418
v 20725.0996094 6714.2402344 7158.3100586
vn 4.1798048 -4.1796026 1.5666175
v 20752.0000000 6687.4101562 7066.7099609
vn 4.3626847 -4.3630157 0.4010523
v 20761.0996094 6678.2597656 6968.3999023
vn 4.3444304 -4.3448248 -0.5114245
v 20761.0996094 6678.2597656 0.0000000
vn 3.0202219 -5.2294416 -1.3735309
v 19986.9003906 6089.5200195 -25.2157993
vn 4.2710114 -4.2712188 -1.3694437
v 20758.0996094 6681.2797852 -25.2157993
vn 2.9250770 -5.0674448 -2.0455229
v 19983.3007812 6095.6601562 -49.7883987
vn 4.1365757 -4.1359229 -2.0462303
v 20753.0996094 6686.2998047 -49.7883987
vn 2.7949443 -4.8411026 -2.6890330
v 19978.4003906 6104.1601562 -73.4040985
vn 3.9532437 -3.9545224 -2.6889701
v 20746.0996094 6693.2402344 -73.4040985
vn 2.6292942 -4.5543470 -3.3029118
v 19972.1992188 6114.9199219 -95.7613983
vn 3.7173939 -3.7160707 -3.3034036
v 20737.4003906 6702.0200195 -95.7613983
vn 2.4297071 -4.2075462 -3.8785872
v 19964.8007812 6127.7900391 -116.5749969
vn 3.4356403 -3.4368615 -3.8807995
v 20726.8007812 6712.5400391 -116.5749969
vn 3.1116993 -3.1104562 -4.4027243
v 20714.8007812 6724.6401367 -135.5789948
vn 2.1985991 -3.8096702 -4.4063115
v 19956.1992188 6142.6098633 -135.5789948
vn 1.1373843 -4.2480073 -4.4072061
v 19072.9003906 5776.7402344 -135.5789948
vn 1.2582678 -4.6926041 -3.8788550
v 19077.4003906 5760.2001953 -116.5749969
vn 1.3608849 -5.0796452 -3.3029909
v 19081.1992188 5745.8500977 -95.7613983
vn 1.4459502 -5.3986540 -2.6921647
v 19084.4003906 5733.8500977 -73.4040985
vn 1.5150497 -5.6508942 -2.0442197
v 19087.0000000 5724.3598633 -49.7883987
vn 1.5630828 -5.8344345 -1.3711846
v 19088.8007812 5717.5097656 -25.2157993
vn -0.0000281 -6.0398302 -1.3727276
v 18125.0000000 5590.6298828 -25.2157993
vn -0.0000338 -6.1435347 -0.5140656
v 18125.0000000 5586.3500977 0.0000000
vn -0.0000627 -6.1696873 0.4023952
v 18125.0000000 5586.3500977 6968.3999023
vn -0.0000322 -5.9115877 1.5666823
v 18125.0000000 5599.2998047 7066.7099609
vn 0.0000080 -5.3262410 3.0372066
v 18125.0000000 5637.2402344 7158.3100586
vn -0.0000197 -4.3849235 4.3188100
v 18125.0000000 5697.6000977 7236.9702148
vn -0.0000178 -3.1404667 5.3242202
v 18125.0000000 5776.2597656 7297.3300781
vn -0.0000083 -1.6693103 5.9788809
v 18125.0000000 5867.8701172 7335.2700195
vn -0.0000064 -0.0677919 6.2284393
v 18125.0000000 5966.1699219 7348.2202148
vn 0.0000028 1.5523241 6.0472541
v 18125.0000000 6064.4702148 7335.2700195
vn 0.0000052 3.0734403 5.4422655
v 18125.0000000 6156.0800781 7297.3300781
vn 0.0000216 4.3856592 4.4543138
v 18125.0000000 6234.7402344 7236.9702148
vn 0.0000383 5.3939953 3.1539197
v 18125.0000000 6295.1000977 7158.3100586
vn 0.0000371 6.0279288 1.6334720
v 18125.0000000 6333.0400391 7066.7099609
vn 0.0000394 6.2367330 0.4109422
v 18125.0000000 6345.9799805 6968.3999023
vn 0.0000688 6.2059617 0.2027044
v 18125.0000000 6345.9799805 689.1779785
vn 0.0000710 6.1313233 0.8030718
v 18125.0000000 6349.9702148 628.3300171
vn 0.0000342 5.9785361 1.5931561
v 18125.0000000 6361.8701172 568.5219727
vn 0.0000008 5.7261872 2.3579419
v 18125.0000000 6381.4702148 510.7799988
vn 0.0000180 5.3776903 3.0854998
v 18125.0000000 6408.4399414 456.0889893
vn 0.0000467 4.9380341 3.7635822
v 18125.0000000 6442.3198242 405.3869934
vn 0.0000477 4.4139934 4.3802733
v 18125.0000000 6482.5297852 359.5400085
vn 0.0000436 3.8131800 4.9250302
v 18125.0000000 6528.3701172 319.3340149
vn 0.0000106 3.1446278 5.3883014
v 18125.0000000 6579.0698242 285.4559937
vn -0.0000029 2.4199097 5.7608066
v 18125.0000000 6633.7700195 258.4859924
vn 0.0000212 1.6512764 6.0351315
v 18125.0000000 6691.5097656 238.8849945
vn 0.0000123 0.8512325 6.2059984
v 18125.0000000 6751.3100586 226.9880066
vn 0.2202593 0.8221552 6.2060251
v 17461.6992188 6838.6499023 226.9880066
vn 0.4255933 0.7371457 6.2060184
v 16843.5000000 7094.7001953 226.9880066
vn 0.6018494 0.6018456 6.2060251
v 16312.7001953 7502.0097656 226.9880066
vn 0.7370566 0.4255711 6.2060270
v 15905.4003906 8032.8300781 226.9880066
vn 0.8218008 0.2202376 6.2060800
v 15649.2998047 8650.9902344 226.9880066
vn 0.8513582 0.0000009 6.2059965
v 15562.0000000 9314.3496094 226.9880066
vn 0.8218014 -0.2202315 6.2060800
v 15649.2998047 9977.7197266 226.9880066
vn 0.7371022 -0.4255892 6.2060232
v 15905.4003906 10595.9003906 226.9880066
vn 0.6018389 -0.6018428 6.2060390
v 16312.7001953 11126.7001953 226.9880066
vn 0.4255763 -0.7371420 6.2060165
v 16843.5000000 11534.0000000 226.9880066
vn 0.2204379 -0.8227555 6.2058735
v 17461.6992188 11790.0996094 226.9880066
vn 0.0000071 -0.8510753 6.2060118
v 18125.0000000 11877.4003906 226.9880066
vn -0.2204309 -0.8226776 6.2058783
v 18788.4003906 11790.0996094 226.9880066
vn -0.4258690 -0.7373947 6.2059131
v 19406.5996094 11534.0000000 226.9880066
vn -0.6016916 -0.6017281 6.2060447
v 19937.4003906 11126.7001953 226.9880066
vn -0.7371508 -0.4255581 6.2060180
v 20344.6992188 10595.9003906 226.9880066
vn -1.4298499 -0.8254489 6.0352087
v 20396.5000000 10625.7998047 238.8849945
vn -1.5944071 -0.4273175 6.0353012
v 20658.5000000 9993.2001953 238.8849945
vn -1.6519068 -0.0000025 6.0348940
v 20747.9003906 9314.3496094 238.8849945
vn -1.5942591 0.4272448 6.0353570
v 20658.5000000 8635.5097656 238.8849945
vn -1.4300435 0.8255802 6.0351229
v 20396.5000000 8002.9301758 238.8849945
vn -0.7371051 0.4255400 6.2060204
v 20344.6992188 8032.8300781 226.9880066
vn -2.0969262 1.2104869 5.7600951
v 20446.5000000 7974.0600586 258.4859924
vn -2.7225459 1.5721550 5.3892221
v 20493.8007812 7946.7099609 285.4559937
vn -3.3007436 1.9057417 4.9260883
v 20537.8007812 7921.3598633 319.3340149
vn -3.8230588 2.2072034 4.3796120
v 20577.5000000 7898.4399414 359.5400085
vn -4.2776985 2.4695609 3.7616248
v 20612.3007812 7878.3398438 405.3869934
vn -4.6573272 2.6890280 3.0861290
v 20641.5996094 7861.3999023 456.0889893
vn -4.9580717 2.8624287 2.3604946
v 20665.0000000 7847.9101562 510.7799988
vn -5.1773162 2.9888496 1.5939193
v 20682.0000000 7838.1098633 568.5219727
vn -5.3099890 3.0654387 0.8001949
v 20692.3007812 7832.1601562 628.3300171
vn -5.3748879 3.1030982 0.2001390
v 20695.6992188 7830.1699219 689.1779785
vn -5.4012146 3.1183171 0.4109165
v 20695.6992188 7830.1699219 6968.3999023
vn -5.2200356 3.0139482 1.6342593
v 20706.9003906 7823.7001953 7066.7099609
vn -4.6707115 2.6964734 3.1553590
v 20739.8007812 7804.7299805 7158.3100586
vn -3.7981496 2.1926229 4.4544601
v 20792.0996094 7774.5498047 7236.9702148
vn -2.6622362 1.5369785 5.4419203
v 20860.1992188 7735.2202148 7297.3300781
vn -1.3446724 0.7763662 6.0471315
v 20939.5000000 7689.4101562 7335.2700195
vn 0.0583610 -0.0337164 6.2284651
v 21024.5996094 7640.2597656 7348.2202148
vn 1.4458542 -0.8347427 5.9787068
v 21109.8007812 7591.1098633 7335.2700195
vn 2.7202532 -1.5705204 5.3238792
v 21189.0996094 7545.3100586 7297.3300781
vn 3.7974811 -2.1923594 4.3191309
v 21257.1992188 7505.9799805 7236.9702148
vn 4.6121035 -2.6626983 3.0386264
v 21309.5000000 7475.7998047 7158.3100586
vn 5.1192303 -2.9554346 1.5672797
v 21342.4003906 7456.8300781 7066.7099609
vn 5.3431377 -3.0848813 0.4020388
v 21353.5996094 7450.3500977 6968.3999023
vn 5.3205552 -3.0718834 -0.5133450
v 21353.5996094 7450.3500977 0.0000000
vn 5.2289710 -3.0185564 -1.3778086
v 21349.9003906 7452.4902344 -25.2157993
vn 5.0662436 -2.9252987 -2.0493219
v 21343.6992188 7456.0400391 -49.7883987
vn 4.8431377 -2.7964284 -2.6853857
v 21335.1992188 7460.9501953 -73.4040985
vn 4.5541759 -2.6288309 -3.3012257
v 21324.5000000 7467.1601562 -95.7613983
vn 4.2077198 -2.4296446 -3.8798733
v 21311.5996094 7474.5898438 -116.5749969
vn 3.8090880 -2.1990588 -4.4054232
v 21296.8007812 7483.1499023 -135.5789948
vn 3.3605995 -1.9404285 -4.8792491
v 21280.1992188 7492.7202148 -152.5310059
vn 2.7413998 -2.7420735 -4.8819122
v 20701.1992188 6738.1801758 -152.5310059
vn 1.9411695 -3.3607829 -4.8779011
v 19946.6992188 6159.2001953 -152.5310059
vn 1.0048298 -3.7488146 -4.8781195
v 19068.0000000 5795.2299805 -152.5310059
vn -0.0000419 -4.3981895 -4.4059048
v 18125.0000000 5651.9399414 -135.5789948
vn -0.0000272 -3.8797379 -4.8795033
v 18125.0000000 5671.0898438 -152.5310059
vn -1.0037016 -3.7474909 -4.8796864
v 17182.0996094 5795.2299805 -152.5310059
vn -1.1386902 -4.2476521 -4.4064965
v 17177.0996094 5776.7402344 -135.5789948
vn -0.0000149 -4.8588796 -3.8792710
v 18125.0000000 5634.8300781 -116.5749969
vn -1.2568471 -4.6931639 -3.8795984
v 17172.6992188 5760.2001953 -116.5749969
vn 0.0000059 -5.2572341 -3.3048921
v 18125.0000000 5619.9599609 -95.7613983
vn -1.3612046 -5.0779700 -3.3048794
v 17168.8007812 5745.8500977 -95.7613983
vn -0.0000216 -5.5896282 -2.6900361
v 18125.0000000 5607.5400391 -73.4040985
vn -1.4470789 -5.3993030 -2.6893430
v 17165.5996094 5733.8500977 -73.4040985
vn -0.0000334 -5.8512859 -2.0431573
v 18125.0000000 5597.7202148 -49.7883987
vn -1.5145721 -5.6523666 -2.0416389
v 17163.0996094 5724.3598633 -49.7883987
vn -1.5630895 -5.8344617 -1.3711975
v 17161.3007812 5717.5097656 -25.2157993
vn -1.5900594 -5.9343781 -0.5134685
v 17160.1992188 5713.3798828 0.0000000
vn -1.5966865 -5.9596610 0.4017824
v 17160.1992188 5713.3798828 6968.3999023
vn -1.5300575 -5.7100883 1.5662061
v 17163.5000000 5725.8798828 7066.7099609
vn -1.3786010 -5.1448083 3.0372579
v 17173.3007812 5762.5400391 7158.3100586
vn -1.1350222 -4.2354355 4.3187242
v 17188.9003906 5820.8398438 7236.9702148
vn -0.8127403 -3.0334156 5.3243246
v 17209.3007812 5896.8198242 7297.3300781
vn -0.4320967 -1.6124747 5.9788256
v 17233.0000000 5985.2998047 7335.2700195
vn -0.0174805 -0.0653375 6.2284498
v 17258.5000000 6080.2597656 7348.2202148
vn 0.4018384 1.4995749 6.0472050
v 17283.9003906 6175.2099609 7335.2700195
vn 0.7955217 2.9686821 5.4423084
v 17307.5996094 6263.6899414 7297.3300781
vn 1.1348927 4.2360950 4.4544692
v 17328.0000000 6339.6699219 7236.9702148
vn 1.3960671 5.2102184 3.1538825
v 17343.5996094 6397.9799805 7158.3100586
vn 1.5603346 5.8224072 1.6338413
v 17353.4003906 6434.6298828 7066.7099609
vn 1.6140605 6.0242519 0.4113249
v 17356.8007812 6447.1298828 6968.3999023
vn 1.6060399 5.9946809 0.2020981
v 17356.8007812 6447.1298828 689.1779785
vn 1.5870228 5.9223661 0.8025131
v 17357.8007812 6450.9799805 628.3300171
vn 1.5470388 5.7751288 1.5927308
v 17360.9003906 6462.4702148 568.5219727
vn 1.4824574 5.5310030 2.3575656
v 17365.9003906 6481.4101562 510.7799988
vn 1.3918903 5.1942778 3.0857849
v 17372.9003906 6507.4599609 456.0889893
vn 1.2779520 4.7697959 3.7636232
v 17381.6992188 6540.1801758 405.3869934
vn 1.1424403 4.2633772 4.3804131
v 17392.0996094 6579.0200195 359.5400085
vn 0.9866467 3.6829991 4.9253335
v 17404.0000000 6623.2998047 319.3340149
vn 0.8140314 3.0379789 5.3880844
v 17417.0996094 6672.2797852 285.4559937
vn 0.6265903 2.3377328 5.7605472
v 17431.1992188 6725.1000977 258.4859924
vn 0.4271683 1.5945807 6.0352869
v 17446.1992188 6780.8798828 238.8849945
vn 0.8254592 1.4298134 6.0352216
v 16813.5996094 7042.8999023 238.8849945
vn 1.1678152 1.1676878 6.0350447
v 16270.4003906 7459.7202148 238.8849945
vn 1.4299744 0.8256741 6.0351367
v 15853.5996094 8002.9301758 238.8849945
vn 1.5958610 0.4275386 6.0347395
v 15591.5000000 8635.5097656 238.8849945
vn 1.6503757 -0.0000025 6.0354748
v 15502.2001953 9314.3496094 238.8849945
vn 1.5960087 -0.4276115 6.0346808
v 15591.5000000 9993.2001953 238.8849945
vn 1.4297805 -0.8255425 6.0352216
v 15853.5996094 10625.7998047 238.8849945
vn 1.1679806 -1.1679258 6.0349245
v 16270.4003906 11169.0000000 238.8849945
vn 0.8254347 -1.4298210 6.0352273
v 16813.5996094 11585.7998047 238.8849945
vn 0.4272535 -1.5948582 6.0352955
v 17446.1992188 11847.7998047 238.8849945
vn 0.0000657 -1.6519625 6.0348806
v 18125.0000000 11937.2001953 238.8849945
vn -0.4275924 -1.5951990 6.0351372
v 18803.9003906 11847.7998047 238.8849945
vn -0.8255689 -1.4302481 6.0351520
v 19436.4003906 11585.7998047 238.8849945
vn -1.1679380 -1.1679888 6.0349135
v 19979.6992188 11169.0000000 238.8849945
vn -1.7110329 -1.7111018 5.7609878
v 20020.5000000 11209.7998047 258.4859924
vn -2.0971444 -1.2107345 5.7598639
v 20446.5000000 10654.7001953 258.4859924
vn -2.3378611 -0.6262460 5.7605486
v 20714.3007812 10008.0996094 258.4859924
vn -2.4205127 -0.0000010 5.7606225
v 20805.5996094 9314.3496094 258.4859924
vn -2.3378792 0.6264080 5.7604780
v 20714.3007812 8620.5703125 258.4859924
vn -3.0374382 0.8138989 5.3885140
v 20767.0996094 8606.4101562 285.4559937
vn -3.6821599 0.9865389 4.9259453
v 20816.0996094 8593.2900391 319.3340149
vn -4.2639766 1.1425488 4.3794308
v 20860.4003906 8581.4199219 359.5400085
vn -4.7713246 1.2784517 3.7615805
v 20899.1992188 8571.0195312 405.3869934
vn -5.1942148 1.3917408 3.0868139
v 20931.9003906 8562.2500000 456.0889893
vn -5.5304375 1.4817443 2.3582444
v 20958.0000000 8555.2695312 510.7799988
vn -5.7753916 1.5474023 1.5921071
v 20976.9003906 8550.2001953 568.5219727
vn -5.9223742 1.5866967 0.8007602
v 20988.4003906 8547.1201172 628.3300171
vn -5.9948950 1.6064879 0.2001098
v 20992.1992188 8546.0800781 689.1779785
vn -6.0241337 1.6140417 0.4138812
v 20992.1992188 8546.0800781 6968.3999023
vn -5.8223500 1.5599194 1.6351588
v 21004.8007812 8542.7304688 7066.7099609
vn -5.2107897 1.3963078 3.1526895
v 21041.4003906 8532.9101562 7158.3100586
vn -4.2360334 1.1348987 4.4544935
v 21099.6992188 8517.2900391 7236.9702148
vn -2.9683180 0.7953256 5.4425287
v 21175.6992188 8496.9296875 7297.3300781
vn -1.4995137 0.4017896 6.0472727
v 21264.1992188 8473.2197266 7335.2700195
vn 0.0650998 -0.0174527 6.2284479
v 21359.0996094 8447.7802734 7348.2202148
vn 1.6121671 -0.4319809 5.9789438
v 21454.0996094 8422.3398438 7335.2700195
vn 3.0330653 -0.8127369 5.3244824
v 21542.5996094 8398.6298828 7297.3300781
vn 4.2365427 -1.1352618 4.3168287
v 21618.5996094 8378.2695312 7236.9702148
vn 5.1457233 -1.3789171 3.0369477
v 21676.8007812 8362.6503906 7158.3100586
vn 5.7096262 -1.5297221 1.5676210
v 21713.5000000 8352.8300781 7066.7099609
vn 5.9595723 -1.5966649 0.4021102
v 21726.0000000 8349.4804688 6968.3999023
vn 5.9352169 -1.5902283 -0.5100360
v 21726.0000000 8349.4804688 0.0000000
vn 5.8324127 -1.5626876 -1.3738923
v 21721.9003906 8350.5800781 -25.2157993
vn 5.6500678 -1.5140908 -2.0504901
v 21715.0000000 8352.4199219 -49.7883987
vn 5.3984442 -1.4465817 -2.6919696
v 21705.5000000 8354.9599609 -73.4040985
vn 5.0815334 -1.3615317 -3.3007855
v 21693.5000000 8358.1796875 -95.7613983
vn 4.6980820 -1.2589331 -3.8721323
v 21679.1992188 8362.0195312 -116.5749969
vn 4.2495518 -1.1386417 -4.4041672
v 21662.6992188 8366.4501953 -135.5789948
vn 3.7436335 -1.0029695 -4.8821588
v 21644.1992188 8371.4101562 -152.5310059
vn 3.1937540 -0.8558582 -5.2953386
v 21623.9003906 8376.8300781 -167.2149963
vn 2.8668854 -1.6549348 -5.2917414
v 21262.0996094 7503.1899414 -167.2149963
vn 2.3408422 -2.3407056 -5.2921824
v 20686.4003906 6752.9902344 -167.2149963
vn 1.6549934 -2.8671010 -5.2923431
v 19936.1992188 6177.3300781 -167.2149963
vn 0.8570041 -3.1966319 -5.2926078
v 19062.5996094 5815.4599609 -167.2149963
vn -0.0000145 -3.3102694 -5.2922649
v 18125.0000000 5692.0297852 -167.2149963
vn -0.8569939 -3.1979206 -5.2919993
v 17187.5000000 5815.4599609 -167.2149963
vn -1.6549726 -2.8671460 -5.2923322
v 16313.9003906 6177.3300781 -167.2149963
vn -1.9390373 -3.3584650 -4.8809719
v 16303.4003906 6159.2001953 -152.5310059
vn -2.1998153 -3.8090143 -4.4048362
v 16293.7998047 6142.6098633 -135.5789948
vn -2.4287486 -4.2084789 -3.8800395
v 16285.2998047 6127.7900391 -116.5749969
vn -2.6283731 -4.5513806 -3.3066044
v 16277.7998047 6114.9199219 -95.7613983
vn -2.7950296 -4.8411055 -2.6889043
v 16271.5996094 6104.1601562 -73.4040985
vn -2.9264660 -5.0680127 -2.0395856
v 16266.7001953 6095.6601562 -49.7883987
vn -3.0194259 -5.2315774 -1.3743169
v 16263.2001953 6089.5200195 -25.2157993
vn -3.0716152 -5.3194113 -0.5178961
v 16261.0000000 6085.8100586 0.0000000
vn -3.0848250 -5.3430500 0.4026315
v 16261.0000000 6085.8100586 6968.3999023
vn -2.9557002 -5.1193786 1.5673707
v 16267.5000000 6097.0200195 7066.7099609
vn -2.6630044 -4.6124544 3.0377984
v 16286.5000000 6129.8798828 7158.3100586
vn -2.1923964 -3.7975056 4.3189235
v 16316.7001953 6182.1499023 7236.9702148
vn -1.5703714 -2.7198491 5.3241129
v 16356.0000000 6250.2797852 7297.3300781
vn -0.8347460 -1.4458277 5.9788275
v 16401.8007812 6329.6098633 7335.2700195
vn -0.0340372 -0.0588994 6.2284374
v 16450.9003906 6414.7402344 7348.2202148
vn 0.7761073 1.3443118 6.0472445
v 16500.0996094 6499.8798828 7335.2700195
vn 1.5368860 2.6619782 5.4420481
v 16545.9003906 6579.2099609 7297.3300781
vn 2.1929853 3.7981455 4.4542460
v 16585.1992188 6647.3300781 7236.9702148
vn 2.6968627 4.6710386 3.1545138
v 16615.4003906 6699.6000977 7158.3100586
vn 3.0137234 5.2205300 1.6330194
v 16634.4003906 6732.4599609 7066.7099609
vn 3.1184402 5.4011602 0.4100227
v 16640.8007812 6743.6699219 6968.3999023
vn 3.1030469 5.3744621 0.2025825
v 16640.8007812 6743.6699219 689.1779785
vn 3.0656519 5.3094053 0.8042961
v 16642.8007812 6747.1201172 628.3300171
vn 2.9891303 5.1775761 1.5943420
v 16648.8007812 6757.4301758 568.5219727
vn 2.8630772 4.9588251 2.3581648
v 16658.5996094 6774.3999023 510.7799988
vn 2.6888630 4.6575937 3.0853000
v 16672.0996094 6797.7597656 456.0889893
vn 2.4693184 4.2769351 3.7626982
v 16689.0000000 6827.1000977 405.3869934
vn 2.2071161 3.8229609 4.3799257
v 16709.0996094 6861.9199219 359.5400085
vn 1.9064779 3.3019099 4.9251804
v 16732.0000000 6901.6201172 319.3340149
vn 1.5720515 2.7232780 5.3885698
v 16757.4003906 6945.5297852 285.4559937
vn 1.2103311 2.0959923 5.7605262
v 16784.6992188 6992.8999023 258.4859924
vn 1.7111778 1.7112345 5.7608147
v 16229.5996094 7418.8901367 258.4859924
vn 2.0952837 1.2098275 5.7610574
v 15803.5996094 7974.0600586 258.4859924
vn 2.3390880 0.6267231 5.7601228
v 15535.7998047 8620.5703125 258.4859924
vn 2.4211218 -0.0000010 5.7599249
v 15444.4003906 9314.3496094 258.4859924
vn 2.3390708 -0.6265613 5.7601943
v 15535.7998047 10008.0996094 258.4859924
vn 2.0955009 -1.2100747 5.7608285
v 15803.5996094 10654.7001953 258.4859924
vn 1.7110809 -1.7110921 5.7609811
v 16229.5996094 11209.7998047 258.4859924
vn 1.2100538 -2.0955434 5.7608128
v 16784.6992188 11635.7998047 258.4859924
vn 0.6265654 -2.3378692 5.7604117
v 17431.1992188 11903.5996094 258.4859924
vn 0.0000430 -2.4204693 5.7606387
v 18125.0000000 11994.9003906 258.4859924
vn -0.6262479 -2.3377857 5.7605901
v 18818.8007812 11903.5996094 258.4859924
vn -1.2092526 -2.0947657 5.7614083
v 19465.3007812 11635.7998047 258.4859924
vn -1.5722957 -2.7231107 5.3881626
v 19492.6992188 11683.2001953 285.4559937
vn -2.2245219 -2.2243452 5.3872480
v 20059.1992188 11248.5000000 285.4559937
vn -2.7234735 -1.5727051 5.3885536
v 20493.8007812 10682.0000000 285.4559937
vn -3.0373404 -0.8140082 5.3885031
v 20767.0996094 10022.2998047 285.4559937
vn -3.1445773 -0.0000002 5.3883395
v 20860.3007812 9314.3496094 285.4559937
vn -3.8117092 0.0000027 4.9265070
v 20911.0000000 9314.3496094 319.3340149
vn -4.4127817 -0.0000435 4.3810720
v 20956.9003906 9314.3496094 359.5400085
vn -4.9400187 0.0000738 3.7602367
v 20997.0996094 9314.3496094 405.3869934
vn -5.3790789 0.0001194 3.0843625
v 21030.9003906 9314.3496094 456.0889893
vn -5.7255473 -0.0000383 2.3590801
v 21057.9003906 9314.3496094 510.7799988
vn -5.9785700 -0.0000395 1.5931257
v 21077.5000000 9314.3496094 568.5219727
vn -6.1313353 0.0000197 0.8036175
v 21089.4003906 9314.3496094 628.3300171
vn -6.2058711 -0.0000003 0.2030364
v 21093.4003906 9314.3496094 689.1779785
vn -6.2367659 0.0002658 0.4098735
v 21093.4003906 9314.3496094 6968.3999023
vn -6.0276375 0.0000685 1.6340228
v 21106.3007812 9314.3496094 7066.7099609
vn -5.3941560 -0.0000787 3.1540318
v 21144.3007812 9314.3496094 7158.3100586
vn -4.3859639 0.0000751 4.4537792
v 21204.5996094 9314.3496094 7236.9702148
vn -3.0729499 0.0000063 5.4426332
v 21283.3007812 9314.3496094 7297.3300781
vn -1.5524697 0.0000010 6.0472002
v 21374.9003906 9314.3496094 7335.2700195
vn 0.0677753 -0.0000018 6.2284422
v 21473.1992188 9314.3496094 7348.2202148
vn 1.6694057 -0.0000041 5.9788437
v 21571.5000000 9314.3496094 7335.2700195
vn 3.1399443 0.0000017 5.3247499
v 21663.0996094 9314.3496094 7297.3300781
vn 4.3852158 0.0000508 4.3179045
v 21741.8007812 9314.3496094 7236.9702148
vn 5.3266706 0.0000422 3.0377786
v 21802.0996094 9314.3496094 7158.3100586
vn 5.9108973 -0.0000537 1.5666419
v 21840.0996094 9314.3496094 7066.7099609
vn 6.1700935 -0.0000547 0.4013193
v 21853.0000000 9314.3496094 6968.3999023
vn 7.1795979 -1.6550099 2.4785106
v 21827.5000000 9120.3496094 6962.4799805
vn 7.0451722 -2.8169570 2.1121473
v 21816.9003906 9040.0000000 6906.9599609
vn 6.8365569 -3.3371518 1.5721691
v 21808.8007812 8978.3398438 6832.4301758
vn 6.5720854 -3.7180405 0.8864778
v 21803.6992188 8939.5800781 6743.9501953
vn 6.2657061 -3.9050333 0.0976354
v 21801.9003906 8926.3496094 6647.5600586
vn 6.2830710 -3.9063761 -0.1150296
v 21801.9003906 8926.3496094 837.9450073
vn 6.6491609 -3.7089312 -0.8744289
v 21803.6992188 8939.5800781 738.3579712
vn 6.9628005 -3.3183026 -1.5287633
v 21808.8007812 8978.3398438 647.2280273
vn 6.1459036 -0.0000829 -0.5049710
v 21853.0000000 9314.3496094 0.0000000
vn 6.0401368 -0.0000721 -1.3642366
v 21848.8007812 9314.3496094 -25.2157993
vn 5.8471675 -0.0000153 -2.0520120
v 21841.6992188 9314.3496094 -49.7883987
vn 5.5878763 -0.0000527 -2.6970634
v 21831.8007812 9314.3496094 -73.4040985
vn 5.2622719 -0.0000503 -3.2978423
v 21819.4003906 9314.3496094 -95.7613983
vn 4.8573227 -0.0000111 -3.8783360
v 21804.5996094 9314.3496094 -116.5749969
vn 4.3959103 -0.0000153 -4.4102859
v 21787.4003906 9314.3496094 -135.5789948
vn 3.8794501 -0.0000096 -4.8786159
v 21768.3007812 9314.3496094 -152.5310059
vn 3.3101149 -0.0000043 -5.2933702
v 21747.3007812 9314.3496094 -167.2149963
vn 2.7006381 -0.0000067 -5.6363387
v 21724.9003906 9314.3496094 -179.4429932
vn 2.6050098 -0.6980430 -5.6385555
v 21602.1992188 8382.6396484 -179.4429932
vn 2.3347704 -1.3480875 -5.6393805
v 21242.5996094 7514.4301758 -179.4429932
vn 1.9079884 -1.9082707 -5.6380239
v 20670.5000000 6768.8701172 -179.4429932
vn 1.3488376 -2.3355851 -5.6383038
v 19925.0000000 6196.7900391 -179.4429932
vn 0.6972922 -2.6047497 -5.6389894
v 19056.6992188 5837.1601562 -179.4429932
vn 0.0000040 -2.6969631 -5.6385789
v 18125.0000000 5714.5000000 -179.4429932
vn -0.6982638 -2.6059241 -5.6381464
v 17193.3007812 5837.1601562 -179.4429932
vn -1.3488005 -2.3355927 -5.6383138
v 16325.0996094 6196.7900391 -179.4429932
vn -1.9091897 -1.9085031 -5.6367526
v 15579.5000000 6768.8701172 -179.4429932
vn -2.3430679 -2.3432746 -5.2905035
v 15563.7001953 6752.9902344 -167.2149963
vn -2.7414417 -2.7419977 -4.8819265
v 15548.9003906 6738.1801758 -152.5310059
vn -3.1083612 -3.1080208 -4.4079676
v 15535.2998047 6724.6401367 -135.5789948
vn -3.4360106 -3.4357829 -3.8788164
v 15523.2001953 6712.5400391 -116.5749969
vn -3.7172034 -3.7175257 -3.3055058
v 15512.7001953 6702.0200195 -95.7613983
vn -3.9531200 -3.9526236 -2.6873488
v 15503.9003906 6693.2402344 -73.4040985
vn -4.1386142 -4.1388597 -2.0393131
v 15497.0000000 6686.2998047 -49.7883987
vn -4.2701101 -4.2710948 -1.3779006
v 15492.0000000 6681.2797852 -25.2157993
vn -4.3435955 -4.3426800 -0.5195288
v 15488.9003906 6678.2597656 0.0000000
vn -4.3626447 -4.3623533 0.4031681
v 15488.9003906 6678.2597656 6968.3999023
vn -4.1801658 -4.1803236 1.5670221
v 15498.0996094 6687.4101562 7066.7099609
vn -3.7662191 -3.7661304 3.0369382
v 15524.9003906 6714.2402344 7158.3100586
vn -3.1006222 -3.1006250 4.3189001
v 15567.5996094 6756.9199219 7236.9702148
vn -2.2207484 -2.2206559 5.3240519
v 15623.2001953 6812.5400391 7297.3300781
vn -1.1802433 -1.1802961 5.9789586
v 15688.0000000 6877.3198242 7335.2700195
vn -0.0479322 -0.0479289 6.2284327
v 15757.5000000 6946.8300781 7348.2202148
vn 1.0975341 1.0975331 6.0473242
v 15827.0000000 7016.3398438 7335.2700195
vn 2.1732459 2.1733007 5.4421959
v 15891.7998047 7081.1201172 7297.3300781
vn 3.1012223 3.1011066 4.4543271
v 15947.4003906 7136.7402344 7236.9702148
vn 3.8140907 3.8141925 3.1537914
v 15990.0996094 7179.4199219 7158.3100586
vn 4.2624793 4.2622528 1.6339090
v 16016.9003906 7206.2500000 7066.7099609
vn 4.4099793 4.4100704 0.4119760
v 16026.0996094 7215.3999023 6968.3999023
vn 4.3883090 4.3884993 0.2019522
v 16026.0996094 7215.3999023 689.1779785
vn 4.3355904 4.3356709 0.8017399
v 16028.9003906 7218.2202148 628.3300171
vn 4.2272220 4.2270536 1.5936972
v 16037.2998047 7226.6298828 568.5219727
vn 4.0493088 4.0497942 2.3574998
v 16051.2001953 7240.4902344 510.7799988
vn 3.8028133 3.8025036 3.0843027
v 16070.2001953 7259.5600586 456.0889893
vn 3.4915915 3.4917192 3.7642167
v 16094.2001953 7283.5200195 405.3869934
vn 3.1217887 3.1215935 4.3793468
v 16122.5996094 7311.9501953 359.5400085
vn 2.6959877 2.6957769 4.9253430
v 16155.0000000 7344.3701172 319.3340149
vn 2.2227855 2.2229095 5.3890352
v 16190.9003906 7380.2202148 285.4559937
vn 2.7231135 1.5720376 5.3884029
v 15756.2001953 7946.7099609 285.4559937
vn 3.0375302 0.8139204 5.3884773
v 15483.0000000 8606.4101562 285.4559937
vn 3.1441634 -0.0000001 5.3891978
v 15389.7998047 9314.3496094 285.4559937
vn 3.0374329 -0.8140297 5.3884664
v 15483.0000000 10022.2998047 285.4559937
vn 2.7240415 -1.5725881 5.3877354
v 15756.2001953 10682.0000000 285.4559937
vn 2.2230473 -2.2233131 5.3885770
v 16190.9003906 11248.5000000 285.4559937
vn 1.5718262 -2.7230601 5.3886356
v 16757.4003906 11683.2001953 285.4559937
vn 0.8139083 -3.0378809 5.3882856
v 17417.0996094 11956.4003906 285.4559937
vn 0.0000504 -3.1446483 5.3883100
v 18125.0000000 12049.5996094 285.4559937
vn -0.8139259 -3.0373490 5.3885174
v 18833.0000000 11956.4003906 285.4559937
vn -0.9863791 -3.6821365 4.9260654
v 18846.0996094 12005.4003906 319.3340149
vn -1.9071419 -3.3030763 4.9243650
v 19518.0000000 11727.0996094 319.3340149
vn -2.6966853 -2.6963537 4.9253621
v 20095.0000000 11284.2998047 319.3340149
vn -3.3004994 -1.9052405 4.9267635
v 20537.8007812 10707.2998047 319.3340149
vn -3.6821027 -0.9863904 4.9260783
v 20816.0996094 10035.4003906 319.3340149
vn -4.2638187 -1.1424960 4.3795552
v 20860.4003906 10047.2998047 359.5400085
vn -4.7711353 -1.2783046 3.7619622
v 20899.1992188 10057.7001953 405.3869934
vn -5.1942863 -1.3923208 3.0860906
v 20931.9003906 10066.5000000 456.0889893
vn -5.5309029 -1.4814231 2.3578234
v 20958.0000000 10073.4003906 510.7799988
vn -5.7752266 -1.5473124 1.5927293
v 20976.9003906 10078.5000000 568.5219727
vn -5.9222221 -1.5869634 0.8004316
v 20988.4003906 10081.5996094 628.3300171
vn -5.9949865 -1.6064081 0.1996121
v 20992.1992188 10082.5996094 689.1779785
vn -6.0240822 -1.6141925 0.4144778
v 20992.1992188 10082.5996094 6968.3999023
vn -5.8223290 -1.5601828 1.6350880
v 21004.8007812 10086.0000000 7066.7099609
vn -5.2108445 -1.3962349 3.1526232
v 21041.4003906 10095.7998047 7158.3100586
vn -4.2360139 -1.1348473 4.4544935
v 21099.6992188 10111.4003906 7236.9702148
vn -2.9681869 -0.7953599 5.4426184
v 21175.6992188 10131.7998047 7297.3300781
vn -1.4995754 -0.4018055 6.0472579
v 21264.1992188 10155.5000000 7335.2700195
vn 0.0649955 0.0174206 6.2284532
v 21359.0996094 10180.9003906 7348.2202148
vn 1.6121378 0.4320073 5.9789343
v 21454.0996094 10206.4003906 7335.2700195
vn 3.0332961 0.8128947 5.3242664
v 21542.5996094 10230.0996094 7297.3300781
vn 4.2365685 1.1349335 4.3171005
v 21618.5996094 10250.4003906 7236.9702148
vn 5.1454024 1.3789921 3.0371630
v 21676.8007812 10266.0996094 7158.3100586
vn 5.7096529 1.5298803 1.5671512
v 21713.5000000 10275.9003906 7066.7099609
vn 5.9596648 1.5966482 0.4016776
v 21726.0000000 10279.2001953 6968.3999023
vn 7.1796193 1.6549300 2.4788356
v 21827.5000000 9508.3496094 6962.4799805
vn 7.4621220 0.0000000 3.1919446
v 21853.0000000 9314.3496094 6952.6098633
vn 1.8928845 -1.8089125 5.4327488
v 22003.0000000 9120.3496094 6894.7001953
vn 1.8929209 1.8087472 5.4328532
v 22003.0000000 9508.3496094 6894.7001953
vn 1.5190388 4.1972194 4.3615851
v 21984.6992188 9588.7099609 6842.1699219
vn 7.0451937 2.8168440 2.1122756
v 21816.9003906 9588.7099609 6906.9599609
vn 6.8365536 3.3371696 1.5721811
v 21808.8007812 9650.3701172 6832.4301758
vn 1.0973165 5.2638812 3.1524010
v 21960.8007812 9650.3701172 6773.7099609
vn 1.2228010 4.1970968 4.4539919
v 22020.3007812 9588.7099609 6831.0898438
vn 0.8836806 5.2636752 3.2188728
v 22001.0996094 9650.3701172 6761.1899414
vn 0.9224188 4.1967683 4.5258079
v 22056.5996094 9588.7099609 6822.4301758
vn 0.6670707 5.2638693 3.2703905
v 22042.0996094 9650.3701172 6751.3901367
vn 0.6176983 4.1973352 4.5770798
v 22093.3007812 9588.7099609 6816.2099609
vn 0.4461875 5.2638750 3.3079386
v 22083.5996094 9650.3701172 6744.3598633
vn 0.3091965 4.1972208 4.6082430
v 22130.4003906 9588.7099609 6812.4702148
vn 0.2232618 5.2637448 3.3304946
v 22125.5996094 9650.3701172 6740.1298828
vn 0.0000646 4.1970534 4.6187291
v 22167.6992188 9588.7099609 6811.2202148
vn 0.0000025 5.2637901 3.3378992
v 22167.6992188 9650.3701172 6738.7202148
vn -0.2232128 5.2637663 3.3304524
v 22209.8007812 9650.3701172 6740.1298828
vn -0.3091805 4.1970429 4.6083717
v 22205.0000000 9588.7099609 6812.4702148
vn 0.0003348 1.8090723 5.7535086
v 22167.6992188 9508.3496094 6866.8398438
vn -0.3857157 1.8089775 5.7403722
v 22201.3007812 9508.3496094 6867.9702148
vn -0.3857084 -1.8091431 5.7402620
v 22201.3007812 9120.3496094 6867.9702148
vn 0.0003346 -1.8092380 5.7533975
v 22167.6992188 9120.3496094 6866.8398438
vn 0.3858759 1.8090219 5.7402711
v 22134.1992188 9508.3496094 6867.9702148
vn 0.3858682 -1.8091872 5.7401614
v 22134.1992188 9120.3496094 6867.9702148
vn 0.7681291 1.8092208 5.7015448
v 22100.8007812 9508.3496094 6871.3398438
vn 0.7681143 -1.8093865 5.7014351
v 22100.8007812 9120.3496094 6871.3398438
vn 1.1472815 1.8090451 5.6376772
v 22067.6992188 9508.3496094 6876.9301758
vn 1.1472592 -1.8092105 5.6375675
v 22067.6992188 9120.3496094 6876.9301758
vn 1.5241792 1.8091574 5.5482073
v 22035.0000000 9508.3496094 6884.7299805
vn 1.5241504 -1.8093226 5.5481014
v 22035.0000000 9120.3496094 6884.7299805
vn 1.2227712 -4.1972542 4.4538822
v 22020.3007812 9040.0000000 6831.0898438
vn 1.5190016 -4.1973772 4.3614779
v 21984.6992188 9040.0000000 6842.1699219
vn 5.2660241 -2.2952030 -2.5073040
v 21816.9003906 9040.0000000 6376.6000977
vn 5.6534300 -3.5161972 -1.4901160
v 21808.8007812 8978.3398438 6457.4101562
vn 5.9481578 -3.8406835 -0.7238011
v 21803.6992188 8939.5800781 6549.8300781
vn 0.5752068 -5.9735503 1.6516702
v 21933.0996094 8939.5800781 6693.9799805
vn -0.0062943 -6.2171602 -0.0180348
v 21903.3007812 8926.3496094 6608.4199219
vn -0.5857436 -5.9531908 -1.6811912
v 21873.5000000 8939.5800781 6522.8701172
vn -1.1029794 -5.2304735 -3.1668727
v 21845.6992188 8978.3398438 6443.1401367
vn -1.6862668 -2.3546648 -4.8586221
v 21821.9003906 9040.0000000 6374.6801758
vn 5.2860470 -0.8206204 -3.0000644
v 21821.9003906 9077.9003906 6374.6801758
vn 4.7456470 -0.0000163 3.0941377
v 21853.0000000 9314.3496094 1136.8100586
vn 5.0518651 -2.3435111 2.4553728
v 21816.9003906 9040.0000000 1119.4799805
vn 5.5431914 -3.5336347 1.4307986
v 21808.8007812 8978.3398438 1035.2299805
vn 5.9002838 -3.8518281 0.6825600
v 21803.6992188 8939.5800781 939.2020264
vn 1.6073471 -5.2217803 -2.9443483
v 22359.4003906 8978.3398438 911.3369751
vn 0.8567160 -5.9473248 -1.5693561
v 22318.9003906 8939.5800781 985.4970093
vn 1.9067128 -5.2218680 -2.7599635
v 22773.9003906 8978.3398438 1166.6999512
vn 1.0163555 -5.9472351 -1.4712362
v 22725.9003906 8939.5800781 1236.2199707
vn 2.1854739 -5.2210302 -2.5457156
v 23159.5000000 8978.3398438 1464.0600586
vn 1.1644059 -5.9475460 -1.3563335
v 23104.4003906 8939.5800781 1528.1700439
vn 2.4399772 -5.2210894 -2.3027678
v 23511.8007812 8978.3398438 1800.1400146
vn 1.3000149 -5.9475245 -1.2269721
v 23450.3007812 8939.5800781 1858.1400146
vn 2.6678324 -5.2213850 -2.0349669
v 23826.9003906 8978.3398438 2171.2500000
vn 1.4221736 -5.9469209 -1.0848716
v 23759.8007812 8939.5800781 2222.5000000
vn 2.8660960 -5.2215071 -1.7444928
v 24101.5000000 8978.3398438 2573.3200684
vn 1.5278598 -5.9469323 -0.9299122
v 24029.4003906 8939.5800781 2617.2500000
vn 3.0330782 -5.2213750 -1.4351170
v 24332.5000000 8978.3398438 3001.9199219
vn 1.6168449 -5.9469042 -0.7649627
v 24256.1992188 8939.5800781 3038.0500488
vn 3.1661925 -5.2216315 -1.1094406
v 24517.4003906 8978.3398438 3452.3400879
vn 1.6876796 -5.9471006 -0.5913349
v 24437.6992188 8939.5800781 3480.2800293
vn 3.2652733 -5.2212725 -0.7719269
v 24654.0996094 8978.3398438 3919.6398926
vn 1.7400650 -5.9471769 -0.4112694
v 24571.9003906 8939.5800781 3939.0800781
vn 3.3273406 -5.2219481 -0.4258788
v 24741.0996094 8978.3398438 4398.6801758
vn 1.7736572 -5.9472752 -0.2270779
v 24657.3007812 8939.5800781 4409.4101562
vn 3.3542137 -5.2211342 -0.0755279
v 24777.5996094 8978.3398438 4884.2001953
vn 1.7869301 -5.9474936 -0.0400918
v 24693.0996094 8939.5800781 4886.1000977
vn 3.3393028 -5.2154808 0.3203147
v 24762.9003906 8978.3398438 5373.1801758
vn 1.7842129 -5.9434843 0.1710743
v 24678.6992188 8939.5800781 5365.1098633
vn 1.7456172 -5.9392200 0.4270783
v 24638.3007812 8939.5800781 5613.7299805
vn 3.2590117 -5.2085905 0.7976247
v 24720.5000000 8978.3398438 5633.8398438
vn 4.5858240 -4.1451983 0.4399051
v 24835.1992188 9040.0000000 5380.1098633
vn 4.4701552 -4.1382475 1.0941000
v 24791.0996094 9040.0000000 5651.1201172
vn 5.6264076 -1.7436939 0.5397562
v 24890.5996094 9120.3496094 5385.4301758
vn 5.4733973 -1.7351204 1.3395181
v 24845.1992188 9120.3496094 5664.3701172
vn 5.6264982 1.7435651 0.5397946
v 24890.5996094 9508.3496094 5385.4301758
vn 5.4733739 1.7350984 1.3396509
v 24845.1992188 9508.3496094 5664.3701172
vn 4.5859456 4.1450000 0.4399503
v 24835.1992188 9588.7099609 5380.1098633
vn 4.4703064 4.1379256 1.0942968
v 24791.0996094 9588.7099609 5651.1201172
vn 3.2590117 5.2085900 0.7976247
v 24720.5000000 9650.3701172 5633.8398438
vn 3.3393030 5.2154799 0.3203148
v 24762.9003906 9650.3701172 5373.1801758
vn 3.3542137 5.2211342 -0.0755279
v 24777.5996094 9650.3701172 4884.2001953
vn 4.6108150 4.1512814 -0.1037621
v 24850.0996094 9588.7099609 4882.5800781
vn 5.6677575 1.7522870 -0.1272698
v 24905.6992188 9508.3496094 4881.3300781
vn 5.6676869 -1.7523912 -0.1271908
v 24905.6992188 9120.3496094 4881.3300781
vn 4.6106734 -4.1515059 -0.1036745
v 24850.0996094 9040.0000000 4882.5800781
vn 4.5729842 -4.1531897 -0.5852010
v 24813.0996094 9040.0000000 4389.4702148
vn 4.4866323 -4.1535368 -1.0608077
v 24724.6992188 9040.0000000 3902.9499512
vn 4.3512535 -4.1526232 -1.5246193
v 24585.9003906 9040.0000000 3428.3500977
vn 4.1676373 -4.1530190 -1.9717376
v 24398.0996094 9040.0000000 2970.8898926
vn 3.9375679 -4.1542373 -2.3966961
v 24163.5000000 9040.0000000 2535.5900879
vn 3.6654115 -4.1538076 -2.7959759
v 23884.5996094 9040.0000000 2127.2500000
vn 3.3533666 -4.1527557 -3.1650350
v 23564.5000000 9040.0000000 1750.3399658
vn 3.0033009 -4.1532550 -3.4985204
v 23206.6992188 9040.0000000 1409.0200195
vn 2.6207695 -4.1529031 -3.7931085
v 22815.1992188 9040.0000000 1107.0100098
vn 2.2093725 -4.1525965 -4.0469441
v 22394.1992188 9040.0000000 847.6550293
vn 7.2081976 -2.7937806 -2.0396922
v 21816.9003906 9040.0000000 570.7639771
vn -1.5961658 -5.2726564 2.9240556
v 22191.5000000 8978.3398438 1218.8199463
vn -2.5023861 -2.4529262 4.5842981
v 22156.8007812 9040.0000000 1282.5000000
vn -1.8935572 -5.2725759 2.7411432
v 22574.8007812 8978.3398438 1454.9300537
vn -2.9685717 -2.4530501 4.2969093
v 22533.5996094 9040.0000000 1514.6199951
vn -2.1698041 -5.2731843 2.5272291
v 22931.3007812 8978.3398438 1729.8599854
vn -3.4016366 -2.4537089 3.9618516
v 22884.0000000 9040.0000000 1784.9100342
vn -2.4223266 -5.2732320 2.2861819
v 23257.0000000 8978.3398438 2040.5999756
vn -3.7975085 -2.4536662 3.5841560
v 23204.1992188 9040.0000000 2090.3999023
vn -2.6480339 -5.2732735 2.0199995
v 23548.4003906 8978.3398438 2383.7199707
vn -4.1519594 -2.4535000 3.1672697
v 23490.6992188 9040.0000000 2427.7199707
vn -2.8448651 -5.2733841 1.7315494
v 23802.3007812 8978.3398438 2755.4599609
vn -4.4605327 -2.4535797 2.7151835
v 23740.3007812 9040.0000000 2793.1799316
vn -3.0115094 -5.2728324 1.4247890
v 24015.9003906 8978.3398438 3151.7299805
vn -4.7204390 -2.4536400 2.2332263
v 23950.3007812 9040.0000000 3182.7600098
vn -3.1435962 -5.2731576 1.1014420
v 24186.8007812 8978.3398438 3568.1799316
vn -4.9279943 -2.4536247 1.7267264
v 24118.3007812 9040.0000000 3592.1799316
vn -3.2418678 -5.2728214 0.7666705
v 24313.1992188 8978.3398438 4000.2399902
vn -5.0822253 -2.4533296 1.2018253
v 24242.5996094 9040.0000000 4016.9299316
vn -3.3035157 -5.2734661 0.4226379
v 24393.6992188 8978.3398438 4443.1499023
vn -5.1795316 -2.4537454 0.6626862
v 24321.6992188 9040.0000000 4452.3701172
vn -3.3302078 -5.2727747 0.0747154
v 24427.3007812 8978.3398438 4892.0600586
vn -5.2214813 -2.4529071 0.1171236
v 24354.8007812 9040.0000000 4893.6899414
vn -3.3094504 -5.2799339 -0.3175400
v 24413.9003906 8978.3398438 5339.7099609
vn -5.2069111 -2.4689641 -0.4996556
v 24341.5996094 9040.0000000 5332.7797852
vn -5.0888653 -2.4840136 -1.2455274
v 24309.0000000 9040.0000000 5533.1601562
vn -3.2239690 -5.2859359 -0.7893521
v 24379.5996094 8978.3398438 5550.4399414
vn -1.7227277 -5.9836249 -0.1653355
v 24498.0996094 8939.5800781 5347.7797852
vn -1.6739004 -5.9873757 -0.4098054
v 24461.8007812 8939.5800781 5570.5498047
vn 0.0374202 -6.2171254 0.0035809
v 24588.4003906 8926.3496094 5356.4399414
vn 0.0431158 -6.2171993 0.0104914
v 24550.0000000 8926.3496094 5592.1401367
vn 0.0410805 -6.2171826 0.0172299
v 24475.1992188 8926.3496094 5818.8999023
vn 1.6573138 -5.9390349 0.6960469
v 24559.0000000 8939.5800781 5854.0600586
vn 3.0938480 -5.2081919 1.2995526
v 24637.0000000 8978.3398438 5886.8300781
vn 4.2426372 -4.1391630 1.7818543
v 24704.0000000 9040.0000000 5914.9599609
vn 5.1947131 -1.7360318 2.1810770
v 24755.4003906 9120.3496094 5936.5498047
vn 5.1948657 1.7359414 2.1808796
v 24755.4003906 9508.3496094 5936.5498047
vn 4.2428823 4.1389208 1.7816556
v 24704.0000000 9588.7099609 5914.9599609
vn 3.0938480 5.2081919 1.2995524
v 24637.0000000 9650.3701172 5886.8300781
vn 1.6569982 5.9390821 0.6959144
v 24559.0000000 9689.1298828 5854.0600586
vn 1.7452848 5.9392681 0.4269970
v 24638.3007812 9689.1298828 5613.7299805
vn 1.7838688 5.9435329 0.1710413
v 24678.6992188 9689.1298828 5365.1098633
vn 1.7865813 5.9475427 -0.0400840
v 24693.0996094 9689.1298828 4886.1000977
vn 1.7733111 5.9473257 -0.2270335
v 24657.3007812 9689.1298828 4409.4101562
vn 3.3273406 5.2219477 -0.4258788
v 24741.0996094 9650.3701172 4398.6801758
vn 4.5731587 4.1529093 -0.5852330
v 24813.0996094 9588.7099609 4389.4702148
vn 5.6227150 1.7530700 -0.7193952
v 24868.3007812 9508.3496094 4382.3999023
vn 5.6226830 -1.7531230 -0.7193822
v 24868.3007812 9120.3496094 4382.3999023
vn 5.5157223 -1.7539475 -1.3040631
v 24778.9003906 9120.3496094 3890.1398926
vn 5.3496995 -1.7528644 -1.8746965
v 24638.4003906 9120.3496094 3409.9399414
vn 5.1241584 -1.7531910 -2.4240472
v 24448.4003906 9120.3496094 2947.0800781
vn 4.8413782 -1.7541698 -2.9465933
v 24211.0996094 9120.3496094 2506.6499023
vn 4.5062776 -1.7541337 -3.4375663
v 23928.9003906 9120.3496094 2093.4899902
vn 4.1220355 -1.7537814 -3.8904524
v 23605.0000000 9120.3496094 1712.1300049
vn 3.6918325 -1.7541674 -4.3003330
v 23243.0000000 9120.3496094 1366.7700195
vn 3.2219338 -1.7530849 -4.6638417
v 22846.8007812 9120.3496094 1061.2099609
vn 2.7161541 -1.7528425 -4.9756165
v 22420.8007812 9120.3496094 798.7899780
vn 7.3508382 -1.6283829 -2.3386440
v 21827.5000000 9120.3496094 514.1790161
vn 7.7136397 -0.0000001 -3.0936682
v 21853.0000000 9314.3496094 526.4299927
vn 7.3509941 1.6273338 -2.3379798
v 21827.5000000 9508.3496094 514.1790161
vn 5.9351983 1.5903320 -0.5100094
v 21726.0000000 10279.2001953 0.0000000
vn 5.8329015 1.5625031 -1.3728558
v 21721.9003906 10278.0996094 -25.2157993
vn 5.6507754 1.5143387 -2.0482721
v 21715.0000000 10276.2998047 -49.7883987
vn 5.3974242 1.4474013 -2.6925848
v 21705.5000000 10273.7998047 -73.4040985
vn 5.0814438 1.3604987 -3.3021336
v 21693.5000000 10270.5000000 -95.7613983
vn 4.6990428 1.2593840 -3.8707240
v 21679.1992188 10266.7001953 -116.5749969
vn 4.2492819 1.1390595 -4.4040637
v 21662.6992188 10262.2998047 -135.5789948
vn 3.7434111 1.0024853 -4.8826036
v 21644.1992188 10257.2998047 -152.5310059
vn 3.1941302 0.8560638 -5.2950439
v 21623.9003906 10251.9003906 -167.2149963
vn 2.6044884 0.6981536 -5.6386971
v 21602.1992188 10246.0996094 -179.4429932
vn 2.0487015 -0.0000029 -5.9129152
v 21701.1992188 9314.3496094 -189.0590057
vn 1.9774780 0.5294250 -5.9135213
v 21579.3007812 10239.9003906 -189.0590057
vn 1.3703616 -0.0000003 -6.1122074
v 21676.5996094 9314.3496094 -195.9409943
vn 1.3248551 0.3553779 -6.1121407
v 21555.5000000 10233.5996094 -195.9409943
vn 0.5385366 -0.0000022 -6.2361903
v 21651.3007812 9314.3496094 -200.0000000
vn 0.5225893 0.1398417 -6.2357612
v 21531.1992188 10227.0000000 -200.0000000
vn 0.5228679 -0.1400278 -6.2357016
v 21531.1992188 8401.6904297 -200.0000000
vn -0.5975750 -0.0000008 -6.2252445
v 21186.5000000 9314.3496094 -200.0000000
vn 0.4685459 0.2704767 -6.2357535
v 21178.9003906 11077.5000000 -200.0000000
vn -0.5772702 -0.1546411 -6.2252359
v 21082.1992188 10106.7001953 -200.0000000
vn -0.5174822 -0.2987733 -6.2252507
v 20776.4003906 10845.0996094 -200.0000000
vn 0.3816766 0.3814750 -6.2360029
v 20618.5000000 11807.7998047 -200.0000000
vn -0.4225176 -0.4225393 -6.2252507
v 20289.8007812 11479.2001953 -200.0000000
vn 0.2696590 0.4669161 -6.2360778
v 19888.1992188 12368.2001953 -200.0000000
vn -0.2987794 -0.5174959 -6.2252479
v 19655.8007812 11965.7001953 -200.0000000
vn 0.1396905 0.5211089 -6.2360201
v 19037.6992188 12720.5000000 -200.0000000
vn -0.1546700 -0.5772745 -6.2252331
v 18917.4003906 12271.5000000 -200.0000000
vn 0.0000099 0.5384591 -6.2362075
v 18125.0000000 12840.5996094 -200.0000000
vn 0.0000168 -0.5976768 -6.2252250
v 18125.0000000 12375.7998047 -200.0000000
vn 0.1546546 -0.5772787 -6.2252326
v 17332.6992188 12271.5000000 -200.0000000
vn -0.1393785 0.5206312 -6.2361183
v 17212.4003906 12720.5000000 -200.0000000
vn 0.2987956 -0.5175573 -6.2252364
v 16594.3007812 11965.7001953 -200.0000000
vn -0.2696725 0.4669118 -6.2360735
v 16361.9003906 12368.2001953 -200.0000000
vn 0.4224972 -0.4225318 -6.2252541
v 15960.2001953 11479.2001953 -200.0000000
vn -0.3805495 0.3805710 -6.2362537
v 15631.5996094 11807.7998047 -200.0000000
vn 0.5175877 -0.2987831 -6.2252331
v 15473.7001953 10845.0996094 -200.0000000
vn 0.5772874 -0.1546856 -6.2252307
v 15167.9003906 10106.7001953 -200.0000000
vn -0.4669091 0.2696497 -6.2360773
v 15071.2001953 11077.5000000 -200.0000000
vn 0.5975246 -0.0000008 -6.2252550
v 15063.5000000 9314.3496094 -200.0000000
vn -0.5209186 -0.1395586 -6.2360587
v 14718.9003906 8401.6904297 -200.0000000
vn -0.5206411 0.1393735 -6.2361135
v 14718.9003906 10227.0000000 -200.0000000
vn -0.5384831 -0.0000021 -6.2362003
v 14598.7998047 9314.3496094 -200.0000000
vn -1.3230505 -0.3545343 -6.1125116
v 14694.5000000 8395.1503906 -195.9409943
vn -1.3703244 -0.0000003 -6.1122241
v 14573.5000000 9314.3496094 -195.9409943
vn -1.9774883 -0.5298489 -5.9133596
v 14670.7001953 8388.7802734 -189.0590057
vn -2.0487275 -0.0000027 -5.9129171
v 14548.9003906 9314.3496094 -189.0590057
vn -2.6049967 -0.6980245 -5.6385169
v 14647.7998047 8382.6396484 -179.4429932
vn -2.6953816 -0.0000063 -5.6395473
v 14525.2001953 9314.3496094 -179.4429932
vn -3.1992569 -0.8571448 -5.2908974
v 14626.0996094 8376.8300781 -167.2149963
vn -3.3111558 -0.0000045 -5.2911668
v 14502.7001953 9314.3496094 -167.2149963
vn -3.7487326 -1.0044669 -4.8787694
v 14605.9003906 8371.4101562 -152.5310059
vn -3.8789041 -0.0000094 -4.8811364
v 14481.7998047 9314.3496094 -152.5310059
vn -4.2495489 -1.1386462 -4.4041686
v 14587.4003906 8366.4501953 -135.5789948
vn -4.3958187 0.0000116 -4.4074931
v 14462.5996094 9314.3496094 -135.5789948
vn -4.8578525 0.0000098 -3.8813326
v 14445.5000000 9314.3496094 -116.5749969
vn -4.6929665 -1.2578124 -3.8807206
v 14570.9003906 8362.0195312 -116.5749969
vn -3.8091102 -2.1989589 -4.4055023
v 14953.2998047 7483.1499023 -135.5789948
vn -4.2076998 -2.4295514 -3.8800204
v 14938.5000000 7474.5898438 -116.5749969
vn -3.3606501 -1.9405398 -4.8791718
v 14969.9003906 7492.7202148 -152.5310059
vn -2.8668051 -1.6550791 -5.2917624
v 14988.0000000 7503.1899414 -167.2149963
vn -2.3347504 -1.3481824 -5.6393924
v 15007.5000000 7514.4301758 -179.4429932
vn -1.7751251 -1.0248661 -5.9124289
v 15028.0000000 7526.2700195 -189.0590057
vn -1.4471302 -1.4473982 -5.9136720
v 15596.2998047 6785.6298828 -189.0590057
vn -1.1868849 -0.6851544 -6.1122375
v 15049.2998047 7538.5898438 -195.9409943
vn -0.9687631 -0.9686664 -6.1123934
v 15613.7001953 6803.0498047 -195.9409943
vn -0.4666554 -0.2694593 -6.2361326
v 15071.2001953 7551.2202148 -200.0000000
vn -0.3810251 -0.3811375 -6.2361231
v 15631.5996094 6820.8999023 -200.0000000
vn 0.5772748 0.1546887 -6.2252326
v 15167.9003906 8521.9804688 -200.0000000
vn 1.1934767 -0.0000000 -6.1637087
v 15567.0000000 9314.3496094 -93.3768005
vn 1.1528586 0.3089044 -6.1637025
v 15654.2001953 8652.2900391 -93.3768005
vn 0.9590468 0.0000012 -6.2055941
v 16074.2001953 9314.3496094 -5.9294901
vn 0.9263692 0.2482362 -6.2055945
v 16144.0996094 8783.5595703 -5.9294901
vn 0.7231180 0.0000012 -6.2384162
v 16584.3007812 9314.3496094 62.2159996
vn 0.6985094 0.1871544 -6.2384133
v 16636.8007812 8915.5898438 62.2159996
vn 0.4860311 0.0000012 -6.2621288
v 17096.6992188 9314.3496094 110.9619980
vn 0.4695027 0.1257397 -6.2621255
v 17131.6992188 9048.1904297 110.9619980
vn 0.2481977 0.0000012 -6.2766747
v 17610.5000000 9314.3496094 140.2369995
vn 0.2397605 0.0642022 -6.2766733
v 17628.0000000 9181.1796875 140.2369995
vn 0.0000113 0.0000010 -6.2809000
v 18125.0000000 9314.3496094 150.0000000
vn 0.2149406 0.1241182 -6.2766733
v 17679.4003906 9057.0703125 140.2369995
vn 0.1754783 0.1755187 -6.2766747
v 17761.1992188 8950.5097656 140.2369995
vn 0.1240945 0.2149316 -6.2766752
v 17867.8007812 8868.7304688 140.2369995
vn 0.0642821 0.2397456 -6.2766724
v 17991.8007812 8817.3300781 140.2369995
vn 0.0000019 0.2482002 -6.2766738
v 18125.0000000 8799.7900391 140.2369995
vn 0.0000123 0.4860527 -6.2621250
v 18125.0000000 8285.9804688 110.9619980
vn 0.1257769 0.4694913 -6.2621269
v 17858.9003906 8321.0195312 110.9619980
vn 0.0000121 0.7231265 -6.2384171
v 18125.0000000 7773.6401367 62.2159996
vn 0.1871417 0.6984787 -6.2384195
v 17726.3007812 7826.1401367 62.2159996
vn 0.0000036 0.9590532 -6.2055926
v 18125.0000000 7263.5200195 -5.9294901
vn 0.2482396 0.9263783 -6.2055907
v 17594.1992188 7333.3999023 -5.9294901
vn 0.0000107 1.1934972 -6.1637082
v 18125.0000000 6756.3500977 -93.3768005
vn 0.3088962 1.1528469 -6.1637068
v 17463.0000000 6843.5097656 -93.3768005
vn 0.0000050 0.5975783 -6.2252440
v 18125.0000000 6252.8598633 -200.0000000
vn 0.1546661 0.5772334 -6.2252402
v 17332.6992188 6357.1801758 -200.0000000
vn -0.0000042 -0.5395212 -6.2360177
v 18125.0000000 5788.0800781 -200.0000000
vn -0.1394229 -0.5208276 -6.2360849
v 17212.4003906 5908.2299805 -200.0000000
vn 0.2987870 0.5175462 -6.2252398
v 16594.3007812 6663.0200195 -200.0000000
vn -0.2699119 -0.4673916 -6.2359838
v 16361.9003906 6260.5097656 -200.0000000
vn 0.4225544 0.4225597 -6.2252426
v 15960.2001953 7149.5498047 -200.0000000
vn 0.5175572 0.2987850 -6.2252378
v 15473.7001953 7783.6098633 -200.0000000
vn 1.0336113 0.5967037 -6.1637068
v 15909.7001953 8035.3500977 -93.3768005
vn 0.8305348 0.4795161 -6.2056026
v 16349.0000000 8288.9404297 -5.9294901
vn 0.6262856 0.3615812 -6.2384095
v 16790.6992188 8544.0000000 62.2159996
vn 0.4209247 0.2430370 -6.2621236
v 17234.4003906 8800.1699219 110.9619980
vn 0.3436731 0.3436985 -6.2621279
v 17397.9003906 8587.1796875 110.9619980
vn 0.2430567 0.4209329 -6.2621217
v 17610.8007812 8423.7500000 110.9619980
vn 0.3615536 0.6262395 -6.2384186
v 17354.6992188 7980.0498047 62.2159996
vn 0.4795410 0.8305553 -6.2055926
v 17099.5996094 7538.2797852 -5.9294901
vn 0.5967402 1.0336143 -6.1637049
v 16846.0000000 7099.0600586 -93.3768005
vn 0.8439114 0.8439094 -6.1637106
v 16316.2001953 7505.5698242 -93.3768005
vn 0.6781386 0.6781269 -6.2055993
v 16674.9003906 7864.1899414 -5.9294901
vn 0.5112988 0.5113457 -6.2384191
v 17035.5996094 8224.9003906 62.2159996
vn -0.6853306 -1.1869730 -6.1123056
v 16349.2998047 6238.6401367 -195.9409943
vn -1.0233462 -1.7729999 -5.9135003
v 16337.0000000 6217.3100586 -189.0590057
vn -0.5303520 -1.9783610 -5.9129329
v 17199.4003906 5860.0498047 -189.0590057
vn -0.3545061 -1.3230187 -6.1125093
v 17205.8007812 5883.8398438 -195.9409943
vn -0.0000030 -1.3701912 -6.1124082
v 18125.0000000 5762.8300781 -195.9409943
vn 0.1397464 -0.5212941 -6.2359872
v 19037.6992188 5908.2299805 -200.0000000
vn 0.3544780 -1.3234874 -6.1124454
v 19044.1992188 5883.8398438 -195.9409943
vn 0.2698981 -0.4673951 -6.2359819
v 19888.1992188 6260.5097656 -200.0000000
vn 0.6853513 -1.1869936 -6.1122928
v 19900.8007812 6238.6401367 -195.9409943
vn 0.3821546 -0.3820437 -6.2358689
v 20618.5000000 6820.8999023 -200.0000000
vn 0.9677247 -0.9680721 -6.1129394
v 20636.3007812 6803.0498047 -195.9409943
vn 0.4682907 -0.2702853 -6.2358084
v 21178.9003906 7551.2202148 -200.0000000
vn 1.1855452 -0.6846533 -6.1129169
v 21200.6992188 7538.5898438 -195.9409943
vn 1.3246081 -0.3549946 -6.1122880
v 21555.5000000 8395.1503906 -195.9409943
vn 1.9775295 -0.5298645 -5.9133558
v 21579.3007812 8388.7802734 -189.0590057
vn 1.7730232 -1.0235088 -5.9130564
v 21222.0996094 7526.2700195 -189.0590057
vn 1.4483144 -1.4478258 -5.9127760
v 20653.8007812 6785.6298828 -189.0590057
vn 1.0233270 -1.7730108 -5.9134970
v 19913.0996094 6217.3100586 -189.0590057
vn 0.5303051 -1.9783747 -5.9129381
v 19050.5996094 5860.0498047 -189.0590057
vn 0.0000054 -2.0478513 -5.9131255
v 18125.0000000 5738.2001953 -189.0590057
vn -0.5772577 0.1546442 -6.2252378
v 21082.1992188 8521.9804688 -200.0000000
vn -0.5174518 0.2987753 -6.2252564
v 20776.4003906 7783.6098633 -200.0000000
vn -0.4225749 0.4225673 -6.2252398
v 20289.8007812 7149.5498047 -200.0000000
vn -0.2987708 0.5174850 -6.2252512
v 19655.8007812 6663.0200195 -200.0000000
vn -0.1546669 0.5772202 -6.2252431
v 18917.4003906 6357.1801758 -200.0000000
vn -0.3089168 1.1528268 -6.1637068
v 18787.0996094 6843.5097656 -93.3768005
vn -0.2482202 0.9263752 -6.2055931
v 18655.8007812 7333.3999023 -5.9294901
vn -0.1871506 0.6984904 -6.2384167
v 18523.8007812 7826.1401367 62.2159996
vn -0.1258002 0.4694914 -6.2621250
v 18391.1992188 8321.0195312 110.9619980
vn -0.0642369 0.2397362 -6.2766743
v 18258.1992188 8817.3300781 140.2369995
vn -0.1240834 0.2149491 -6.2766747
v 18382.3007812 8868.7304688 140.2369995
vn -0.2430138 0.4209316 -6.2621264
v 18639.1992188 8423.7500000 110.9619980
vn -0.1754743 0.1755235 -6.2766743
v 18488.9003906 8950.5097656 140.2369995
vn -0.3437009 0.3436819 -6.2621245
v 18852.1992188 8587.1796875 110.9619980
vn -0.2149577 0.1241140 -6.2766724
v 18570.6992188 9057.0703125 140.2369995
vn -0.4209203 0.2430541 -6.2621269
v 19015.5996094 8800.1699219 110.9619980
vn -0.2397595 0.0642137 -6.2766733
v 18622.0996094 9181.1796875 140.2369995
vn -0.4695335 0.1258081 -6.2621188
v 19118.4003906 9048.1904297 110.9619980
vn -0.2481871 0.0000012 -6.2766747
v 18639.5996094 9314.3496094 140.2369995
vn -0.4860666 0.0000012 -6.2621250
v 19153.4003906 9314.3496094 110.9619980
vn -0.4695345 -0.1258077 -6.2621193
v 19118.4003906 9580.5195312 110.9619980
vn -0.2397593 -0.0642152 -6.2766724
v 18622.0996094 9447.5302734 140.2369995
vn -0.2149565 -0.1241149 -6.2766724
v 18570.6992188 9571.6298828 140.2369995
vn -0.1754842 -0.1755156 -6.2766743
v 18488.9003906 9678.2001953 140.2369995
vn -0.1240761 -0.2149419 -6.2766747
v 18382.3007812 9759.9804688 140.2369995
vn -0.0642235 -0.2397422 -6.2766743
v 18258.1992188 9811.3798828 140.2369995
vn -0.0000000 -0.2482039 -6.2766738
v 18125.0000000 9828.9101562 140.2369995
vn 0.0642700 -0.2397493 -6.2766724
v 17991.8007812 9811.3798828 140.2369995
vn 0.1240871 -0.2149245 -6.2766757
v 17867.8007812 9759.9804688 140.2369995
vn 0.1754882 -0.1755108 -6.2766743
v 17761.1992188 9678.2001953 140.2369995
vn 0.2149394 -0.1241191 -6.2766738
v 17679.4003906 9571.6298828 140.2369995
vn 0.2397603 -0.0642036 -6.2766733
v 17628.0000000 9447.5302734 140.2369995
vn 0.4695036 -0.1257393 -6.2621250
v 17131.6992188 9580.5195312 110.9619980
vn 0.6985069 -0.1871517 -6.2384133
v 16636.8007812 9713.1201172 62.2159996
vn 0.9263715 -0.2482241 -6.2055955
v 16144.0996094 9845.1503906 -5.9294901
vn 1.1528720 -0.3088982 -6.1637015
v 15654.2001953 9976.4199219 -93.3768005
vn 1.0336114 -0.5967149 -6.1637030
v 15909.7001953 10593.4003906 -93.3768005
vn 0.8438776 -0.8438811 -6.1637249
v 16316.2001953 11123.0996094 -93.3768005
vn 0.5967480 -1.0336070 -6.1636987
v 16846.0000000 11529.7001953 -93.3768005
vn 0.3088869 -1.1528789 -6.1637001
v 17463.0000000 11785.2001953 -93.3768005
vn 0.0000276 -1.1935819 -6.1636853
v 18125.0000000 11872.4003906 -93.3768005
vn -0.3089194 -1.1528375 -6.1637053
v 18787.0996094 11785.2001953 -93.3768005
vn -0.5967221 -1.0335706 -6.1637115
v 19404.0000000 11529.7001953 -93.3768005
vn -0.8439235 -0.8439069 -6.1637182
v 19933.8007812 11123.0996094 -93.3768005
vn -1.0335273 -0.5967864 -6.1637187
v 20340.3007812 10593.4003906 -93.3768005
vn -1.1528803 -0.3088738 -6.1636963
v 20595.9003906 9976.4199219 -93.3768005
vn -1.1935714 -0.0000000 -6.1636996
v 20683.0000000 9314.3496094 -93.3768005
vn -1.1528671 0.3088801 -6.1636982
v 20595.9003906 8652.2900391 -93.3768005
vn -1.0335270 0.5967752 -6.1637225
v 20340.3007812 8035.3500977 -93.3768005
vn -0.8439574 0.8439351 -6.1637034
v 19933.8007812 7505.5698242 -93.3768005
vn -0.5967143 1.0335779 -6.1637173
v 19404.0000000 7099.0600586 -93.3768005
vn -0.4795123 0.8305885 -6.2055931
v 19150.4003906 7538.2797852 -5.9294901
vn -0.3615699 0.6262625 -6.2384138
v 18895.4003906 7980.0498047 62.2159996
vn -0.5113533 0.5113127 -6.2384148
v 19214.5000000 8224.9003906 62.2159996
vn -0.6262638 0.3615335 -6.2384181
v 19459.3007812 8544.0000000 62.2159996
vn -0.6984348 0.1872247 -6.2384262
v 19613.1992188 8915.5898438 62.2159996
vn -0.7230794 0.0000012 -6.2384176
v 19665.8007812 9314.3496094 62.2159996
vn -0.6984323 -0.1872219 -6.2384257
v 19613.1992188 9713.1201172 62.2159996
vn -0.6262523 -0.3615355 -6.2384195
v 19459.3007812 10084.7001953 62.2159996
vn -0.4209134 -0.2430651 -6.2621274
v 19015.5996094 9828.5400391 110.9619980
vn -0.3437170 -0.3436566 -6.2621269
v 18852.1992188 10041.5000000 110.9619980
vn -0.2430387 -0.4209156 -6.2621250
v 18639.1992188 10205.0000000 110.9619980
vn -0.1257352 -0.4694933 -6.2621264
v 18391.1992188 10307.7001953 110.9619980
vn -0.0000010 -0.4860196 -6.2621307
v 18125.0000000 10342.7001953 110.9619980
vn 0.1257219 -0.4694793 -6.2621288
v 17858.9003906 10307.7001953 110.9619980
vn 0.2430816 -0.4209168 -6.2621198
v 17610.8007812 10205.0000000 110.9619980
vn 0.3436891 -0.3436732 -6.2621298
v 17397.9003906 10041.5000000 110.9619980
vn 0.4209177 -0.2430480 -6.2621236
v 17234.4003906 9828.5400391 110.9619980
vn 0.6262739 -0.3615831 -6.2384105
v 16790.6992188 10084.7001953 62.2159996
vn 0.8305120 -0.4795305 -6.2056026
v 16349.0000000 10339.7998047 -5.9294901
vn 0.6781296 -0.6781304 -6.2056012
v 16674.9003906 10764.5000000 -5.9294901
vn 0.4795306 -0.8305297 -6.2056003
v 17099.5996094 11090.4003906 -5.9294901
vn 0.2482796 -0.9263872 -6.2055893
v 17594.1992188 11295.2998047 -5.9294901
vn -0.0000003 -0.9590471 -6.2055945
v 18125.0000000 11365.2001953 -5.9294901
vn -0.2482574 -0.9263888 -6.2055917
v 18655.8007812 11295.2998047 -5.9294901
vn -0.4795018 -0.8305628 -6.2056007
v 19150.4003906 11090.4003906 -5.9294901
vn -0.6781537 -0.6781725 -6.2055898
v 19575.1992188 10764.5000000 -5.9294901
vn -0.8305427 -0.4795390 -6.2055931
v 19901.0996094 10339.7998047 -5.9294901
vn -0.9263317 -0.2482587 -6.2055979
v 20106.0000000 9845.1503906 -5.9294901
vn -0.9591123 0.0000012 -6.2055821
v 20175.9003906 9314.3496094 -5.9294901
vn -0.9263295 0.2482709 -6.2055969
v 20106.0000000 8783.5595703 -5.9294901
vn -0.8305655 0.4795246 -6.2055926
v 19901.0996094 8288.9404297 -5.9294901
vn -0.6781626 0.6781690 -6.2055879
v 19575.1992188 7864.1899414 -5.9294901
vn -0.5113739 -0.5113080 -6.2384129
v 19214.5000000 10403.7998047 62.2159996
vn -0.3616240 -0.6262830 -6.2384057
v 18895.4003906 10648.7001953 62.2159996
vn -0.1871415 -0.6985070 -6.2384148
v 18523.8007812 10802.5996094 62.2159996
vn 0.0000069 -0.7231179 -6.2384167
v 18125.0000000 10855.0996094 62.2159996
vn 0.1871399 -0.6985019 -6.2384162
v 17726.3007812 10802.5996094 62.2159996
vn 0.3616078 -0.6262601 -6.2384105
v 17354.6992188 10648.7001953 62.2159996
vn 0.5113195 -0.5113410 -6.2384176
v 17035.5996094 10403.7998047 62.2159996
vn -4.5505047 -2.6273046 -3.3099370
v 14925.5996094 7467.1601562 -95.7613983
vn -4.8391304 -2.7936487 -2.6928911
v 14914.7998047 7460.9501953 -73.4040985
vn -5.0682545 -2.9260066 -2.0388808
v 14906.2998047 7456.0400391 -49.7883987
vn -5.2317014 -3.0208087 -1.3685340
v 14900.2001953 7452.4902344 -25.2157993
vn -5.3206167 -3.0717633 -0.5135239
v 14896.5000000 7450.3500977 0.0000000
vn -5.3432164 -3.0847683 0.4021441
v 14896.5000000 7450.3500977 6968.3999023
vn -5.1193242 -2.9553721 1.5672197
v 14907.7001953 7456.8300781 7066.7099609
vn -4.6132007 -2.6635196 3.0371091
v 14940.5996094 7475.7998047 7158.3100586
vn -3.7973661 -2.1924176 4.3181453
v 14992.7998047 7505.9799805 7236.9702148
vn -2.7190650 -1.5699875 5.3250008
v 15061.0000000 7545.3100586 7297.3300781
vn -1.4461253 -0.8348520 5.9786882
v 15140.2998047 7591.1098633 7335.2700195
vn -0.0587268 -0.0339061 6.2284131
v 15225.4003906 7640.2597656 7348.2202148
vn 1.3439399 0.7758830 6.0474706
v 15310.5000000 7689.4101562 7335.2700195
vn 2.6613257 1.5366256 5.4423504
v 15389.9003906 7735.2202148 7297.3300781
vn 3.7980266 2.1928463 4.4544616
v 15458.0000000 7774.5498047 7236.9702148
vn 4.6714888 2.6972218 3.1532648
v 15510.2998047 7804.7299805 7158.3100586
vn 5.2207661 3.0141604 1.6319518
v 15543.0996094 7823.7001953 7066.7099609
vn 5.4011106 3.1184278 0.4107690
v 15554.2998047 7830.1699219 6968.3999023
vn 5.3743229 3.1027198 0.2044606
v 15554.2998047 7830.1699219 689.1779785
vn 5.3099594 3.0656757 0.8046790
v 15557.7998047 7832.1601562 628.3300171
vn 5.1773186 2.9888504 1.5938776
v 15568.0996094 7838.1098633 568.5219727
vn 4.9596543 2.8635440 2.3571937
v 15585.0996094 7847.9101562 510.7799988
vn 4.6569633 2.6883957 3.0851164
v 15608.4003906 7861.3999023 456.0889893
vn 4.2759566 2.4687886 3.7649865
v 15637.7998047 7878.3398438 405.3869934
vn 3.8231623 2.2071426 4.3795605
v 15672.5996094 7898.4399414 359.5400085
vn 3.3024714 1.9065121 4.9249768
v 15712.2998047 7921.3598633 319.3340149
vn 3.6820836 0.9866875 4.9259920
v 15434.0000000 8593.2900391 319.3340149
vn 3.8118658 0.0000028 4.9254165
v 15339.0000000 9314.3496094 319.3340149
vn 3.6820269 -0.9865390 4.9261250
v 15434.0000000 10035.4003906 319.3340149
vn 3.3022301 -1.9060128 4.9256549
v 15712.2998047 10707.2998047 319.3340149
vn 2.6957631 -2.6951530 4.9262547
v 16155.0000000 11284.2998047 319.3340149
vn 1.9066377 -3.3020570 4.9250417
v 16732.0000000 11727.0996094 319.3340149
vn 0.9863182 -3.6821139 4.9261045
v 17404.0000000 12005.4003906 319.3340149
vn 0.0000582 -3.8116291 4.9265771
v 18125.0000000 12100.2998047 319.3340149
vn -0.0000122 -4.4128075 4.3810706
v 18125.0000000 12146.2001953 359.5400085
vn -1.1424974 -4.2638259 4.3795648
v 18858.0000000 12049.7001953 359.5400085
vn -2.2064943 -3.8223543 4.3810339
v 19540.9003906 11766.7998047 359.5400085
vn -3.1193860 -3.1202602 4.3821063
v 20127.4003906 11316.7998047 359.5400085
vn -3.8221207 -2.2068665 4.3803816
v 20577.5000000 10730.2998047 359.5400085
vn -4.2779613 -2.4699481 3.7608626
v 20612.3007812 10750.4003906 405.3869934
vn -4.6577864 -2.6890585 3.0857205
v 20641.5996094 10767.2998047 456.0889893
vn -4.9580088 -2.8623509 2.3606400
v 20665.0000000 10780.7998047 510.7799988
vn -5.1773272 -2.9891050 1.5927193
v 20682.0000000 10790.5996094 568.5219727
vn -5.3104291 -3.0653999 0.7992830
v 20692.3007812 10796.5000000 628.3300171
vn -5.3749027 -3.1030414 0.2003617
v 20695.6992188 10798.5000000 689.1779785
vn -5.4012585 -3.1182115 0.4114047
v 20695.6992188 10798.5000000 6968.3999023
vn -5.2198811 -3.0137572 1.6351334
v 20706.9003906 10805.0000000 7066.7099609
vn -4.6704803 -2.6962590 3.1559043
v 20739.8007812 10824.0000000 7158.3100586
vn -3.7981942 -2.1926808 4.4544487
v 20792.0996094 10854.2001953 7236.9702148
vn -2.6624880 -1.5370581 5.4417543
v 20860.1992188 10893.5000000 7297.3300781
vn -1.3446480 -0.7763183 6.0471249
v 20939.5000000 10939.2998047 7335.2700195
vn 0.0585474 0.0338157 6.2284608
v 21024.5996094 10988.5000000 7348.2202148
vn 1.4459314 0.8347596 5.9787073
v 21109.8007812 11037.5996094 7335.2700195
vn 2.7204373 1.5706592 5.3236899
v 21189.0996094 11083.4003906 7297.3300781
vn 3.7976010 2.1923108 4.3192182
v 21257.1992188 11122.7001953 7236.9702148
vn 4.6119051 2.6624913 3.0392365
v 21309.5000000 11152.9003906 7158.3100586
vn 5.1190004 2.9555924 1.5663683
v 21342.4003906 11171.9003906 7066.7099609
vn 5.3434958 3.0848167 0.4009022
v 21353.5996094 11178.2998047 6968.3999023
vn 5.3212833 3.0718398 -0.5110860
v 21353.5996094 11178.2998047 0.0000000
vn 6.2656250 3.9054303 0.0975432
v 21801.9003906 9702.3496094 6647.5600586
vn 6.5720291 3.7180991 0.8863264
v 21803.6992188 9689.1298828 6743.9501953
vn 5.2867031 0.8206145 -3.0002251
v 21821.9003906 9550.8095703 6374.6801758
vn 3.1147811 0.4095649 -0.0000516
v 21853.0000000 9314.3496094 6627.8300781
vn 5.2158136 0.0000104 -3.2614944
v 21853.0000000 9314.3496094 6365.0000000
vn -1.3617765 -2.3537500 -4.9580698
v 21889.1992188 9040.0000000 6353.7500000
vn -1.3617909 2.3537383 -4.9580650
v 21889.1992188 9588.7099609 6353.7500000
vn -1.6862396 2.3546238 -4.8586302
v 21821.9003906 9588.7099609 6374.6801758
vn 5.2660208 2.2952201 -2.5072789
v 21816.9003906 9588.7099609 6376.6000977
vn 5.0518637 2.3434935 2.4553757
v 21816.9003906 9588.7099609 1119.4799805
vn 3.1148000 0.4094196 0.0000000
v 21853.0000000 9314.3496094 862.4470215
vn -2.5023859 2.4529262 4.5842981
v 22156.8007812 9588.7099609 1282.5000000
vn -1.5961658 5.2726564 2.9240556
v 22191.5000000 9650.3701172 1218.8199463
vn 5.5431876 3.5336344 1.4307988
v 21808.8007812 9650.3701172 1035.2299805
vn -0.8327568 5.9795465 1.5253804
v 22232.0000000 9689.1298828 1144.6600342
vn 5.9003439 3.8522074 0.6823503
v 21803.6992188 9689.1298828 939.2020264
vn 0.0144369 6.2172670 -0.0264918
v 22275.5000000 9702.3496094 1065.0799561
vn 6.2829866 3.9067771 -0.1149312
v 21801.9003906 9702.3496094 837.9450073
vn 0.8565487 5.9473734 -1.5690498
v 22318.9003906 9689.1298828 985.4970093
vn 6.6490941 3.7090104 -0.8742847
v 21803.6992188 9689.1298828 738.3579712
vn 1.6073472 5.2217808 -2.9443483
v 22359.4003906 9650.3701172 911.3369751
vn 6.9628005 3.3182952 -1.5289674
v 21808.8007812 9650.3701172 647.2280273
vn 2.2094250 4.1524291 -4.0470405
v 22394.1992188 9588.7099609 847.6550293
vn 7.2080140 2.7952483 -2.0402942
v 21816.9003906 9588.7099609 570.7639771
vn 2.7162085 1.7526870 -4.9757156
v 22420.8007812 9508.3496094 798.7899780
vn 2.6208317 4.1527357 -3.7931988
v 22815.1992188 9588.7099609 1107.0100098
vn 3.2219992 1.7529297 -4.6639357
v 22846.8007812 9508.3496094 1061.2099609
vn 3.0033720 4.1530876 -3.4986036
v 23206.6992188 9588.7099609 1409.0200195
vn 3.6919067 1.7540120 -4.3004193
v 23243.0000000 9508.3496094 1366.7700195
vn 3.3534086 4.1526108 -3.1651280
v 23564.5000000 9588.7099609 1750.3399658
vn 4.1221056 1.7536051 -3.8905675
v 23605.0000000 9508.3496094 1712.1300049
vn 4.5063996 1.7539502 -3.4376299
v 23928.9003906 9508.3496094 2093.4899902
vn 3.6654985 4.1536708 -2.7960105
v 23884.5996094 9588.7099609 2127.2500000
vn 2.4399772 5.2210894 -2.3027678
v 23511.8007812 9650.3701172 1800.1400146
vn 2.6678324 5.2213850 -2.0349669
v 23826.9003906 9650.3701172 2171.2500000
vn 1.2997611 5.9475746 -1.2267326
v 23450.3007812 9689.1298828 1858.1400146
vn 1.4218963 5.9469705 -1.0846601
v 23759.8007812 9689.1298828 2222.5000000
vn 0.0219997 6.2172756 -0.0207974
v 23384.4003906 9702.3496094 1920.3699951
vn 0.0238189 6.2172832 -0.0181680
v 23687.6992188 9702.3496094 2277.4899902
vn -1.2641089 5.9793468 1.1931678
v 23318.4003906 9689.1298828 1982.5999756
vn -1.3817801 5.9795699 1.0540512
v 23615.5996094 9689.1298828 2332.4799805
vn -2.4223266 5.2732320 2.2861819
v 23257.0000000 9650.3701172 2040.5999756
vn -2.6480339 5.2732735 2.0199993
v 23548.4003906 9650.3701172 2383.7199707
vn -3.7975085 2.4536664 3.5841563
v 23204.1992188 9588.7099609 2090.3999023
vn -4.1519599 2.4535000 3.1672697
v 23490.6992188 9588.7099609 2427.7199707
vn -2.3944807 0.0000000 2.0337324
v 23204.1992188 9314.3496094 2090.3999023
vn -4.9887476 0.0000000 3.8055630
v 23490.6992188 9314.3496094 2427.7199707
vn -5.3596783 0.0000000 3.2625031
v 23740.3007812 9314.3496094 2793.1799316
vn -5.6718321 0.0000000 2.6832838
v 23950.3007812 9314.3496094 3182.7600098
vn -5.9215598 0.0000000 2.0749612
v 24118.3007812 9314.3496094 3592.1799316
vn -6.1061463 0.0000000 1.4438453
v 24242.5996094 9314.3496094 4016.9299316
vn -6.2238007 0.0000000 0.7964728
v 24321.6992188 9314.3496094 4452.3701172
vn -6.2729664 0.0000000 0.1405689
v 24354.8007812 9314.3496094 4893.6899414
vn -6.2409987 0.0000000 -0.5988778
v 24341.5996094 9314.3496094 5332.7797852
vn -6.0841465 0.0000000 -1.4890487
v 24309.0000000 9314.3496094 5533.1601562
vn -5.7751250 0.0000000 -2.4252181
v 24246.4003906 9314.3496094 5722.8398438
vn -4.8306618 -2.4838629 -2.0286546
v 24246.4003906 9040.0000000 5722.8398438
vn -3.0598407 -5.2861624 -1.2847385
v 24313.4003906 8978.3398438 5750.9799805
vn -1.5882988 -5.9877596 -0.6667676
v 24391.5000000 8939.5800781 5783.7402344
vn -1.4647439 -5.9872675 -0.9082886
v 24288.5000000 8939.5800781 5983.2500000
vn 0.0381139 -6.2171769 0.0237011
v 24365.6992188 8926.3496094 6031.1201172
vn 1.5276277 -5.9391012 0.9474989
v 24442.9003906 8939.5800781 6078.9799805
vn 2.8512964 -5.2089162 1.7680216
v 24514.8007812 8978.3398438 6123.5800781
vn 3.9103186 -4.1400728 2.4242811
v 24576.5996094 9040.0000000 6161.8798828
vn 4.7881827 -1.7365882 2.9685264
v 24624.0000000 9120.3496094 6191.2700195
vn 4.7882638 1.7363969 2.9686744
v 24624.0000000 9508.3496094 6191.2700195
vn 3.9103379 4.1399474 2.4244061
v 24576.5996094 9588.7099609 6161.8798828
vn 2.8512964 5.2089167 1.7680216
v 24514.8007812 9650.3701172 6123.5800781
vn 1.5273368 5.9391484 0.9473184
v 24442.9003906 9689.1298828 6078.9799805
vn 0.0380842 6.2172823 0.0236827
v 24365.6992188 9702.3496094 6031.1201172
vn 0.0410485 6.2172880 0.0172165
v 24475.1992188 9702.3496094 5818.8999023
vn 0.0430822 6.2173047 0.0104832
v 24550.0000000 9702.3496094 5592.1401367
vn 0.0373910 6.2172308 0.0035781
v 24588.4003906 9702.3496094 5356.4399414
vn 0.0294157 6.2172756 -0.0006203
v 24602.4003906 9702.3496094 4888.1298828
vn 0.0297317 6.2172227 -0.0038448
v 24567.4003906 9702.3496094 4420.9199219
vn 0.0286750 6.2172914 -0.0067080
v 24483.5996094 9702.3496094 3959.9399414
vn 1.7397255 5.9472265 -0.4111892
v 24571.9003906 9689.1298828 3939.0800781
vn 3.2652733 5.2212725 -0.7719269
v 24654.0996094 9650.3701172 3919.6398926
vn 4.4867792 4.1533952 -1.0605925
v 24724.6992188 9588.7099609 3902.9499512
vn 5.5159020 1.7537682 -1.3038763
v 24778.9003906 9508.3496094 3890.1398926
vn 5.3497934 1.7526520 -1.8749062
v 24638.4003906 9508.3496094 3409.9399414
vn 5.1241589 1.7531275 -2.4241433
v 24448.4003906 9508.3496094 2947.0800781
vn 4.8415031 1.7540786 -2.9465122
v 24211.0996094 9508.3496094 2506.6499023
vn 3.9377739 4.1539993 -2.3966508
v 24163.5000000 9588.7099609 2535.5900879
vn 2.8660960 5.2215071 -1.7444928
v 24101.5000000 9650.3701172 2573.3200684
vn 1.5275619 5.9469814 -0.9297309
v 24029.4003906 9689.1298828 2617.2500000
vn 0.0252279 6.2172728 -0.0153267
v 23951.9003906 9702.3496094 2664.3898926
vn -1.4846299 5.9796124 0.9035528
v 23874.5000000 9689.1298828 2711.5300293
vn -2.8448653 5.2733846 1.7315493
v 23802.3007812 9650.3701172 2755.4599609
vn -4.4605331 2.4535797 2.7151835
v 23740.3007812 9588.7099609 2793.1799316
vn -4.7204390 2.4536400 2.2332263
v 23950.3007812 9588.7099609 3182.7600098
vn -4.9279933 2.4536247 1.7267264
v 24118.3007812 9588.7099609 3592.1799316
vn -5.0822248 2.4533296 1.2018253
v 24242.5996094 9588.7099609 4016.9299316
vn -5.1795311 2.4537454 0.6626861
v 24321.6992188 9588.7099609 4452.3701172
vn -5.2214808 2.4529071 0.1171236
v 24354.8007812 9588.7099609 4893.6899414
vn -5.2069111 2.4689641 -0.4996556
v 24341.5996094 9588.7099609 5332.7797852
vn -5.0888643 2.4840136 -1.2455273
v 24309.0000000 9588.7099609 5533.1601562
vn -4.8306608 2.4838629 -2.0286546
v 24246.4003906 9588.7099609 5722.8398438
vn -4.4526463 2.4839954 -2.7600634
v 24154.8007812 9588.7099609 5900.3500977
vn -5.3238592 0.0000000 -3.3002884
v 24154.8007812 9314.3496094 5900.3500977
vn -4.4526463 -2.4839952 -2.7600634
v 24154.8007812 9040.0000000 5900.3500977
vn -2.8209734 -5.2861090 -1.7487204
v 24216.5996094 8978.3398438 5938.6499023
vn -2.5118160 -5.2858377 -2.1702285
v 24091.5996094 8978.3398438 6108.8100586
vn -1.3040509 -5.9873462 -1.1267811
v 24155.5996094 8939.5800781 6164.1401367
vn 0.0339928 -6.2171459 0.0293273
v 24224.3007812 8926.3496094 6223.5200195
vn 1.3597718 -5.9394541 1.1747363
v 24293.0000000 8939.5800781 6282.9101562
vn 2.5384767 -5.2088404 2.1929247
v 24357.0996094 8978.3398438 6338.2402344
vn 3.4816098 -4.1397023 3.0080585
v 24412.0996094 9040.0000000 6385.7597656
vn 4.2628827 -1.7364388 3.6830566
v 24454.3007812 9120.3496094 6422.2202148
vn 4.2629719 1.7362933 3.6831195
v 24454.3007812 9508.3496094 6422.2202148
vn 3.4817035 4.1395230 3.0081227
v 24412.0996094 9588.7099609 6385.7597656
vn 2.5384765 5.2088404 2.1929247
v 24357.0996094 9650.3701172 6338.2402344
vn 1.3595127 5.9395018 1.1745123
v 24293.0000000 9689.1298828 6282.9101562
vn 0.0339664 6.2172513 0.0293045
v 24224.3007812 9702.3496094 6223.5200195
vn -1.3037653 5.9874048 -1.1265343
v 24155.5996094 9689.1298828 6164.1401367
vn -1.4644232 5.9873257 -0.9080898
v 24288.5000000 9689.1298828 5983.2500000
vn -1.5879506 5.9878182 -0.6666213
v 24391.5000000 9689.1298828 5783.7402344
vn -1.6735337 5.9874334 -0.4097157
v 24461.8007812 9689.1298828 5570.5498047
vn -1.7223544 5.9836817 -0.1652996
v 24498.0996094 9689.1298828 5347.7797852
vn -1.7375816 5.9795895 0.0389453
v 24511.8007812 9689.1298828 4890.1699219
vn -1.7242802 5.9794388 0.2206838
v 24477.5000000 9689.1298828 4432.4301758
vn -1.6919223 5.9793262 0.4001190
v 24395.4003906 9689.1298828 3980.8000488
vn -1.6406822 5.9792786 0.5748885
v 24266.5000000 9689.1298828 3540.2500000
vn 0.0282818 6.2173138 -0.0099225
v 24352.0996094 9702.3496094 3510.2600098
vn 1.6873505 5.9471502 -0.5912196
v 24437.6992188 9689.1298828 3480.2800293
vn 3.1661925 5.2216311 -1.1094406
v 24517.4003906 9650.3701172 3452.3400879
vn 4.3512616 4.1525183 -1.5248148
v 24585.9003906 9588.7099609 3428.3500977
vn 4.1677504 4.1527495 -1.9718956
v 24398.0996094 9588.7099609 2970.8898926
vn 3.0330780 5.2213750 -1.4351170
v 24332.5000000 9650.3701172 3001.9199219
vn 1.6165295 5.9469528 -0.7648135
v 24256.1992188 9689.1298828 3038.0500488
vn 0.0270424 6.2173176 -0.0128342
v 24174.1992188 9702.3496094 3076.8200684
vn -1.5717281 5.9791393 0.7435948
v 24092.1992188 9689.1298828 3115.6000977
vn -3.0115094 5.2728329 1.4247892
v 24015.9003906 9650.3701172 3151.7299805
vn -3.1435964 5.2731576 1.1014420
v 24186.8007812 9650.3701172 3568.1799316
vn -3.2418678 5.2728214 0.7666704
v 24313.1992188 9650.3701172 4000.2399902
vn -3.3035161 5.2734661 0.4226379
v 24393.6992188 9650.3701172 4443.1499023
vn -3.3302078 5.2727752 0.0747154
v 24427.3007812 9650.3701172 4892.0600586
vn -3.3094506 5.2799339 -0.3175400
v 24413.9003906 9650.3701172 5339.7099609
vn -3.2239687 5.2859364 -0.7893522
v 24379.5996094 9650.3701172 5550.4399414
vn -3.0598407 5.2861624 -1.2847385
v 24313.4003906 9650.3701172 5750.9799805
vn -2.8209734 5.2861094 -1.7487205
v 24216.5996094 9650.3701172 5938.6499023
vn -3.9647956 2.4842911 -3.4248254
v 24036.5996094 9588.7099609 6061.2900391
vn -2.5118160 5.2858377 -2.1702287
v 24091.5996094 9650.3701172 6108.8100586
vn -3.3776577 2.4834824 -4.0058856
v 23894.5000000 9588.7099609 6201.6899414
vn -2.1398876 5.2855425 -2.5377517
v 23941.3007812 9650.3701172 6257.2402344
vn -2.7078147 2.4838734 -4.4848094
v 23732.0996094 9588.7099609 6318.0498047
vn -1.7156491 5.2860708 -2.8412631
v 23769.6992188 9650.3701172 6380.2700195
vn -1.9707689 2.4839740 -4.8547115
v 23553.5996094 9588.7099609 6407.5097656
vn -1.2484922 5.2857237 -3.0757697
v 23580.9003906 9650.3701172 6474.8500977
vn -1.1842356 2.4839227 -5.1034698
v 23363.0996094 9588.7099609 6467.8398438
vn -0.7504811 5.2860231 -3.2331176
v 23379.5996094 9650.3701172 6538.6298828
vn -0.3692157 2.4838676 -5.2262783
v 23165.5996094 9588.7099609 6497.5498047
vn -0.2338421 5.2858372 -3.3110073
v 23170.6992188 9650.3701172 6570.0400391
vn 0.2883346 5.2859850 -3.3065674
v 22959.5996094 9650.3701172 6568.3100586
vn 0.4553389 2.4839907 -5.2192850
v 22965.9003906 9588.7099609 6495.8999023
vn 0.0259548 0.0000000 -3.1414857
v 22965.9003906 9314.3496094 6495.8999023
vn 0.4553388 -2.4839907 -5.2192841
v 22965.9003906 9040.0000000 6495.8999023
vn 0.0259548 0.0000000 -3.1414852
v 23165.5996094 9314.3496094 6497.5498047
vn -0.3692157 -2.4838679 -5.2262793
v 23165.5996094 9040.0000000 6497.5498047
vn -1.1842355 -2.4839227 -5.1034698
v 23363.0996094 9040.0000000 6467.8398438
vn -0.9484932 0.0000000 -2.9949899
v 23363.0996094 9314.3496094 6467.8398438
vn -0.9484933 0.0000000 -2.9949901
v 23553.5996094 9314.3496094 6407.5097656
vn -1.9707690 -2.4839740 -4.8547115
v 23553.5996094 9040.0000000 6407.5097656
vn -2.7078147 -2.4838734 -4.4848089
v 23732.0996094 9040.0000000 6318.0498047
vn -1.8297558 0.0000000 -2.5537417
v 23732.0996094 9314.3496094 6318.0498047
vn -3.3776584 -2.4834826 -4.0058861
v 23894.5000000 9040.0000000 6201.6899414
vn -2.2080359 0.0000000 -2.2347667
v 23894.5000000 9314.3496094 6201.6899414
vn -4.7400918 0.0000000 -4.0944166
v 24036.5996094 9314.3496094 6061.2900391
vn -3.9647956 -2.4842911 -3.4248257
v 24036.5996094 9040.0000000 6061.2900391
vn -2.1398876 -5.2855425 -2.5377517
v 23941.3007812 8978.3398438 6257.2402344
vn -1.1107186 -5.9875970 -1.3168386
v 23995.9003906 8939.5800781 6321.9399414
vn 0.0292238 -6.2171493 0.0346731
v 24054.5000000 8926.3496094 6391.3701172
vn 1.1586902 -5.9393702 1.3737910
v 24113.0000000 8939.5800781 6460.7900391
vn 2.1632574 -5.2082763 2.5648494
v 24167.5996094 8978.3398438 6525.4902344
vn 2.9662819 -4.1398649 3.5177312
v 24214.4003906 9040.0000000 6581.0498047
vn 3.6316004 -1.7369895 4.3064628
v 24250.4003906 9120.3496094 6623.6801758
vn 3.6316745 1.7368371 4.3065505
v 24250.4003906 9508.3496094 6623.6801758
vn 2.9663515 4.1396942 3.5178137
v 24214.4003906 9588.7099609 6581.0498047
vn 2.1632574 5.2082763 2.5648496
v 24167.5996094 9650.3701172 6525.4902344
vn 1.1584693 5.9394174 1.3735290
v 24113.0000000 9689.1298828 6460.7900391
vn 0.0292011 6.2172546 0.0346461
v 24054.5000000 9702.3496094 6391.3701172
vn -1.1104753 5.9876547 -1.3165500
v 23995.9003906 9689.1298828 6321.9399414
vn -0.8903266 5.9874411 -1.4749219
v 23813.4003906 9689.1298828 6452.7299805
vn -0.6479650 5.9874773 -1.5962564
v 23612.6992188 9689.1298828 6553.2700195
vn -0.3894569 5.9875250 -1.6781385
v 23398.6992188 9689.1298828 6621.0800781
vn -0.1214116 5.9875689 -1.7183278
v 23176.6992188 9689.1298828 6654.4702148
vn 0.1496997 5.9875278 -1.7161896
v 22952.1992188 9689.1298828 6652.6201172
vn 0.4170925 5.9875579 -1.6713824
v 22730.8007812 9689.1298828 6615.5800781
vn 0.8035417 5.2860060 -3.2203219
v 22751.3007812 9650.3701172 6533.4599609
vn 1.2683759 2.4839926 -5.0832582
v 22768.9003906 9588.7099609 6462.9399414
vn 0.5184124 0.0000000 -3.0985243
v 22768.9003906 9314.3496094 6462.9399414
vn 1.2683759 -2.4839923 -5.0832577
v 22768.9003906 9040.0000000 6462.9399414
vn 0.8035417 -5.2860060 -3.2203221
v 22751.3007812 8978.3398438 6533.4599609
vn 0.2883345 -5.2859845 -3.3065674
v 22959.5996094 8978.3398438 6568.3100586
vn -0.2338421 -5.2858372 -3.3110073
v 23170.6992188 8978.3398438 6570.0400391
vn -0.7504811 -5.2860231 -3.2331178
v 23379.5996094 8978.3398438 6538.6298828
vn -1.2484922 -5.2857237 -3.0757697
v 23580.9003906 8978.3398438 6474.8500977
vn -1.7156491 -5.2860713 -2.8412631
v 23769.6992188 8978.3398438 6380.2700195
vn -0.8905217 -5.9873829 -1.4752451
v 23813.4003906 8939.5800781 6452.7299805
vn 0.0233361 -6.2171650 0.0386285
v 23860.4003906 8926.3496094 6530.4799805
vn 0.9287486 -5.9393616 1.5385201
v 23907.3007812 8939.5800781 6608.2402344
vn 1.7342114 -5.2082253 2.8724096
v 23951.0996094 8978.3398438 6680.6899414
vn 2.3784294 -4.1392012 3.9394536
v 23988.5996094 9040.0000000 6742.9101562
vn 2.9117770 -1.7365062 4.8230567
v 24017.4003906 9120.3496094 6790.6601562
vn 2.9118364 1.7363539 4.8231554
v 24017.4003906 9508.3496094 6790.6601562
vn 2.3784852 4.1390300 3.9395456
v 23988.5996094 9588.7099609 6742.9101562
vn 1.7342117 5.2082253 2.8724098
v 23951.0996094 9650.3701172 6680.6899414
vn 0.9285716 5.9394093 1.5382270
v 23907.3007812 9689.1298828 6608.2402344
vn 0.0233179 6.2172709 0.0385983
v 23860.4003906 9702.3496094 6530.4799805
vn 0.0169519 6.2172556 0.0418441
v 23646.9003906 9702.3496094 6637.4301758
vn 0.0101494 6.2172675 0.0436165
v 23419.1992188 9702.3496094 6709.5498047
vn 0.0031589 6.2172680 0.0447982
v 23183.0996094 9702.3496094 6745.0698242
vn -0.0039005 6.2172656 0.0447310
v 22944.3007812 9702.3496094 6743.1000977
vn -0.0108674 6.2172666 0.0435830
v 22708.8007812 9702.3496094 6703.7001953
vn -0.0043365 6.2172694 0.0120348
v 22482.4003906 9702.3496094 6627.8300781
vn 0.5946525 5.9702549 -1.6505042
v 22513.0996094 9689.1298828 6542.6298828
vn 1.1332537 5.2585859 -3.1432538
v 22541.6992188 9650.3701172 6463.2402344
vn 1.7623237 2.4186532 -4.8907356
v 22566.3007812 9588.7099609 6395.0600586
vn 0.9980451 0.0000000 -2.9788437
v 22566.3007812 9314.3496094 6395.0600586
vn 1.7623237 -2.4186532 -4.8907356
v 22566.3007812 9040.0000000 6395.0600586
vn 1.1332536 -5.2585859 -3.1432540
v 22541.6992188 8978.3398438 6463.2402344
vn 0.5947765 -5.9702005 -1.6508485
v 22513.0996094 8939.5800781 6542.6298828
vn 0.4171839 -5.9874997 -1.6717488
v 22730.8007812 8939.5800781 6615.5800781
vn 0.1497325 -5.9874697 -1.7165658
v 22952.1992188 8939.5800781 6652.6201172
vn -0.1214382 -5.9875107 -1.7187043
v 23176.6992188 8939.5800781 6654.4702148
vn -0.3895423 -5.9874673 -1.6785064
v 23398.6992188 8939.5800781 6621.0800781
vn -0.6481071 -5.9874191 -1.5966061
v 23612.6992188 8939.5800781 6553.2700195
vn 0.0169651 -6.2171507 0.0418766
v 23646.9003906 8926.3496094 6637.4301758
vn 0.6758717 -5.9393902 1.6651614
v 23681.0000000 8939.5800781 6721.5800781
vn 1.2619765 -5.2085586 3.1086044
v 23712.9003906 8978.3398438 6800.0000000
vn 1.7305410 -4.1396575 4.2634192
v 23740.1992188 9040.0000000 6867.3500977
vn 2.1188974 -1.7365139 5.2198677
v 23761.1992188 9120.3496094 6919.0200195
vn 2.1189406 1.7363614 5.2199745
v 23761.1992188 9508.3496094 6919.0200195
vn 1.7305818 4.1394868 4.2635193
v 23740.1992188 9588.7099609 6867.3500977
vn 1.2619765 5.2085586 3.1086044
v 23712.9003906 9650.3701172 6800.0000000
vn 0.6757429 5.9394379 1.6648440
v 23681.0000000 9689.1298828 6721.5800781
vn 0.4063332 5.9392824 1.7503941
v 23439.8007812 9689.1298828 6798.0200195
vn 0.1266055 5.9393206 1.7924321
v 23189.5000000 9689.1298828 6835.6699219
vn -0.1561917 5.9392896 1.7901723
v 22936.4003906 9689.1298828 6833.5800781
vn -0.4351077 5.9392977 1.7434766
v 22686.8007812 9689.1298828 6791.8198242
vn -0.6018503 5.9564476 1.6705049
v 22451.6992188 9689.1298828 6713.0400391
vn -0.5748969 5.9735622 1.6514814
v 22402.3007812 9689.1298828 6693.9799805
vn 0.0062560 6.2172689 -0.0179864
v 22432.0996094 9702.3496094 6608.4199219
vn 0.5854384 5.9532590 -1.6809140
v 22461.9003906 9689.1298828 6522.8701172
vn 1.1026102 5.2305751 -3.1669273
v 22489.6992188 9650.3701172 6443.1401367
vn 1.6900942 2.3535886 -4.8562541
v 22513.5000000 9588.7099609 6374.6801758
vn 1.1312413 0.0000000 -2.9308527
v 22513.5000000 9314.3496094 6374.6801758
vn 1.6900942 -2.3535886 -4.8562541
v 22513.5000000 9040.0000000 6374.6801758
vn 1.1026102 -5.2305751 -3.1669273
v 22489.6992188 8978.3398438 6443.1401367
vn 0.5855546 -5.9532089 -1.6812479
v 22461.9003906 8939.5800781 6522.8701172
vn 0.0062609 -6.2171640 -0.0180005
v 22432.0996094 8926.3496094 6608.4199219
vn -0.0043399 -6.2171640 0.0120442
v 22482.4003906 8926.3496094 6627.8300781
vn -0.0108759 -6.2171612 0.0436169
v 22708.8007812 8926.3496094 6703.7001953
vn -0.0039036 -6.2171607 0.0447657
v 22944.3007812 8926.3496094 6743.1000977
vn 0.0031614 -6.2171626 0.0448333
v 23183.0996094 8926.3496094 6745.0698242
vn 0.0101573 -6.2171617 0.0436504
v 23419.1992188 8926.3496094 6709.5498047
vn 0.4064106 -5.9392347 1.7507277
v 23439.8007812 8939.5800781 6798.0200195
vn 0.7585981 -5.2085257 3.2683167
v 23458.9003906 8978.3398438 6880.4702148
vn 1.0402840 -4.1394649 4.4822712
v 23475.3007812 9040.0000000 6951.2700195
vn 1.2736242 -1.7363946 5.4880013
v 23487.9003906 9120.3496094 7005.5898438
vn 1.2736502 1.7362423 5.4881134
v 23487.9003906 9508.3496094 7005.5898438
vn 1.0403085 4.1392941 4.4823766
v 23475.3007812 9588.7099609 6951.2700195
vn 0.7585981 5.2085257 3.2683167
v 23458.9003906 9650.3701172 6880.4702148
vn 0.2365313 5.2084861 3.3468113
v 23195.5000000 9650.3701172 6920.1000977
vn -0.2915050 5.2086587 3.3423581
v 22929.0996094 9650.3701172 6917.8999023
vn -0.8123602 5.2086358 3.2551684
v 22666.3007812 9650.3701172 6873.9399414
vn -1.1362027 5.2363448 3.1532421
v 22423.0996094 9650.3701172 6792.4301758
vn -1.0969062 5.2638154 3.1525939
v 22374.5996094 9650.3701172 6773.7099609
vn -0.8838569 5.2635555 3.2189775
v 22334.3007812 9650.3701172 6761.1899414
vn -0.4632903 5.9738097 1.6857147
v 22356.6992188 9689.1298828 6679.7797852
vn 0.0051002 6.2172689 -0.0185305
v 22380.6992188 9702.3496094 6592.4199219
vn 0.4716324 5.9530325 -1.7167192
v 22404.6992188 9689.1298828 6505.0600586
vn 0.8878787 5.2307663 -3.2338548
v 22427.0000000 9650.3701172 6423.6601562
vn 1.3617822 2.3537095 -4.9580774
v 22446.1992188 9588.7099609 6353.7500000
vn 1.3617823 -2.3537095 -4.9580789
v 22446.1992188 9040.0000000 6353.7500000
vn 0.7302150 0.0000000 -3.0555506
v 22446.1992188 9314.3496094 6353.7500000
vn 1.0268092 -2.3535018 -5.0381598
v 22377.6992188 9040.0000000 6337.3798828
vn 0.6700497 -5.2308035 -3.2857466
v 22363.1992188 8978.3398438 6408.4101562
vn 0.8878787 -5.2307668 -3.2338552
v 22427.0000000 8978.3398438 6423.6601562
vn 0.4717261 -5.9529819 -1.7170600
v 22404.6992188 8939.5800781 6505.0600586
vn 0.0051042 -6.2171640 -0.0185451
v 22380.6992188 8926.3496094 6592.4199219
vn -0.4633880 -5.9737549 1.6860701
v 22356.6992188 8939.5800781 6679.7797852
vn -0.5750180 -5.9735069 1.6518292
v 22402.3007812 8939.5800781 6693.9799805
vn -0.6019710 -5.9563966 1.6708398
v 22451.6992188 8939.5800781 6713.0400391
vn -0.4351906 -5.9392505 1.7438090
v 22686.8007812 8939.5800781 6791.8198242
vn -0.1562215 -5.9392424 1.7905138
v 22936.4003906 8939.5800781 6833.5800781
vn 0.1266297 -5.9392734 1.7927737
v 23189.5000000 8939.5800781 6835.6699219
vn 0.2365313 -5.2084856 3.3468115
v 23195.5000000 8978.3398438 6920.1000977
vn 0.3243622 -4.1395140 4.5899620
v 23200.5996094 9040.0000000 6992.5898438
vn 0.3970303 -1.7364203 5.6197462
v 23204.5000000 9120.3496094 7048.2202148
vn 0.3970385 1.7362680 5.6198616
v 23204.5000000 9508.3496094 7048.2202148
vn 0.3243698 4.1393433 4.5900693
v 23200.5996094 9588.7099609 6992.5898438
vn -0.3996610 4.1394897 4.5839219
v 22922.8007812 9588.7099609 6990.3100586
vn -1.1140863 4.1395259 4.4643307
v 22648.6992188 9588.7099609 6944.4599609
vn -1.5647218 4.1689148 4.3436856
v 22398.5000000 9588.7099609 6860.6098633
vn -1.5184002 4.1972675 4.3617110
v 22350.6992188 9588.7099609 6842.1699219
vn -1.2242146 4.1969628 4.4536138
v 22315.0996094 9588.7099609 6831.0898438
vn -0.9227341 4.1968756 4.5258822
v 22278.9003906 9588.7099609 6822.4301758
vn -0.6669726 5.2636843 3.2706394
v 22293.3007812 9650.3701172 6751.3901367
vn -0.3492432 5.9736977 1.7132049
v 22310.1992188 9689.1298828 6668.6699219
vn 0.0038149 6.2172694 -0.0187606
v 22328.3007812 9702.3496094 6579.8999023
vn 0.3556120 5.9530630 -1.7444203
v 22346.4003906 9689.1298828 6491.1298828
vn 0.6700497 5.2308030 -3.2857466
v 22363.1992188 9650.3701172 6408.4101562
vn 1.0268093 2.3535020 -5.0381594
v 22377.6992188 9588.7099609 6337.3798828
vn 0.7302149 0.0000000 -3.0555506
v 22377.6992188 9314.3496094 6337.3798828
vn 0.6868809 -2.3534584 -5.0958657
v 22308.1992188 9040.0000000 6325.6298828
vn 0.5237008 0.0000000 -3.0976346
v 22308.1992188 9314.3496094 6325.6298828
vn 0.6868811 2.3534584 -5.0958681
v 22308.1992188 9588.7099609 6325.6298828
vn 0.3442822 -2.3535450 -5.1302576
v 22238.0996094 9040.0000000 6318.5600586
vn 0.3152429 0.0000000 -3.1257362
v 22238.0996094 9314.3496094 6318.5600586
vn 0.3442821 2.3535452 -5.1302576
v 22238.0996094 9588.7099609 6318.5600586
vn -0.0000023 -2.3535526 -5.1417737
v 22167.6992188 9040.0000000 6316.2001953
vn 0.1052490 0.0000000 -3.1398292
v 22167.6992188 9314.3496094 6316.2001953
vn -0.0000024 2.3535528 -5.1417727
v 22167.6992188 9588.7099609 6316.2001953
vn -0.3442774 -2.3535473 -5.1302590
v 22097.3007812 9040.0000000 6318.5600586
vn -0.1052519 0.0000000 -3.1398292
v 22097.3007812 9314.3496094 6318.5600586
vn -0.3442774 2.3535473 -5.1302576
v 22097.3007812 9588.7099609 6318.5600586
vn -0.6869524 -2.3535972 -5.0956836
v 22027.1992188 9040.0000000 6325.6298828
vn -0.3152342 0.0000000 -3.1257370
v 22027.1992188 9314.3496094 6325.6298828
vn -0.6869524 2.3535972 -5.0956836
v 22027.1992188 9588.7099609 6325.6298828
vn -1.0266975 -2.3535714 -5.0380960
v 21957.6992188 9040.0000000 6337.3798828
vn -0.5237008 0.0000000 -3.0976346
v 21957.6992188 9314.3496094 6337.3798828
vn -1.0266973 2.3535714 -5.0380950
v 21957.6992188 9588.7099609 6337.3798828
vn -0.7302149 0.0000000 -3.0555506
v 21889.1992188 9314.3496094 6353.7500000
vn -0.6696313 5.2307377 -3.2858458
v 21972.1992188 9650.3701172 6408.4101562
vn -0.8878778 5.2307720 -3.2338541
v 21908.4003906 9650.3701172 6423.6601562
vn -1.1029793 5.2304730 -3.1668727
v 21845.6992188 9650.3701172 6443.1401367
vn 5.6534376 3.5161982 -1.4901161
v 21808.8007812 9650.3701172 6457.4101562
vn 5.9481940 3.8410597 -0.7235923
v 21803.6992188 9689.1298828 6549.8300781
vn -0.5856273 5.9532418 -1.6808574
v 21873.5000000 9689.1298828 6522.8701172
vn -0.4716316 5.9530287 -1.7167253
v 21930.6992188 9689.1298828 6505.0600586
vn -0.3553743 5.9530191 -1.7445282
v 21989.0000000 9689.1298828 6491.1298828
vn -0.2377220 5.9531341 -1.7642045
v 22048.1992188 9689.1298828 6481.1298828
vn -0.4481058 5.2307982 -3.3232279
v 22036.9003906 9650.3701172 6397.4702148
vn -0.1192201 5.9531460 -1.7761247
v 22107.8007812 9689.1298828 6475.1201172
vn -0.2247031 5.2307377 -3.3457990
v 22102.0996094 9650.3701172 6390.8901367
vn -0.0000010 5.9531226 -1.7801442
v 22167.6992188 9689.1298828 6473.1098633
vn -0.0000017 5.2307239 -3.3533664
v 22167.6992188 9650.3701172 6388.6899414
vn 0.2245148 5.2307320 -3.3458500
v 22233.3007812 9650.3701172 6390.8901367
vn 0.1190587 5.9531679 -1.7761277
v 22227.5996094 9689.1298828 6475.1201172
vn 0.0000042 6.2172651 -0.0190701
v 22167.6992188 9702.3496094 6563.7099609
vn 0.0012602 6.2172661 -0.0191695
v 22221.5996094 9702.3496094 6565.5097656
vn 0.0000062 5.9736671 1.7485256
v 22167.6992188 9689.1298828 6654.2998047
vn -0.1170508 5.9736981 1.7445366
v 22215.5000000 9689.1298828 6655.8999023
vn -0.2336808 5.9737005 1.7327738
v 22263.0996094 9689.1298828 6660.7001953
vn -0.4462169 5.2639198 3.3078377
v 22251.8007812 9650.3701172 6744.3598633
vn -0.6168948 4.1969810 4.5774231
v 22242.0996094 9588.7099609 6816.2099609
vn -0.7682120 1.8089250 5.7017326
v 22234.6992188 9508.3496094 6871.3398438
vn -0.7681974 -1.8090905 5.7016230
v 22234.6992188 9120.3496094 6871.3398438
vn -0.3091731 -4.1972008 4.6082582
v 22205.0000000 9040.0000000 6812.4702148
vn -0.6168799 -4.1971383 4.5773106
v 22242.0996094 9040.0000000 6816.2099609
vn -0.4462169 -5.2639198 3.3078377
v 22251.8007812 8978.3398438 6744.3598633
vn -0.2232127 -5.2637663 3.3304524
v 22209.8007812 8978.3398438 6740.1298828
vn 0.0000643 -4.1972108 4.6186156
v 22167.6992188 9040.0000000 6811.2202148
vn 0.0000026 -5.2637901 3.3378992
v 22167.6992188 8978.3398438 6738.7202148
vn 0.2232619 -5.2637444 3.3304949
v 22125.5996094 8978.3398438 6740.1298828
vn 0.3091888 -4.1973777 4.6081300
v 22130.4003906 9040.0000000 6812.4702148
vn 0.6176829 -4.1974931 4.5769672
v 22093.3007812 9040.0000000 6816.2099609
vn 0.9223961 -4.1969256 4.5256968
v 22056.5996094 9040.0000000 6822.4301758
vn 0.8836807 -5.2636757 3.2188730
v 22001.0996094 8978.3398438 6761.1899414
vn 0.6670704 -5.2638693 3.2703905
v 22042.0996094 8978.3398438 6751.3901367
vn 0.4633960 -5.9737597 1.6860579
v 21978.6992188 8939.5800781 6679.7797852
vn 0.3490707 -5.9736652 1.7135955
v 22025.1992188 8939.5800781 6668.6699219
vn -0.0051048 -6.2171636 -0.0185497
v 21954.6992188 8926.3496094 6592.4199219
vn -0.0038325 -6.2171636 -0.0188616
v 22007.0996094 8926.3496094 6579.8999023
vn -0.4717251 -5.9529781 -1.7170663
v 21930.6992188 8939.5800781 6505.0600586
vn -0.3554448 -5.9529691 -1.7448745
v 21989.0000000 8939.5800781 6491.1298828
vn -0.8878778 -5.2307720 -3.2338538
v 21908.4003906 8978.3398438 6423.6601562
vn -0.6696314 -5.2307377 -3.2858460
v 21972.1992188 8978.3398438 6408.4101562
vn -0.4481058 -5.2307982 -3.3232281
v 22036.9003906 8978.3398438 6397.4702148
vn -0.2247030 -5.2307377 -3.3457987
v 22102.0996094 8978.3398438 6390.8901367
vn -0.0000016 -5.2307243 -3.3533664
v 22167.6992188 8978.3398438 6388.6899414
vn 0.2245148 -5.2307320 -3.3458500
v 22233.3007812 8978.3398438 6390.8901367
vn 0.4482391 -5.2305727 -3.3233817
v 22298.5996094 8978.3398438 6397.4702148
vn 0.2378894 -5.9530115 -1.7646519
v 22287.3007812 8939.5800781 6481.1298828
vn 0.3556826 -5.9530120 -1.7447664
v 22346.4003906 8939.5800781 6491.1298828
vn 0.0038178 -6.2171640 -0.0187753
v 22328.3007812 8926.3496094 6579.8999023
vn -0.3493168 -5.9736433 1.7135659
v 22310.1992188 8939.5800781 6668.6699219
vn -0.6669729 -5.2636843 3.2706397
v 22293.3007812 8978.3398438 6751.3901367
vn -0.8838568 -5.2635555 3.2189775
v 22334.3007812 8978.3398438 6761.1899414
vn -1.0969061 -5.2638149 3.1525936
v 22374.5996094 8978.3398438 6773.7099609
vn -1.1362028 -5.2363453 3.1532419
v 22423.0996094 8978.3398438 6792.4301758
vn -0.8123602 -5.2086353 3.2551682
v 22666.3007812 8978.3398438 6873.9399414
vn -0.2915050 -5.2086592 3.3423581
v 22929.0996094 8978.3398438 6917.8999023
vn -0.3996516 -4.1396608 4.5838137
v 22922.8007812 9040.0000000 6990.3100586
vn -0.4895288 -1.7364219 5.6124730
v 22917.9003906 9120.3496094 7045.8598633
vn -0.4895388 1.7362695 5.6125879
v 22917.9003906 9508.3496094 7045.8598633
vn -1.3639573 1.7363604 5.4661808
v 22635.1992188 9508.3496094 6998.5698242
vn -1.9334211 1.7729943 5.3645487
v 22379.5996094 9508.3496094 6912.9301758
vn -1.8930726 1.8088365 5.4328127
v 22332.4003906 9508.3496094 6894.7001953
vn -1.5260159 1.8089261 5.5474439
v 22300.4003906 9508.3496094 6884.7299805
vn -1.1491731 1.8091115 5.6376581
v 22267.8007812 9508.3496094 6876.9301758
vn -1.1491511 -1.8092771 5.6375504
v 22267.8007812 9120.3496094 6876.9301758
vn -0.9227117 -4.1970329 4.5257711
v 22278.9003906 9040.0000000 6822.4301758
vn -0.2337301 -5.9736457 1.7331387
v 22263.0996094 8939.5800781 6660.7001953
vn -0.1170755 -5.9736428 1.7449040
v 22215.5000000 8939.5800781 6655.8999023
vn 0.0000061 -5.9736123 1.7488940
v 22167.6992188 8939.5800781 6654.2998047
vn 0.1172497 -5.9736710 1.7448572
v 22119.9003906 8939.5800781 6655.8999023
vn 0.2335820 -5.9735065 1.7334278
v 22072.4003906 8939.5800781 6660.7001953
vn 0.4461874 -5.2638750 3.3079388
v 22083.5996094 8978.3398438 6744.3598633
vn -0.0025392 -6.2171636 -0.0188347
v 22060.3007812 8926.3496094 6570.9199219
vn -0.2377692 -5.9530830 -1.7645550
v 22048.1992188 8939.5800781 6481.1298828
vn -0.1192438 -5.9530954 -1.7764775
v 22107.8007812 8939.5800781 6475.1201172
vn -0.0000010 -5.9530725 -1.7804976
v 22167.6992188 8939.5800781 6473.1098633
vn 0.1190823 -5.9531174 -1.7764804
v 22227.5996094 8939.5800781 6475.1201172
vn 0.0012612 -6.2171607 -0.0191845
v 22221.5996094 8926.3496094 6565.5097656
vn 0.0025696 -6.2171664 -0.0189332
v 22275.1992188 8926.3496094 6570.9199219
vn 0.0000043 -6.2171597 -0.0190849
v 22167.6992188 8926.3496094 6563.7099609
vn -0.0012759 -6.2171593 -0.0191207
v 22113.9003906 8926.3496094 6565.5097656
vn -1.2241846 -4.1971202 4.4535046
v 22315.0996094 9040.0000000 6831.0898438
vn -1.5183629 -4.1974258 4.3616037
v 22350.6992188 9040.0000000 6842.1699219
vn -1.5646844 -4.1690788 4.3435812
v 22398.5000000 9040.0000000 6860.6098633
vn -1.1140602 -4.1396971 4.4642258
v 22648.6992188 9040.0000000 6944.4599609
vn -1.3639295 -1.7365129 5.4660697
v 22635.1992188 9120.3496094 6998.5698242
vn -1.9333827 -1.7731531 5.3644428
v 22379.5996094 9120.3496094 6912.9301758
vn -1.8930364 -1.8090018 5.4327087
v 22332.4003906 9120.3496094 6894.7001953
vn -1.5259867 -1.8090913 5.5473366
v 22300.4003906 9120.3496094 6884.7299805
vn 0.0025676 6.2172709 -0.0189185
v 22275.1992188 9702.3496094 6570.9199219
vn 0.2378422 5.9530616 -1.7643017
v 22287.3007812 9689.1298828 6481.1298828
vn 0.4482391 5.2305727 -3.3233817
v 22298.5996094 9650.3701172 6397.4702148
vn 1.0973166 -5.2638812 3.1524010
v 21960.8007812 8978.3398438 6773.7099609
vn 0.1172250 5.9737258 1.7444896
v 22119.9003906 9689.1298828 6655.8999023
vn 0.2335327 5.9735613 1.7330626
v 22072.4003906 9689.1298828 6660.7001953
vn 0.3489971 5.9737201 1.7132345
v 22025.1992188 9689.1298828 6668.6699219
vn 0.4632984 5.9738150 1.6857028
v 21978.6992188 9689.1298828 6679.7797852
vn 0.5750856 5.9736052 1.6513226
v 21933.0996094 9689.1298828 6693.9799805
vn -0.0062894 6.2172661 -0.0180206
v 21903.3007812 9702.3496094 6608.4199219
vn -0.0051009 6.2172694 -0.0185353
v 21954.6992188 9702.3496094 6592.4199219
vn -0.0038296 6.2172689 -0.0188469
v 22007.0996094 9702.3496094 6579.8999023
vn -0.0025372 6.2172685 -0.0188201
v 22060.3007812 9702.3496094 6570.9199219
vn -0.0012749 6.2172651 -0.0191058
v 22113.9003906 9702.3496094 6565.5097656
vn -3.4016364 2.4537086 3.9618511
v 22884.0000000 9588.7099609 1784.9100342
vn -2.1686182 0.0000000 2.2730374
v 22884.0000000 9314.3496094 1784.9100342
vn -2.9685717 2.4530501 4.2969093
v 22533.5996094 9588.7099609 1514.6199951
vn -1.9188117 0.0000000 2.4875221
v 22533.5996094 9314.3496094 1514.6199951
vn -1.6477559 0.0000000 2.6747906
v 22156.8007812 9314.3496094 1282.5000000
vn -1.8935571 5.2725754 2.7411432
v 22574.8007812 9650.3701172 1454.9300537
vn -0.9879095 5.9794164 1.4300923
v 22622.8007812 9689.1298828 1385.4200439
vn 0.0171754 6.2172785 -0.0248557
v 22674.4003906 9702.3496094 1310.8199463
vn 1.0161570 5.9472837 -1.4709491
v 22725.9003906 9689.1298828 1236.2199707
vn 1.9067128 5.2218676 -2.7599633
v 22773.9003906 9650.3701172 1166.6999512
vn 2.1854739 5.2210302 -2.5457156
v 23159.5000000 9650.3701172 1464.0600586
vn 1.1641785 5.9475946 -1.3560685
v 23104.4003906 9689.1298828 1528.1700439
vn 0.0197421 6.2172556 -0.0229933
v 23045.4003906 9702.3496094 1596.9599609
vn -1.1322836 5.9793653 1.3189307
v 22986.3007812 9689.1298828 1665.7600098
vn -2.1698039 5.2731843 2.5272288
v 22931.3007812 9650.3701172 1729.8599854
vn 5.2299900 3.0191731 -1.3727012
v 21349.9003906 11176.2001953 -25.2157993
vn 5.0667629 2.9260621 -2.0458968
v 21343.6992188 11172.7001953 -49.7883987
vn 4.8408117 2.7958550 -2.6886821
v 21335.1992188 11167.7998047 -73.4040985
vn 4.5536518 2.6273427 -3.3047097
v 21324.5000000 11161.5000000 -95.7613983
vn 4.2100911 2.4308267 -3.8767571
v 21311.5996094 11154.0996094 -116.5749969
vn 3.8095703 2.2000022 -4.4038739
v 21296.8007812 11145.5996094 -135.5789948
vn 3.3591146 1.9395313 -4.8806744
v 21280.1992188 11136.0000000 -152.5310059
vn 2.8670931 1.6547337 -5.2919555
v 21262.0996094 11125.5000000 -167.2149963
vn 2.3344669 1.3483651 -5.6391835
v 21242.5996094 11114.2998047 -179.4429932
vn 1.7722455 1.0227674 -5.9135818
v 21222.0996094 11102.4003906 -189.0590057
vn 1.1860510 0.6849478 -6.1127830
v 21200.6992188 11090.0996094 -195.9409943
vn 0.9675761 0.9680488 -6.1128783
v 20636.3007812 11825.7001953 -195.9409943
vn 0.6855045 1.1873636 -6.1120954
v 19900.8007812 12390.0996094 -195.9409943
vn 0.3543403 1.3229989 -6.1125689
v 19044.1992188 12744.9003906 -195.9409943
vn -0.0000152 1.3703212 -6.1122270
v 18125.0000000 12865.9003906 -195.9409943
vn -0.3543613 1.3225516 -6.1126270
v 17205.8007812 12744.9003906 -195.9409943
vn -0.6854836 1.1873430 -6.1121063
v 16349.2998047 12390.0996094 -195.9409943
vn -0.9686177 0.9686462 -6.1123247
v 15613.7001953 11825.7001953 -195.9409943
vn -1.1873902 0.6854492 -6.1121006
v 15049.2998047 11090.0996094 -195.9409943
vn -1.3232994 0.3549179 -6.1123614
v 14694.5000000 10233.5996094 -195.9409943
vn -1.9774382 0.5294096 -5.9135289
v 14670.7001953 10239.9003906 -189.0590057
vn -2.6044760 0.6981349 -5.6386614
v 14647.7998047 10246.0996094 -179.4429932
vn -3.1996341 0.8573510 -5.2906027
v 14626.0996094 10251.9003906 -167.2149963
vn -3.7485137 1.0039828 -4.8792109
v 14605.9003906 10257.2998047 -152.5310059
vn -4.2492976 1.1390411 -4.4040527
v 14587.4003906 10262.2998047 -135.5789948
vn -4.6939201 1.2582380 -3.8793263
v 14570.9003906 10266.7001953 -116.5749969
vn -5.0759187 1.3589724 -3.3091354
v 14556.5000000 10270.5000000 -95.7613983
vn -5.2563577 -0.0000519 -3.3050730
v 14430.5996094 9314.3496094 -95.7613983
vn -5.0760102 -1.3600026 -3.3077793
v 14556.5000000 8358.1796875 -95.7613983
vn -5.3984175 -1.4465340 -2.6919403
v 14544.5000000 8354.9599609 -73.4040985
vn -5.6523471 -1.5142763 -2.0391216
v 14535.0000000 8352.4199219 -49.7883987
vn -5.8360825 -1.5640836 -1.3636702
v 14528.2001953 8350.5800781 -25.2157993
vn -5.9351683 -1.5905139 -0.5101503
v 14524.0996094 8349.4804688 0.0000000
vn -5.9595366 -1.5969874 0.4021493
v 14524.0996094 8349.4804688 6968.3999023
vn -5.7106686 -1.5303409 1.5653958
v 14536.5996094 8352.8300781 7066.7099609
vn -5.1452236 -1.3787196 3.0357888
v 14573.2001953 8362.6503906 7158.3100586
vn -4.2352939 -1.1348510 4.3189306
v 14631.5000000 8378.2695312 7236.9702148
vn -3.0329990 -0.8127937 5.3245592
v 14707.5000000 8398.6298828 7297.3300781
vn -1.6124589 -0.4321484 5.9789190
v 14796.0000000 8422.3398438 7335.2700195
vn -0.0658629 -0.0176541 6.2284307
v 14890.9003906 8447.7802734 7348.2202148
vn 1.4991517 0.4016435 6.0473213
v 14985.9003906 8473.2197266 7335.2700195
vn 2.9696753 0.7956504 5.4415488
v 15074.4003906 8496.9296875 7297.3300781
vn 4.2360334 1.1348153 4.4549503
v 15150.2998047 8517.2900391 7236.9702148
vn 5.2094936 1.3958702 3.1547487
v 15208.7001953 8532.9101562 7158.3100586
vn 5.8229694 1.5601621 1.6321837
v 15245.2998047 8542.7304688 7066.7099609
vn 6.0242820 1.6139741 0.4110418
v 15257.7998047 8546.0800781 6968.3999023
vn 5.9942589 1.6057874 0.2050433
v 15257.7998047 8546.0800781 689.1779785
vn 5.9224663 1.5866356 0.8056728
v 15261.7001953 8547.1201172 628.3300171
vn 5.7754164 1.5476059 1.5919585
v 15273.2001953 8550.2001953 568.5219727
vn 5.5324364 1.4825686 2.3546414
v 15292.0996094 8555.2695312 510.7799988
vn 5.1936069 1.3913814 3.0856547
v 15318.0996094 8562.2500000 456.0889893
vn 4.7692294 1.2779962 3.7653408
v 15350.9003906 8571.0195312 405.3869934
vn 4.2640176 1.1426791 4.3793921
v 15389.7001953 8581.4199219 359.5400085
vn 4.4152446 0.0000081 4.3791475
v 15293.2001953 9314.3496094 359.5400085
vn 4.2638311 -1.1426719 4.3795447
v 15389.7001953 10047.2998047 359.5400085
vn 3.8222258 -2.2068069 4.3803320
v 15672.5996094 10730.2998047 359.5400085
vn 3.1209738 -3.1211379 4.3797765
v 16122.5996094 11316.7998047 359.5400085
vn 2.2072620 -3.8233333 4.3793921
v 16709.0996094 11766.7998047 359.5400085
vn 1.1425680 -4.2638326 4.3795638
v 17392.0996094 12049.7001953 359.5400085
vn -0.0000928 -4.9378767 3.7639866
v 18125.0000000 12186.4003906 405.3869934
vn 1.2784433 -4.7711115 3.7619631
v 17381.6992188 12088.5000000 405.3869934
vn 0.0001674 -5.3783445 3.0831170
v 18125.0000000 12220.2998047 456.0889893
vn 1.3916981 -5.1940241 3.0872507
v 17372.9003906 12121.2001953 456.0889893
vn 0.0001402 -5.7277069 2.3553672
v 18125.0000000 12247.2001953 510.7799988
vn 1.4820647 -5.5305128 2.3574791
v 17365.9003906 12147.2998047 510.7799988
vn -0.0000049 -5.9785748 1.5931156
v 18125.0000000 12266.7998047 568.5219727
vn 1.5472046 -5.7757468 1.5916104
v 17360.9003906 12166.2001953 568.5219727
vn 0.0001254 -6.1313396 0.8036608
v 18125.0000000 12278.7001953 628.3300171
vn 1.5868423 -5.9223385 0.8053562
v 17357.8007812 12177.7001953 628.3300171
vn 0.0001111 -6.2059355 0.2032477
v 18125.0000000 12282.7001953 689.1779785
vn 1.6057832 -5.9943428 0.2043825
v 17356.8007812 12181.5996094 689.1779785
vn -0.0000441 -6.2366734 0.4127611
v 18125.0000000 12282.7001953 6968.3999023
vn 1.6140916 -6.0242133 0.4114474
v 17356.8007812 12181.5996094 6968.3999023
vn -0.0000569 -6.0279360 1.6340445
v 18125.0000000 12295.7001953 7066.7099609
vn 1.5606450 -5.8227901 1.6324120
v 17353.4003906 12194.0996094 7066.7099609
vn -0.0000412 -5.3939438 3.1537395
v 18125.0000000 12333.5996094 7158.3100586
vn 1.3965027 -5.2107973 3.1525970
v 17343.5996094 12230.7001953 7158.3100586
vn -0.0000227 -4.3859758 4.4542203
v 18125.0000000 12394.0000000 7236.9702148
vn 1.1348667 -4.2359819 4.4545207
v 17328.0000000 12289.0000000 7236.9702148
vn 0.0000371 -3.0743380 5.4416537
v 18125.0000000 12472.5996094 7297.3300781
vn 0.7952898 -2.9682503 5.4425907
v 17307.5996094 12365.0000000 7297.3300781
vn 0.0000333 -1.5524271 6.0472126
v 18125.0000000 12564.2001953 7335.2700195
vn 0.4016870 -1.4991941 6.0473127
v 17283.9003906 12453.5000000 7335.2700195
vn 0.0000068 0.0677469 6.2284417
v 18125.0000000 12662.5000000 7348.2202148
vn -0.0176048 0.0657813 6.2284379
v 17258.5000000 12548.5000000 7348.2202148
vn -0.0000127 1.6682417 5.9793782
v 18125.0000000 12760.7998047 7335.2700195
vn -0.4321140 1.6124309 5.9789133
v 17233.0000000 12643.4003906 7335.2700195
vn -0.0001024 3.1404934 5.3237591
v 18125.0000000 12852.5000000 7297.3300781
vn -0.8126503 3.0329747 5.3246169
v 17209.3007812 12731.9003906 7297.3300781
vn -0.0000073 4.3852019 4.3191147
v 18125.0000000 12931.0996094 7236.9702148
vn -1.1349409 4.2351193 4.3189473
v 17188.9003906 12807.9003906 7236.9702148
vn 0.0000471 5.3260036 3.0367565
v 18125.0000000 12991.5000000 7158.3100586
vn -1.3788383 5.1453128 3.0355318
v 17173.3007812 12866.2001953 7158.3100586
vn -0.0000787 5.9121647 1.5641006
v 18125.0000000 13029.4003906 7066.7099609
vn -1.5303395 5.7107511 1.5647670
v 17163.5000000 12902.7998047 7066.7099609
vn -0.0000917 6.1700301 0.4009269
v 18125.0000000 13042.2998047 6968.3999023
vn -1.5965626 5.9596896 0.4017904
v 17160.1992188 12915.2998047 6968.3999023
vn 0.0000252 6.1458573 -0.5049406
v 18125.0000000 13042.2998047 0.0000000
vn -1.5902016 5.9352512 -0.5100255
v 17160.1992188 12915.2998047 0.0000000
vn 0.0000834 6.0402279 -1.3641111
v 18125.0000000 13038.0996094 -25.2157993
vn -1.5624774 5.8329415 -1.3728763
v 17161.3007812 12911.2001953 -25.2157993
vn -0.0000586 5.8520279 -2.0422683
v 18125.0000000 13031.0000000 -49.7883987
vn -1.5157748 5.6553011 -2.0388446
v 17163.0996094 12904.2998047 -49.7883987
vn -0.0000833 5.5914459 -2.6860704
v 18125.0000000 13021.2001953 -73.4040985
vn -1.4477468 5.4023333 -2.6796417
v 17165.5996094 12894.9003906 -73.4040985
vn 0.0000326 5.2563767 -3.3050849
v 18125.0000000 13008.7998047 -95.7613983
vn -1.3605489 5.0751629 -3.3083763
v 17168.8007812 12882.9003906 -95.7613983
vn -0.0000212 4.8578339 -3.8813181
v 18125.0000000 12993.9003906 -116.5749969
vn -1.2570517 4.6928043 -3.8815963
v 17172.6992188 12868.5000000 -116.5749969
vn 0.0000109 4.3957849 -4.4075499
v 18125.0000000 12976.7998047 -135.5789948
vn -1.1391039 4.2493014 -4.4040375
v 17177.0996094 12852.0000000 -135.5789948
vn -1.0024723 3.7433689 -4.8826432
v 17182.0996094 12833.5000000 -152.5310059
vn -0.0000504 3.8788860 -4.8811550
v 18125.0000000 12957.5996094 -152.5310059
vn 1.1377097 4.2496419 -4.4047909
v 19072.9003906 12852.0000000 -135.5789948
vn 1.0036440 3.7447636 -4.8810120
v 19068.0000000 12833.5000000 -152.5310059
vn 1.9418321 3.3615003 -4.8774767
v 19946.6992188 12469.5000000 -152.5310059
vn 2.1987896 3.8101220 -4.4054813
v 19956.1992188 12486.0996094 -135.5789948
vn 1.2584618 4.6922541 -3.8808560
v 19077.4003906 12868.5000000 -116.5749969
vn 2.4297972 4.2071171 -3.8798134
v 19964.8007812 12500.9003906 -116.5749969
vn 1.3601304 5.0768576 -3.3065186
v 19081.1992188 12882.9003906 -95.7613983
vn 2.6294613 4.5551939 -3.2996807
v 19972.1992188 12513.7998047 -95.7613983
vn 1.4466997 5.4016871 -2.6824567
v 19084.4003906 12894.9003906 -73.4040985
vn 2.7966740 4.8435025 -2.6845438
v 19978.4003906 12524.5000000 -73.4040985
vn 1.5164108 5.6538038 -2.0413651
v 19087.0000000 12904.2998047 -49.7883987
vn 2.9245992 5.0663204 -2.0516250
v 19983.3007812 12533.0000000 -49.7883987
vn 1.5624762 5.8328762 -1.3728392
v 19088.8007812 12911.2001953 -25.2157993
vn 3.0188122 5.2279372 -1.3779960
v 19986.9003906 12539.2001953 -25.2157993
vn 1.5902072 5.9352145 -0.5100201
v 19089.9003906 12915.2998047 0.0000000
vn 3.0717955 5.3212800 -0.5112011
v 19989.0000000 12542.9003906 0.0000000
vn 1.5966530 5.9596558 0.4017311
v 19089.9003906 12915.2998047 6968.3999023
vn 3.0847030 5.3435721 0.4009193
v 19989.0000000 12542.9003906 6968.3999023
vn 1.5303838 5.7104511 1.5653491
v 19086.5996094 12902.7998047 7066.7099609
vn 2.9555950 5.1190310 1.5664096
v 19982.5996094 12531.7001953 7066.7099609
vn 1.3783112 5.1451550 3.0363910
v 19076.6992188 12866.2001953 7158.3100586
vn 2.6634047 4.6129050 3.0377536
v 19963.5996094 12498.7998047 7158.3100586
vn 1.1349319 4.2355871 4.3186111
v 19061.0996094 12807.9003906 7236.9702148
vn 2.1922085 3.7975912 4.3181782
v 19933.4003906 12446.5996094 7236.9702148
vn 1.5701119 2.7192824 5.3247843
v 19894.0996094 12378.4003906 7297.3300781
vn 0.8129942 3.0332615 5.3243027
v 19040.8007812 12731.9003906 7297.3300781
vn 0.4321035 1.6124246 5.9789143
v 19017.0996094 12643.4003906 7335.2700195
vn 0.0176069 0.0657841 6.2284346
v 18991.5996094 12548.5000000 7348.2202148
vn -0.4016957 -1.4989339 6.0474081
v 18966.1992188 12453.5000000 7335.2700195
vn -0.7950715 -2.9683373 5.4424930
v 18942.4003906 12365.0000000 7297.3300781
vn -1.1351120 -4.2363148 4.4541926
v 18922.0996094 12289.0000000 7236.9702148
vn -1.3962303 -5.2109475 3.1524696
v 18906.5000000 12230.7001953 7158.3100586
vn -1.5603836 -5.8227954 1.6326349
v 18896.6992188 12194.0996094 7066.7099609
vn -1.6141211 -6.0241804 0.4113460
v 18893.3007812 12181.5996094 6968.3999023
vn -1.6060681 -5.9942169 0.2044414
v 18893.3007812 12181.5996094 689.1779785
vn -1.5871501 -5.9222059 0.8053018
v 18892.3007812 12177.7001953 628.3300171
vn -1.5472844 -5.7752533 1.5926567
v 18889.1992188 12166.2001953 568.5219727
vn -1.4816411 -5.5303392 2.3587213
v 18884.0996094 12147.2998047 510.7799988
vn -1.3916919 -5.1946955 3.0864549
v 18877.0996094 12121.2001953 456.0889893
vn -1.2786230 -4.7716093 3.7610137
v 18868.4003906 12088.5000000 405.3869934
vn -2.4687834 -4.2750559 3.7654407
v 19561.0996094 11801.5996094 405.3869934
vn -3.4917839 -3.4911175 3.7637863
v 20155.9003906 11345.2001953 405.3869934
vn -3.8027666 -3.8034086 3.0840025
v 20179.8007812 11369.2001953 456.0889893
vn -4.0492368 -4.0487995 2.3595669
v 20198.9003906 11388.2001953 510.7799988
vn -4.2268724 -4.2267342 1.5944909
v 20212.8007812 11402.0996094 568.5219727
vn -4.3356853 -4.3356333 0.8004843
v 20221.1992188 11410.5000000 628.3300171
vn -4.3884239 -4.3883891 0.2011890
v 20224.0000000 11413.2998047 689.1779785
vn -4.4101224 -4.4099169 0.4109609
v 20224.0000000 11413.2998047 6968.3999023
vn -4.2618408 -4.2625055 1.6343946
v 20233.0996094 11422.5000000 7066.7099609
vn -3.8136258 -3.8134868 3.1553409
v 20260.0000000 11449.2998047 7158.3100586
vn -3.1011257 -3.1011755 4.4544077
v 20302.6992188 11492.0000000 7236.9702148
vn -2.1739473 -2.1738307 5.4417515
v 20358.3007812 11547.5996094 7297.3300781
vn -1.0976913 -1.0978369 6.0471358
v 20423.0000000 11612.4003906 7335.2700195
vn 0.0481357 0.0481387 6.2284570
v 20492.5996094 11681.9003906 7348.2202148
vn 1.1808103 1.1806827 5.9786553
v 20562.0996094 11751.4003906 7335.2700195
vn 2.2203381 2.2206211 5.3246093
v 20626.8007812 11816.2001953 7297.3300781
vn 3.1008162 3.1004455 4.3182678
v 20682.5000000 11871.7998047 7236.9702148
vn 3.7662368 3.7667661 3.0373161
v 20725.0996094 11914.5000000 7158.3100586
vn 4.1801119 4.1795940 1.5671462
v 20752.0000000 11941.2998047 7066.7099609
vn 4.3625517 4.3627687 0.4020563
v 20761.0996094 11950.5000000 6968.3999023
vn 4.3429003 4.3439403 -0.5179008
v 20761.0996094 11950.5000000 0.0000000
vn 4.2716155 4.2706270 -1.3745928
v 20758.0996094 11947.4003906 -25.2157993
vn 4.1378212 4.1370792 -2.0419157
v 20753.0996094 11942.4003906 -49.7883987
vn 3.9530015 3.9550991 -2.6870136
v 20746.0996094 11935.5000000 -73.4040985
vn 3.7175965 3.7160478 -3.3038740
v 20737.4003906 11926.7001953 -95.7613983
vn 3.4360130 3.4375896 -3.8794894
v 20726.8007812 11916.2001953 -116.5749969
vn 3.1096816 3.1089318 -4.4047194
v 20714.8007812 11904.0996094 -135.5789948
vn 2.7400999 2.7403193 -4.8842058
v 20701.1992188 11890.5000000 -152.5310059
vn 2.3405983 2.3405952 -5.2921872
v 20686.4003906 11875.7001953 -167.2149963
vn 1.9087768 1.9087170 -5.6378918
v 20670.5000000 11859.7998047 -179.4429932
vn 1.4498832 1.4495603 -5.9118047
v 20653.8007812 11843.0996094 -189.0590057
vn 1.0240738 1.7743719 -5.9129477
v 19913.0996094 12411.4003906 -189.0590057
vn 0.5311421 1.9819849 -5.9112234
v 19050.5996094 12768.7001953 -189.0590057
vn 0.0000542 2.0487599 -5.9129033
v 18125.0000000 12890.5000000 -189.0590057
vn -0.5312245 1.9819162 -5.9112368
v 17199.4003906 12768.7001953 -189.0590057
vn -1.0240924 1.7743599 -5.9129472
v 16337.0000000 12411.4003906 -189.0590057
vn -1.4486957 1.4491298 -5.9127078
v 15596.2998047 11843.0996094 -189.0590057
vn -1.7743478 1.0241245 -5.9129491
v 15028.0000000 11102.4003906 -189.0590057
vn -2.3344438 1.3484583 -5.6391878
v 15007.5000000 11114.2998047 -179.4429932
vn -2.8670082 1.6548758 -5.2919688
v 14988.0000000 11125.5000000 -167.2149963
vn -3.3591678 1.9396443 -4.8805971
v 14969.9003906 11136.0000000 -152.5310059
vn -3.8095903 2.1999011 -4.4039497
v 14953.2998047 11145.5996094 -135.5789948
vn -4.2100706 2.4307325 -3.8769023
v 14938.5000000 11154.0996094 -116.5749969
vn -4.5499763 2.6258144 -3.3134005
v 14925.5996094 11161.5000000 -95.7613983
vn -5.3974032 1.4473568 -2.6925592
v 14544.5000000 10273.7998047 -73.4040985
vn -4.8367996 2.7930698 -2.6961584
v 14914.7998047 11167.7998047 -73.4040985
vn -5.6530857 1.5144287 -2.0368404
v 14535.0000000 10276.2998047 -49.7883987
vn -5.0687637 2.9267654 -2.0354502
v 14906.2998047 11172.7001953 -49.7883987
vn -5.8365989 1.5636472 -1.3625833
v 14528.2001953 10278.0996094 -25.2157993
vn -5.2327170 3.0214238 -1.3634169
v 14900.2001953 11176.2001953 -25.2157993
vn -5.9351535 1.5904565 -0.5102149
v 14524.0996094 10279.2001953 0.0000000
vn -5.3213453 3.0717208 -0.5112644
v 14896.5000000 11178.2998047 0.0000000
vn -5.3435755 3.0847046 0.4010076
v 14896.5000000 11178.2998047 6968.3999023
vn -5.9596395 1.5969181 0.4017478
v 14524.0996094 10279.2001953 6968.3999023
vn -6.1428843 0.0000893 -0.5163143
v 14397.0000000 9314.3496094 0.0000000
vn -6.1693211 -0.0000019 0.4038026
v 14397.0000000 9314.3496094 6968.3999023
vn -5.9120088 -0.0000035 1.5672414
v 14410.0000000 9314.3496094 7066.7099609
vn -5.3260417 0.0000069 3.0367134
v 14447.9003906 9314.3496094 7158.3100586
vn -4.3852286 0.0000089 4.3191051
v 14508.2998047 9314.3496094 7236.9702148
vn -3.1414304 0.0000017 5.3234301
v 14586.9003906 9314.3496094 7297.3300781
vn -1.6694533 -0.0000042 5.9788074
v 14678.5000000 9314.3496094 7335.2700195
vn -0.0681910 -0.0000018 6.2284842
v 14776.7998047 9314.3496094 7348.2202148
vn 1.5520210 0.0000010 6.0472670
v 14875.2001953 9314.3496094 7335.2700195
vn 3.0744336 0.0000063 5.4415979
v 14966.7998047 9314.3496094 7297.3300781
vn 4.3859210 0.0000064 4.4542751
v 15045.4003906 9314.3496094 7236.9702148
vn 5.3939223 -0.0000071 3.1537845
v 15105.7998047 9314.3496094 7158.3100586
vn 6.0279493 -0.0000145 1.6339984
v 15143.7001953 9314.3496094 7066.7099609
vn 6.2366772 -0.0000102 0.4128287
v 15156.7001953 9314.3496094 6968.3999023
vn 6.2059255 -0.0000006 0.2032958
v 15156.7001953 9314.3496094 689.1779785
vn 6.1325884 0.0000059 0.7990764
v 15160.7001953 9314.3496094 628.3300171
vn 5.9772921 -0.0000063 1.5920839
v 15172.5000000 9314.3496094 568.5219727
vn 5.7265625 0.0000027 2.3601370
v 15192.2001953 9314.3496094 510.7799988
vn 5.3783507 0.0000181 3.0831618
v 15219.0996094 9314.3496094 456.0889893
vn 4.9378529 0.0000091 3.7640572
v 15253.0000000 9314.3496094 405.3869934
vn 4.7691050 -1.2778000 3.7656415
v 15350.9003906 10057.7001953 405.3869934
vn 4.2762198 -2.4691758 3.7642260
v 15637.7998047 10750.4003906 405.3869934
vn 3.4916334 -3.4915886 3.7646880
v 16094.2001953 11345.2001953 405.3869934
vn 2.4690213 -4.2763605 3.7641537
v 16689.0000000 11801.5996094 405.3869934
vn 2.6883018 -4.6573753 3.0848339
v 16672.0996094 11831.0000000 456.0889893
vn 2.8635569 -4.9595981 2.3572478
v 16658.5996094 11854.2998047 510.7799988
vn 2.9885786 -5.1773157 1.5951362
v 16648.8007812 11871.2998047 568.5219727
vn 3.0654991 -5.3095884 0.8017375
v 16642.8007812 11881.5996094 628.3300171
vn 3.1034234 -5.3746634 0.2004447
v 16640.8007812 11885.0000000 689.1779785
vn 3.1187563 -5.4010239 0.4097348
v 16640.8007812 11885.0000000 6968.3999023
vn 3.0136645 -5.2202764 1.6337497
v 16634.4003906 11896.2001953 7066.7099609
vn 2.6961648 -4.6705694 3.1558502
v 16615.4003906 11929.0996094 7158.3100586
vn 2.1927323 -3.7980967 4.4545116
v 16585.1992188 11981.4003906 7236.9702148
vn 1.5371467 -2.6624646 5.4417348
v 16545.9003906 12049.5000000 7297.3300781
vn 0.7761542 -1.3443393 6.0471697
v 16500.0996094 12128.7998047 7335.2700195
vn -0.0341978 0.0591625 6.2284431
v 16450.9003906 12214.0000000 7348.2202148
vn -0.8349419 1.4461563 5.9786863
v 16401.8007812 12299.0996094 7335.2700195
vn -1.5700619 2.7192559 5.3248291
v 16356.0000000 12378.4003906 7297.3300781
vn -2.1923218 3.7975554 4.3182073
v 16316.7001953 12446.5996094 7236.9702148
vn -2.6633084 4.6129971 3.0377431
v 16286.5000000 12498.7998047 7158.3100586
vn -2.9552305 5.1191635 1.5678767
v 16267.5000000 12531.7001953 7066.7099609
vn -3.0846972 5.3431611 0.4024636
v 16261.0000000 12542.9003906 6968.3999023
vn -3.0716734 5.3196878 -0.5168732
v 16261.0000000 12542.9003906 0.0000000
vn -3.0181193 5.2300110 -1.3789518
v 16263.2001953 12539.2001953 -25.2157993
vn -2.9262319 5.0667825 -2.0456185
v 16266.7001953 12533.0000000 -49.7883987
vn -2.7967470 4.8434815 -2.6844728
v 16271.5996094 12524.5000000 -73.4040985
vn -2.6284454 4.5523024 -3.3033402
v 16277.7998047 12513.7998047 -95.7613983
vn -2.4288070 4.2080507 -3.8812716
v 16285.2998047 12500.9003906 -116.5749969
vn -2.1999869 3.8094902 -4.4039888
v 16293.7998047 12486.0996094 -135.5789948
vn -1.9397001 3.3591819 -4.8805466
v 16303.4003906 12469.5000000 -152.5310059
vn -1.6547517 2.8670759 -5.2919679
v 16313.9003906 12451.4003906 -167.2149963
vn -0.8560086 3.1940916 -5.2951097
v 17187.5000000 12813.2001953 -167.2149963
vn -0.0001334 3.3112011 -5.2911100
v 18125.0000000 12936.7001953 -167.2149963
vn 0.8561208 3.1927273 -5.2957668
v 19062.5996094 12813.2001953 -167.2149963
vn 1.6547722 2.8670316 -5.2919817
v 19936.1992188 12451.4003906 -167.2149963
vn 0.8348711 1.4459996 5.9787035
v 19848.3007812 12299.0996094 7335.2700195
vn 0.0339477 0.0588241 6.2284546
v 19799.0996094 12214.0000000 7348.2202148
vn -0.7763238 -1.3444996 6.0471363
v 19750.0000000 12128.7998047 7335.2700195
vn -1.5368025 -2.6618314 5.4422369
v 19704.1992188 12049.5000000 7297.3300781
vn -2.1923649 -3.7983785 4.4542308
v 19664.8007812 11981.4003906 7236.9702148
vn -2.6969354 -4.6709132 3.1548312
v 19634.6992188 11929.0996094 7158.3100586
vn -3.0139065 -5.2197766 1.6352150
v 19615.6992188 11896.2001953 7066.7099609
vn -3.1183815 -5.4011903 0.4112344
v 19609.1992188 11885.0000000 6968.3999023
vn -3.1032200 -5.3748226 0.2005319
v 19609.1992188 11885.0000000 689.1779785
vn -3.0653324 -5.3104925 0.7993457
v 19607.1992188 11881.5996094 628.3300171
vn -2.9890604 -5.1774096 1.5925333
v 19601.3007812 11871.2998047 568.5219727
vn -2.8633676 -4.9595184 2.3575866
v 19591.5000000 11854.2998047 510.7799988
vn -2.6883192 -4.6574631 3.0845788
v 19578.0000000 11831.0000000 456.0889893
vn 1.3483351 2.3345528 -5.6391563
v 19925.0000000 12431.9003906 -179.4429932
vn 0.6982735 2.6080062 -5.6377220
v 19056.6992188 12791.5000000 -179.4429932
vn 0.0000513 2.6953964 -5.6395206
v 18125.0000000 12914.2001953 -179.4429932
vn -0.6992995 2.6092017 -5.6368723
v 17193.3007812 12791.5000000 -179.4429932
vn -1.3482981 2.3345587 -5.6391644
v 16325.0996094 12431.9003906 -179.4429932
vn -1.9099663 1.9089377 -5.6366186
v 15579.5000000 11859.7998047 -179.4429932
vn -2.3428190 2.3431592 -5.2905059
v 15563.7001953 11875.7001953 -167.2149963
vn -2.7401428 2.7402453 -4.8842244
v 15548.9003906 11890.5000000 -152.5310059
vn -3.1063442 3.1064959 -4.4099646
v 15535.2998047 11904.0996094 -135.5789948
vn -3.4363861 3.4365010 -3.8775043
v 15523.2001953 11916.2001953 -116.5749969
vn -3.7174270 3.7174611 -3.3059790
v 15512.7001953 11926.7001953 -95.7613983
vn -3.9528937 3.9531958 -2.6853538
v 15503.9003906 11935.5000000 -73.4040985
vn -4.1397643 4.1401100 -2.0349216
v 15497.0000000 11942.4003906 -49.7883987
vn -4.2706842 4.2704649 -1.3831890
v 15492.0000000 11947.4003906 -25.2157993
vn -4.3421497 4.3417273 -0.5259216
v 15488.9003906 11950.5000000 0.0000000
vn -4.3624282 4.3621583 0.4042364
v 15488.9003906 11950.5000000 6968.3999023
vn -4.1804814 4.1803451 1.5674293
v 15498.0996094 11941.2998047 7066.7099609
vn -5.1190934 2.9555292 1.5663080
v 14907.7001953 11171.9003906 7066.7099609
vn -5.7107058 1.5304505 1.5648899
v 14536.5996094 10275.9003906 7066.7099609
vn -5.1449108 1.3788332 3.0359859
v 14573.2001953 10266.0996094 7158.3100586
vn -4.2352967 1.1345603 4.3192253
v 14631.5000000 10250.4003906 7236.9702148
vn -3.0332298 0.8129514 5.3243427
v 14707.5000000 10230.0996094 7297.3300781
vn -1.6124295 0.4321749 5.9789095
v 14796.0000000 10206.4003906 7335.2700195
vn -0.0657586 0.0176219 6.2284355
v 14890.9003906 10180.9003906 7348.2202148
vn 1.4992137 -0.4016593 6.0473061
v 14985.9003906 10155.5000000 7335.2700195
vn 2.9695444 -0.7956846 5.4416380
v 15074.4003906 10131.7998047 7297.3300781
vn 4.2359958 -1.1346883 4.4549885
v 15150.2998047 10111.4003906 7236.9702148
vn 5.2096148 -1.3958893 3.1545353
v 15208.7001953 10095.7998047 7158.3100586
vn 5.8228917 -1.5603244 1.6324111
v 15245.2998047 10086.0000000 7066.7099609
vn 6.0242929 -1.6138551 0.4114480
v 15257.7998047 10082.5996094 6968.3999023
vn 5.9943519 -1.6057079 0.2045467
v 15257.7998047 10082.5996094 689.1779785
vn 5.9223156 -1.5868884 0.8053536
v 15261.7001953 10081.5996094 628.3300171
vn 5.7752604 -1.5475525 1.5925409
v 15273.2001953 10078.5000000 568.5219727
vn 5.5328827 -1.4822844 2.3542619
v 15292.0996094 10073.4003906 510.7799988
vn 5.1936636 -1.3918529 3.0849681
v 15318.0996094 10066.5000000 456.0889893
vn 4.6574211 -2.6884255 3.0847087
v 15608.4003906 10767.2998047 456.0889893
vn 3.8027148 -3.8027139 3.0831842
v 16070.2001953 11369.2001953 456.0889893
vn 4.0501318 -4.0501380 2.3568177
v 16051.2001953 11388.2001953 510.7799988
vn 4.2268715 -4.2267008 1.5946221
v 16037.2998047 11402.0996094 568.5219727
vn 4.3357401 -4.3356290 0.8006316
v 16028.9003906 11410.5000000 628.3300171
vn 4.3884130 -4.3885164 0.2012064
v 16026.0996094 11413.2998047 689.1779785
vn 4.4098368 -4.4101033 0.4129306
v 16026.0996094 11413.2998047 6968.3999023
vn 4.2621651 -4.2624078 1.6346095
v 16016.9003906 11422.5000000 7066.7099609
vn 3.8141994 -3.8141952 3.1535439
v 15990.0996094 11449.2998047 7158.3100586
vn 3.1011567 -3.1011703 4.4543929
v 15947.4003906 11492.0000000 7236.9702148
vn 2.1732790 -2.1733532 5.4421167
v 15891.7998047 11547.5996094 7297.3300781
vn 1.0974091 -1.0974603 6.0473833
v 15827.0000000 11612.4003906 7335.2700195
vn -0.0479248 0.0479452 6.2284255
v 15757.5000000 11681.9003906 7348.2202148
vn -1.1801484 1.1802220 5.9790201
v 15688.0000000 11751.4003906 7335.2700195
vn -2.2207742 2.2207065 5.3239241
v 15623.2001953 11816.2001953 7297.3300781
vn -3.1006923 3.1006041 4.3190136
v 15567.5996094 11871.7998047 7236.9702148
vn -3.7661114 3.7661169 3.0366793
v 15524.9003906 11914.5000000 7158.3100586
vn -4.6130028 2.6633124 3.0377202
v 14940.5996094 11152.9003906 7158.3100586
vn -3.7974844 2.1923685 4.3182316
v 14992.7998047 11122.7001953 7236.9702148
vn -2.7192485 1.5701256 5.3248115
v 15061.0000000 11083.4003906 7297.3300781
vn -1.4462016 0.8348686 5.9786863
v 15140.2998047 11037.5996094 7335.2700195
vn -0.0589131 0.0340053 6.2284069
v 15225.4003906 10988.5000000 7348.2202148
vn 1.3439147 -0.7758349 6.0474620
v 15310.5000000 10939.2998047 7335.2700195
vn 2.6615772 -1.5367056 5.4421849
v 15389.9003906 10893.5000000 7297.3300781
vn 3.7980719 -2.1929040 4.4544497
v 15458.0000000 10854.2001953 7236.9702148
vn 4.6712580 -2.6970077 3.1538105
v 15510.2998047 10824.0000000 7158.3100586
vn 5.2206130 -3.0139706 1.6328269
v 15543.0996094 10805.0000000 7066.7099609
vn 5.4011550 -3.1183226 0.4112574
v 15554.2998047 10798.5000000 6968.3999023
vn 5.3743372 -3.1026621 0.2046831
v 15554.2998047 10798.5000000 689.1779785
vn 5.3103991 -3.0656359 0.8037665
v 15557.7998047 10796.5000000 628.3300171
vn 5.1773310 -2.9891059 1.5926778
v 15568.0996094 10790.5996094 568.5219727
vn 4.9595914 -2.8634660 2.3573391
v 15585.0996094 10780.7998047 510.7799988
vn -6.0392094 0.0001778 -1.3761606
v 14401.2998047 9314.3496094 -25.2157993
vn -5.8520384 0.0000854 -2.0424187
v 14408.4003906 9314.3496094 -49.7883987
vn -5.5914860 -0.0000537 -2.6860566
v 14418.2001953 9314.3496094 -73.4040985
vn 0.0294388 -6.2171698 -0.0006208
v 24602.4003906 8926.3496094 4888.1298828
vn 0.0297549 -6.2171173 -0.0038478
v 24567.4003906 8926.3496094 4420.9199219
vn 0.0286971 -6.2171860 -0.0067132
v 24483.5996094 8926.3496094 3959.9399414
vn 0.0283037 -6.2172079 -0.0099303
v 24352.0996094 8926.3496094 3510.2600098
vn 0.0270636 -6.2172117 -0.0128443
v 24174.1992188 8926.3496094 3076.8200684
vn 0.0252477 -6.2171679 -0.0153387
v 23951.9003906 8926.3496094 2664.3898926
vn 0.0238375 -6.2171779 -0.0181821
v 23687.6992188 8926.3496094 2277.4899902
vn 0.0220168 -6.2171702 -0.0208136
v 23384.4003906 8926.3496094 1920.3699951
vn 0.0197575 -6.2171507 -0.0230112
v 23045.4003906 8926.3496094 1596.9599609
vn 0.0171888 -6.2171721 -0.0248751
v 22674.4003906 8926.3496094 1310.8199463
vn 0.0144482 -6.2171612 -0.0265126
v 22275.5000000 8926.3496094 1065.0799561
vn -0.8329351 -5.9794912 1.5257072
v 22232.0000000 8939.5800781 1144.6600342
vn -0.9881210 -5.9793606 1.4303985
v 22622.8007812 8939.5800781 1385.4200439
vn -1.1325262 -5.9793091 1.3192132
v 22986.3007812 8939.5800781 1665.7600098
vn -1.2643795 -5.9792910 1.1934233
v 23318.4003906 8939.5800781 1982.5999756
vn -1.3820759 -5.9795127 1.0542768
v 23615.5996094 8939.5800781 2332.4799805
vn -1.4849480 -5.9795561 0.9037465
v 23874.5000000 8939.5800781 2711.5300293
vn -1.5720642 -5.9790831 0.7437539
v 24092.1992188 8939.5800781 3115.6000977
vn -1.6410335 -5.9792223 0.5750116
v 24266.5000000 8939.5800781 3540.2500000
vn -1.6922847 -5.9792700 0.4002047
v 24395.4003906 8939.5800781 3980.8000488
vn -1.7246494 -5.9793820 0.2207310
v 24477.5000000 8939.5800781 4432.4301758
vn -1.7379539 -5.9795332 0.0389536
v 24511.8007812 8939.5800781 4890.1699219
vn 0.0000000 0.0000000 0.0000000
v 20761.0996094 6678.2597656 0.0000000
vn 0.0000000 0.0000000 0.0000000
v 20761.0996094 6678.2597656 6968.3999023
vn 0.0000000 0.0000000 0.0000000
v 21353.5996094 7450.3500977 0.0000000
vn 0.0000000 0.0000000 0.0000000
v 21726.0000000 8349.4804688 0.0000000
vn 0.0000000 0.0000000 0.0000000
v 21853.0000000 9314.3496094 0.0000000
vn 0.0000000 0.0000000 0.0000000
v 21726.0000000 10279.2001953 0.0000000
vn 0.0000000 0.0000000 0.0000000
v 21353.5996094 11178.2998047 0.0000000
vn 0.0000000 0.0000000 0.0000000
v 20761.0996094 11950.5000000 0.0000000
vn 0.0000000 0.0000000 0.0000000
v 20761.0996094 11950.5000000 6968.3999023
vn 0.0000000 0.0000000 0.0000000
v 19989.0000000 12542.9003906 0.0000000
vn 0.0000000 0.0000000 0.0000000
v 19089.9003906 12915.2998047 0.0000000
vn 0.0000000 0.0000000 0.0000000
v 19989.0000000 12542.9003906 6968.3999023
vn 0.0000000 0.0000000 0.0000000
v 19089.9003906 12915.2998047 6968.3999023
vn 0.0000000 0.0000000 0.0000000
v 18125.0000000 13042.2998047 6968.3999023
vn 0.0000000 0.0000000 0.0000000
v 17160.1992188 12915.2998047 6968.3999023
vn 0.0000000 0.0000000 0.0000000
v 16261.0000000 12542.9003906 6968.3999023
vn 0.0000000 0.0000000 0.0000000
v 15488.9003906 11950.5000000 6968.3999023
vn 0.0000000 0.0000000 0.0000000
v 15488.9003906 11950.5000000 0.0000000
vn 0.0000000 0.0000000 0.0000000
v 14896.5000000 11178.2998047 0.0000000
vn 0.0000000 0.0000000 0.0000000
v 14524.0996094 10279.2001953 0.0000000
vn 0.0000000 0.0000000 0.0000000
v 14397.0000000 9314.3496094 0.0000000
vn 0.0000000 0.0000000 0.0000000
v 14524.0996094 8349.4804688 0.0000000
vn 0.0000000 0.0000000 0.0000000
v 14896.5000000 7450.3500977 0.0000000
vn 0.0000000 0.0000000 0.0000000
v 15488.9003906 6678.2597656 0.0000000
vn 0.0000000 0.0000000 0.0000000
v 15488.9003906 6678.2597656 6968.3999023
vn 0.0000000 0.0000000 0.0000000
v 16261.0000000 6085.8100586 0.0000000
vn 0.0000000 0.0000000 0.0000000
v 17160.1992188 5713.3798828 0.0000000
vn 0.0000000 0.0000000 0.0000000
v 18125.0000000 5586.3500977 0.0000000
vn 0.0000000 0.0000000 0.0000000
v 17160.1992188 5713.3798828 6968.3999023
vn 0.0000000 0.0000000 0.0000000
v 16261.0000000 6085.8100586 6968.3999023
vn 0.0000000 0.0000000 0.0000000
v 18125.0000000 5586.3500977 6968.3999023
vn 0.0000000 0.0000000 0.0000000
v 19089.9003906 5713.3798828 6968.3999023
vn 0.0000000 0.0000000 0.0000000
v 19089.9003906 5713.3798828 0.0000000
vn 0.0000000 0.0000000 0.0000000
v 19989.0000000 6085.8100586 0.0000000
vn 0.0000000 0.0000000 0.0000000
v 19989.0000000 6085.8100586 6968.3999023
vn 0.0000000 0.0000000 0.0000000
v 16261.0000000 12542.9003906 0.0000000
vn 0.0000000 0.0000000 0.0000000
v 17160.1992188 12915.2998047 0.0000000
vn 0.0000000 0.0000000 0.0000000
v 18125.0000000 13042.2998047 0.0000000
# 1753 vertices, 0 vertices normals

f 1//1 2//2 3//3
f 2//2 1//1 4//4
f 5//5 4//4 1//1
f 4//4 5//5 6//6
f 7//7 6//6 5//5
f 6//6 7//7 8//8
f 9//9 8//8 7//7
f 8//8 9//9 10//10
f 11//11 10//10 9//9
f 10//10 11//11 12//12
f 13//13 12//12 11//11
f 12//12 13//13 14//14
f 15//15 14//14 13//13
f 14//14 15//15 16//16
f 17//17 16//16 15//15
f 16//16 17//17 18//18
f 19//19 18//18 17//17
f 18//18 19//19 20//20
f 21//21 20//20 19//19
f 20//20 21//21 22//22
f 23//23 22//22 21//21
f 22//22 23//23 24//24
f 25//25 24//24 23//23
f 24//24 25//25 26//26
f 27//27 26//26 25//25
f 26//26 27//27 28//28
f 29//29 28//28 27//27
f 28//28 29//29 30//30
f 31//31 30//30 29//29
f 30//30 31//31 32//32
f 33//33 32//32 31//31
f 32//32 33//33 34//34
f 35//35 34//34 33//33
f 34//34 35//35 36//36
f 37//37 36//36 35//35
f 36//36 37//37 38//38
f 39//39 38//38 37//37
f 38//38 39//39 40//40
f 41//41 40//40 39//39
f 40//40 41//41 42//42
f 43//43 42//42 41//41
f 42//42 43//43 44//44
f 45//45 44//44 43//43
f 44//44 45//45 46//46
f 47//47 46//46 45//45
f 46//46 47//47 48//48
f 49//49 48//48 47//47
f 48//48 49//49 50//50
f 51//51 50//50 49//49
f 50//50 51//51 52//52
f 53//53 52//52 51//51
f 52//52 53//53 54//54
f 55//55 54//54 53//53
f 55//55 56//56 54//54
f 55//55 57//57 56//56
f 55//55 58//58 57//57
f 55//55 59//59 58//58
f 55//55 60//60 59//59
f 55//55 61//61 60//60
f 61//61 55//55 62//62
f 55//55 63//63 62//62
f 63//63 55//55 64//64
f 64//64 55//55 65//65
f 65//65 55//55 66//66
f 66//66 55//55 67//67
f 67//67 55//55 68//68
f 68//68 55//55 69//69
f 69//69 55//55 70//70
f 70//70 55//55 71//71
f 71//71 55//55 72//72
f 72//72 55//55 73//73
f 55//55 74//74 73//73
f 74//74 55//55 75//75
f 55//55 76//76 75//75
f 76//76 55//55 77//77
f 55//55 78//78 77//77
f 55//55 79//79 78//78
f 55//55 53//53 79//79
f 51//51 79//79 53//53
f 79//79 51//51 80//80
f 49//49 80//80 51//51
f 80//80 49//49 81//81
f 47//47 81//81 49//49
f 81//81 47//47 82//82
f 45//45 82//82 47//47
f 82//82 45//45 83//83
f 43//43 83//83 45//45
f 83//83 43//43 84//84
f 41//41 84//84 43//43
f 84//84 41//41 85//85
f 39//39 85//85 41//41
f 85//85 39//39 86//86
f 37//37 86//86 39//39
f 86//86 37//37 87//87
f 35//35 87//87 37//37
f 87//87 35//35 88//88
f 33//33 88//88 35//35
f 88//88 33//33 89//89
f 31//31 89//89 33//33
f 89//89 31//31 90//90
f 29//29 90//90 31//31
f 90//90 29//29 91//91
f 27//27 91//91 29//29
f 91//91 27//27 92//92
f 25//25 92//92 27//27
f 92//92 25//25 93//93
f 23//23 93//93 25//25
f 93//93 23//23 94//94
f 21//21 94//94 23//23
f 94//94 21//21 95//95
f 19//19 95//95 21//21
f 95//95 19//19 96//96
f 17//17 96//96 19//19
f 96//96 17//17 97//97
f 15//15 97//97 17//17
f 97//97 15//15 98//98
f 13//13 98//98 15//15
f 98//98 13//13 99//99
f 11//11 99//99 13//13
f 99//99 11//11 100//100
f 9//9 100//100 11//11
f 100//100 9//9 101//101
f 7//7 101//101 9//9
f 101//101 7//7 102//102
f 5//5 102//102 7//7
f 102//102 5//5 103//103
f 1//1 103//103 5//5
f 103//103 1//1 104//104
f 3//3 104//104 1//1
f 104//104 3//3 105//105
f 106//106 105//105 3//3
f 105//105 106//106 107//107
f 108//108 107//107 106//106
f 107//107 108//108 109//109
f 110//110 109//109 108//108
f 109//109 110//110 111//111
f 112//112 111//111 110//110
f 111//111 112//112 113//113
f 114//114 113//113 112//112
f 113//113 114//114 115//115
f 114//114 116//116 115//115
f 116//116 114//114 117//117
f 114//114 118//118 117//117
f 118//118 114//114 119//119
f 112//112 119//119 114//114
f 119//119 112//112 120//120
f 110//110 120//120 112//112
f 120//120 110//110 121//121
f 108//108 121//121 110//110
f 121//121 108//108 122//122
f 106//106 122//122 108//108
f 122//122 106//106 123//123
f 3//3 123//123 106//106
f 123//123 3//3 2//2
f 2//2 124//124 123//123
f 124//124 2//2 125//125
f 4//4 125//125 2//2
f 125//125 4//4 126//126
f 6//6 126//126 4//4
f 126//126 6//6 127//127
f 8//8 127//127 6//6
f 127//127 8//8 128//128
f 10//10 128//128 8//8
f 128//128 10//10 129//129
f 12//12 129//129 10//10
f 129//129 12//12 130//130
f 12//12 131//131 130//130
f 131//131 12//12 14//14
f 14//14 132//132 131//131
f 132//132 14//14 16//16
f 16//16 133//133 132//132
f 133//133 16//16 18//18
f 20//20 133//133 18//18
f 133//133 20//20 134//134
f 20//20 135//135 134//134
f 135//135 20//20 22//22
f 24//24 135//135 22//22
f 135//135 24//24 136//136
f 26//26 136//136 24//24
f 136//136 26//26 137//137
f 28//28 137//137 26//26
f 137//137 28//28 138//138
f 30//30 138//138 28//28
f 138//138 30//30 139//139
f 32//32 139//139 30//30
f 139//139 32//32 140//140
f 34//34 140//140 32//32
f 140//140 34//34 141//141
f 36//36 141//141 34//34
f 141//141 36//36 142//142
f 38//38 142//142 36//36
f 142//142 38//38 143//143
f 40//40 143//143 38//38
f 143//143 40//40 144//144
f 42//42 144//144 40//40
f 144//144 42//42 145//145
f 42//42 146//146 145//145
f 146//146 42//42 44//44
f 46//46 146//146 44//44
f 146//146 46//46 147//147
f 46//46 148//148 147//147
f 148//148 46//46 48//48
f 48//48 149//149 148//148
f 149//149 48//48 50//50
f 50//50 150//150 149//149
f 150//150 50//50 52//52
f 52//52 56//56 150//150
f 56//56 52//52 54//54
f 57//57 150//150 56//56
f 150//150 57//57 151//151
f 58//58 151//151 57//57
f 151//151 58//58 152//152
f 59//59 152//152 58//58
f 152//152 59//59 153//153
f 60//60 153//153 59//59
f 153//153 60//60 154//154
f 61//61 154//154 60//60
f 154//154 61//61 155//155
f 62//62 155//155 61//61
f 155//155 62//62 156//156
f 62//62 157//157 156//156
f 157//157 62//62 63//63
f 63//63 158//158 157//157
f 158//158 63//63 64//64
f 64//64 159//159 158//158
f 159//159 64//64 65//65
f 65//65 160//160 159//159
f 160//160 65//65 66//66
f 66//66 161//161 160//160
f 161//161 66//66 67//67
f 67//67 162//162 161//161
f 162//162 67//67 68//68
f 69//69 162//162 68//68
f 162//162 69//69 163//163
f 70//70 163//163 69//69
f 163//163 70//70 164//164
f 71//71 164//164 70//70
f 164//164 71//71 165//165
f 72//72 165//165 71//71
f 165//165 72//72 166//166
f 73//73 166//166 72//72
f 166//166 73//73 74//74
f 74//74 167//167 166//166
f 167//167 74//74 168//168
f 75//75 168//168 74//74
f 168//168 75//75 169//169
f 75//75 170//170 169//169
f 170//170 75//75 76//76
f 76//76 171//171 170//170
f 171//171 76//76 172//172
f 77//77 172//172 76//76
f 172//172 77//77 78//78
f 78//78 80//80 172//172
f 80//80 78//78 79//79
f 81//81 172//172 80//80
f 172//172 81//81 171//171
f 82//82 171//171 81//81
f 171//171 82//82 173//173
f 83//83 173//173 82//82
f 173//173 83//83 174//174
f 84//84 174//174 83//83
f 174//174 84//84 175//175
f 85//85 175//175 84//84
f 175//175 85//85 176//176
f 86//86 176//176 85//85
f 176//176 86//86 177//177
f 86//86 178//178 177//177
f 178//178 86//86 87//87
f 87//87 179//179 178//178
f 179//179 87//87 88//88
f 88//88 180//180 179//179
f 180//180 88//88 89//89
f 89//89 181//181 180//180
f 181//181 89//89 90//90
f 90//90 182//182 181//181
f 182//182 90//90 91//91
f 91//91 183//183 182//182
f 183//183 91//91 92//92
f 92//92 184//184 183//183
f 184//184 92//92 93//93
f 93//93 185//185 184//184
f 185//185 93//93 94//94
f 94//94 186//186 185//185
f 186//186 94//94 95//95
f 96//96 186//186 95//95
f 186//186 96//96 187//187
f 97//97 187//187 96//96
f 187//187 97//97 188//188
f 98//98 188//188 97//97
f 188//188 98//98 189//189
f 99//99 189//189 98//98
f 189//189 99//99 190//190
f 100//100 190//190 99//99
f 190//190 100//100 191//191
f 101//101 191//191 100//100
f 191//191 101//101 192//192
f 101//101 193//193 192//192
f 193//193 101//101 102//102
f 102//102 194//194 193//193
f 194//194 102//102 103//103
f 103//103 195//195 194//194
f 195//195 103//103 104//104
f 104//104 196//196 195//195
f 196//196 104//104 105//105
f 107//107 196//196 105//105
f 196//196 107//107 197//197
f 109//109 197//197 107//107
f 197//197 109//109 198//198
f 111//111 198//198 109//109
f 198//198 111//111 199//199
f 113//113 199//199 111//111
f 199//199 113//113 200//200
f 115//115 200//200 113//113
f 200//200 115//115 201//201
f 115//115 202//202 201//201
f 202//202 115//115 116//116
f 116//116 203//203 202//202
f 203//203 116//116 204//204
f 117//117 204//204 116//116
f 204//204 117//117 205//205
f 118//118 205//205 117//117
f 205//205 118//118 206//206
f 207//207 206//206 118//118
f 206//206 207//207 208//208
f 207//207 209//209 208//208
f 209//209 207//207 210//210
f 211//211 210//210 207//207
f 210//210 211//211 212//212
f 213//213 212//212 211//211
f 212//212 213//213 214//214
f 215//215 214//214 213//213
f 214//214 215//215 216//216
f 217//217 216//216 215//215
f 216//216 217//217 218//218
f 124//124 218//218 217//217
f 218//218 124//124 219//219
f 125//125 219//219 124//124
f 219//219 125//125 220//220
f 126//126 220//220 125//125
f 220//220 126//126 221//221
f 127//127 221//221 126//126
f 221//221 127//127 222//222
f 128//128 222//222 127//127
f 222//222 128//128 223//223
f 129//129 223//223 128//128
f 223//223 129//129 224//224
f 129//129 225//225 224//224
f 225//225 129//129 130//130
f 130//130 226//226 225//225
f 226//226 130//130 131//131
f 131//131 227//227 226//226
f 227//227 131//131 132//132
f 132//132 228//228 227//227
f 228//228 132//132 133//133
f 133//133 229//229 228//228
f 229//229 133//133 134//134
f 134//134 230//230 229//229
f 230//230 134//134 135//135
f 136//136 230//230 135//135
f 230//230 136//136 231//231
f 137//137 231//231 136//136
f 231//231 137//137 232//232
f 138//138 232//232 137//137
f 232//232 138//138 233//233
f 139//139 233//233 138//138
f 233//233 139//139 234//234
f 140//140 234//234 139//139
f 234//234 140//140 235//235
f 141//141 235//235 140//140
f 235//235 141//141 236//236
f 142//142 236//236 141//141
f 236//236 142//142 237//237
f 143//143 237//237 142//142
f 237//237 143//143 238//238
f 144//144 238//238 143//143
f 238//238 144//144 239//239
f 145//145 239//239 144//144
f 239//239 145//145 240//240
f 145//145 241//241 240//240
f 241//241 145//145 146//146
f 146//146 242//242 241//241
f 242//242 146//146 147//147
f 147//147 243//243 242//242
f 243//243 147//147 148//148
f 148//148 244//244 243//243
f 244//244 148//148 149//149
f 149//149 151//151 244//244
f 151//151 149//149 150//150
f 152//152 244//244 151//151
f 244//244 152//152 245//245
f 153//153 245//245 152//152
f 245//245 153//153 246//246
f 154//154 246//246 153//153
f 246//246 154//154 247//247
f 155//155 247//247 154//154
f 247//247 155//155 248//248
f 156//156 248//248 155//155
f 248//248 156//156 249//249
f 156//156 250//250 249//249
f 250//250 156//156 157//157
f 157//157 251//251 250//250
f 251//251 157//157 158//158
f 158//158 252//252 251//251
f 252//252 158//158 159//159
f 159//159 253//253 252//252
f 253//253 159//159 160//160
f 160//160 254//254 253//253
f 254//254 160//160 161//161
f 161//161 255//255 254//254
f 255//255 161//161 162//162
f 163//163 255//255 162//162
f 255//255 163//163 256//256
f 164//164 256//256 163//163
f 256//256 164//164 257//257
f 165//165 257//257 164//164
f 257//257 165//165 258//258
f 166//166 258//258 165//165
f 258//258 166//166 167//167
f 167//167 259//259 258//258
f 259//259 167//167 260//260
f 168//168 260//260 167//167
f 260//260 168//168 261//261
f 169//169 261//261 168//168
f 261//261 169//169 262//262
f 169//169 263//263 262//262
f 263//263 169//169 170//170
f 170//170 173//173 263//263
f 173//173 170//170 171//171
f 174//174 263//263 173//173
f 263//263 174//174 264//264
f 175//175 264//264 174//174
f 264//264 175//175 265//265
f 176//176 265//265 175//175
f 265//265 176//176 266//266
f 176//176 267//267 266//266
f 267//267 176//176 177//177
f 177//177 268//268 267//267
f 268//268 177//177 178//178
f 178//178 269//269 268//268
f 269//269 178//178 179//179
f 179//179 270//270 269//269
f 270//270 179//179 180//180
f 180//180 271//271 270//270
f 271//271 180//180 181//181
f 181//181 272//272 271//271
f 272//272 181//181 182//182
f 182//182 273//273 272//272
f 273//273 182//182 183//183
f 183//183 274//274 273//273
f 274//274 183//183 184//184
f 184//184 275//275 274//274
f 275//275 184//184 185//185
f 185//185 276//276 275//275
f 276//276 185//185 186//186
f 187//187 276//276 186//186
f 276//276 187//187 277//277
f 188//188 277//277 187//187
f 277//277 188//188 278//278
f 189//189 278//278 188//188
f 278//278 189//189 279//279
f 190//190 279//279 189//189
f 279//279 190//190 280//280
f 191//191 280//280 190//190
f 280//280 191//191 281//281
f 192//192 281//281 191//191
f 281//281 192//192 282//282
f 192//192 283//283 282//282
f 283//283 192//192 193//193
f 193//193 284//284 283//283
f 284//284 193//193 194//194
f 194//194 285//285 284//284
f 285//285 194//194 195//195
f 195//195 286//286 285//285
f 286//286 195//195 196//196
f 197//197 286//286 196//196
f 286//286 197//197 287//287
f 198//198 287//287 197//197
f 287//287 198//198 288//288
f 199//199 288//288 198//198
f 288//288 199//199 289//289
f 200//200 289//289 199//199
f 289//289 200//200 290//290
f 201//201 290//290 200//200
f 290//290 201//201 291//291
f 202//202 291//291 201//201
f 291//291 202//202 292//292
f 202//202 293//293 292//292
f 293//293 202//202 203//203
f 203//203 294//294 293//293
f 294//294 203//203 295//295
f 204//204 295//295 203//203
f 295//295 204//204 296//296
f 205//205 296//296 204//204
f 296//296 205//205 297//297
f 206//206 297//297 205//205
f 297//297 206//206 298//298
f 208//208 298//298 206//206
f 298//298 208//208 299//299
f 208//208 300//300 299//299
f 300//300 208//208 209//209
f 209//209 301//301 300//300
f 301//301 209//209 302//302
f 210//210 302//302 209//209
f 302//302 210//210 303//303
f 212//212 303//303 210//210
f 303//303 212//212 304//304
f 214//214 304//304 212//212
f 304//304 214//214 305//305
f 216//216 305//305 214//214
f 305//305 216//216 306//306
f 218//218 306//306 216//216
f 306//306 218//218 307//307
f 219//219 307//307 218//218
f 307//307 219//219 308//308
f 220//220 308//308 219//219
f 308//308 220//220 309//309
f 221//221 309//309 220//220
f 309//309 221//221 310//310
f 222//222 310//310 221//221
f 310//310 222//222 311//311
f 223//223 311//311 222//222
f 311//311 223//223 312//312
f 224//224 312//312 223//223
f 312//312 224//224 313//313
f 224//224 314//314 313//313
f 314//314 224//224 225//225
f 225//225 315//315 314//314
f 315//315 225//225 226//226
f 226//226 316//316 315//315
f 316//316 226//226 227//227
f 227//227 317//317 316//316
f 317//317 227//227 228//228
f 228//228 318//318 317//317
f 318//318 228//228 229//229
f 229//229 319//319 318//318
f 319//319 229//229 230//230
f 231//231 319//319 230//230
f 319//319 231//231 320//320
f 232//232 320//320 231//231
f 320//320 232//232 321//321
f 233//233 321//321 232//232
f 321//321 233//233 322//322
f 234//234 322//322 233//233
f 322//322 234//234 323//323
f 235//235 323//323 234//234
f 323//323 235//235 324//324
f 236//236 324//324 235//235
f 324//324 236//236 325//325
f 237//237 325//325 236//236
f 325//325 237//237 326//326
f 238//238 326//326 237//237
f 326//326 238//238 327//327
f 239//239 327//327 238//238
f 327//327 239//239 328//328
f 240//240 328//328 239//239
f 328//328 240//240 329//329
f 240//240 330//330 329//329
f 330//330 240//240 241//241
f 241//241 331//331 330//330
f 331//331 241//241 242//242
f 242//242 332//332 331//331
f 332//332 242//242 243//243
f 243//243 245//245 332//332
f 245//245 243//243 244//244
f 246//246 332//332 245//245
f 332//332 246//246 333//333
f 247//247 333//333 246//246
f 333//333 247//247 334//334
f 248//248 334//334 247//247
f 334//334 248//248 335//335
f 249//249 335//335 248//248
f 335//335 249//249 336//336
f 249//249 337//337 336//336
f 337//337 249//249 250//250
f 250//250 338//338 337//337
f 338//338 250//250 251//251
f 251//251 339//339 338//338
f 339//339 251//251 252//252
f 252//252 340//340 339//339
f 340//340 252//252 253//253
f 253//253 341//341 340//340
f 341//341 253//253 254//254
f 254//254 342//342 341//341
f 342//342 254//254 255//255
f 255//255 343//343 342//342
f 343//343 255//255 256//256
f 257//257 343//343 256//256
f 343//343 257//257 344//344
f 258//258 344//344 257//257
f 344//344 258//258 259//259
f 259//259 345//345 344//344
f 345//345 259//259 346//346
f 260//260 346//346 259//259
f 346//346 260//260 347//347
f 261//261 347//347 260//260
f 347//347 261//261 348//348
f 262//262 348//348 261//261
f 348//348 262//262 349//349
f 262//262 264//264 349//349
f 264//264 262//262 263//263
f 265//265 349//349 264//264
f 349//349 265//265 350//350
f 266//266 350//350 265//265
f 350//350 266//266 351//351
f 266//266 352//352 351//351
f 352//352 266//266 267//267
f 267//267 353//353 352//352
f 353//353 267//267 268//268
f 268//268 354//354 353//353
f 354//354 268//268 269//269
f 269//269 355//355 354//354
f 355//355 269//269 270//270
f 270//270 356//356 355//355
f 356//356 270//270 271//271
f 271//271 357//357 356//356
f 357//357 271//271 272//272
f 272//272 358//358 357//357
f 358//358 272//272 273//273
f 273//273 359//359 358//358
f 359//359 273//273 274//274
f 274//274 360//360 359//359
f 360//360 274//274 275//275
f 275//275 361//361 360//360
f 361//361 275//275 276//276
f 277//277 361//361 276//276
f 361//361 277//277 362//362
f 278//278 362//362 277//277
f 362//362 278//278 363//363
f 279//279 363//363 278//278
f 363//363 279//279 364//364
f 280//280 364//364 279//279
f 364//364 280//280 365//365
f 281//281 365//365 280//280
f 365//365 281//281 366//366
f 282//282 366//366 281//281
f 366//366 282//282 367//367
f 282//282 368//368 367//367
f 368//368 282//282 283//283
f 283//283 369//369 368//368
f 369//369 283//283 284//284
f 284//284 370//370 369//369
f 370//370 284//284 285//285
f 285//285 371//371 370//370
f 371//371 285//285 372//372
f 372//372 285//285 373//373
f 373//373 285//285 374//374
f 374//374 285//285 375//375
f 375//375 285//285 376//376
f 286//286 376//376 285//285
f 376//376 286//286 377//377
f 377//377 286//286 378//378
f 378//378 286//286 379//379
f 287//287 379//379 286//286
f 379//379 287//287 380//380
f 288//288 380//380 287//287
f 380//380 288//288 381//381
f 289//289 381//381 288//288
f 381//381 289//289 382//382
f 290//290 382//382 289//289
f 382//382 290//290 383//383
f 291//291 383//383 290//290
f 383//383 291//291 384//384
f 292//292 384//384 291//291
f 384//384 292//292 385//385
f 292//292 386//386 385//385
f 386//386 292//292 293//293
f 293//293 387//387 386//386
f 387//387 293//293 294//294
f 294//294 388//388 387//387
f 388//388 294//294 389//389
f 295//295 389//389 294//294
f 389//389 295//295 390//390
f 296//296 390//390 295//295
f 390//390 296//296 391//391
f 297//297 391//391 296//296
f 391//391 297//297 392//392
f 298//298 392//392 297//297
f 392//392 298//298 393//393
f 299//299 393//393 298//298
f 393//393 299//299 394//394
f 299//299 395//395 394//394
f 395//395 299//299 300//300
f 300//300 396//396 395//395
f 396//396 300//300 301//301
f 301//301 397//397 396//396
f 397//397 301//301 398//398
f 302//302 398//398 301//301
f 398//398 302//302 399//399
f 303//303 399//399 302//302
f 399//399 303//303 400//400
f 304//304 400//400 303//303
f 400//400 304//304 401//401
f 305//305 401//401 304//304
f 401//401 305//305 402//402
f 306//306 402//402 305//305
f 402//402 306//306 403//403
f 307//307 403//403 306//306
f 403//403 307//307 404//404
f 308//308 404//404 307//307
f 404//404 308//308 405//405
f 309//309 405//405 308//308
f 405//405 309//309 406//406
f 310//310 406//406 309//309
f 406//406 310//310 407//407
f 311//311 407//407 310//310
f 407//407 311//311 408//408
f 312//312 408//408 311//311
f 408//408 312//312 409//409
f 313//313 409//409 312//312
f 409//409 313//313 410//410
f 313//313 411//411 410//410
f 411//411 313//313 314//314
f 314//314 412//412 411//411
f 412//412 314//314 315//315
f 315//315 413//413 412//412
f 413//413 315//315 316//316
f 316//316 414//414 413//413
f 414//414 316//316 317//317
f 317//317 415//415 414//414
f 415//415 317//317 318//318
f 318//318 416//416 415//415
f 416//416 318//318 319//319
f 320//320 416//416 319//319
f 416//416 320//320 417//417
f 321//321 417//417 320//320
f 417//417 321//321 418//418
f 322//322 418//418 321//321
f 418//418 322//322 419//419
f 323//323 419//419 322//322
f 419//419 323//323 420//420
f 324//324 420//420 323//323
f 420//420 324//324 421//421
f 325//325 421//421 324//324
f 421//421 325//325 422//422
f 326//326 422//422 325//325
f 422//422 326//326 423//423
f 327//327 423//423 326//326
f 423//423 327//327 424//424
f 328//328 424//424 327//327
f 424//424 328//328 425//425
f 328//328 426//426 425//425
f 426//426 328//328 329//329
f 329//329 427//427 426//426
f 427//427 329//329 330//330
f 330//330 428//428 427//427
f 428//428 330//330 331//331
f 331//331 333//333 428//428
f 333//333 331//331 332//332
f 334//334 428//428 333//333
f 428//428 334//334 429//429
f 335//335 429//429 334//334
f 429//429 335//335 430//430
f 336//336 430//430 335//335
f 430//430 336//336 431//431
f 336//336 432//432 431//431
f 432//432 336//336 337//337
f 337//337 433//433 432//432
f 433//433 337//337 338//338
f 338//338 434//434 433//433
f 434//434 338//338 339//339
f 339//339 435//435 434//434
f 435//435 339//339 340//340
f 340//340 436//436 435//435
f 436//436 340//340 341//341
f 341//341 437//437 436//436
f 437//437 341//341 342//342
f 343//343 437//437 342//342
f 437//437 343//343 438//438
f 344//344 438//438 343//343
f 438//438 344//344 345//345
f 345//345 439//439 438//438
f 439//439 345//345 440//440
f 346//346 440//440 345//345
f 440//440 346//346 441//441
f 347//347 441//441 346//346
f 441//441 347//347 442//442
f 348//348 442//442 347//347
f 442//442 348//348 443//443
f 349//349 443//443 348//348
f 443//443 349//349 350//350
f 350//350 444//444 443//443
f 444//444 350//350 351//351
f 351//351 445//445 444//444
f 445//445 351//351 352//352
f 352//352 446//446 445//445
f 446//446 352//352 353//353
f 353//353 447//447 446//446
f 447//447 353//353 354//354
f 354//354 448//448 447//447
f 448//448 354//354 355//355
f 355//355 449//449 448//448
f 449//449 355//355 356//356
f 357//357 449//449 356//356
f 449//449 357//357 450//450
f 357//357 451//451 450//450
f 451//451 357//357 358//358
f 358//358 452//452 451//451
f 452//452 358//358 359//359
f 359//359 453//453 452//452
f 453//453 359//359 360//360
f 360//360 454//454 453//453
f 454//454 360//360 361//361
f 361//361 455//455 454//454
f 455//455 361//361 362//362
f 362//362 456//456 455//455
f 456//456 362//362 363//363
f 363//363 457//457 456//456
f 457//457 363//363 364//364
f 364//364 458//458 457//457
f 458//458 364//364 365//365
f 365//365 459//459 458//458
f 459//459 365//365 366//366
f 366//366 460//460 459//459
f 460//460 366//366 367//367
f 367//367 461//461 460//460
f 461//461 367//367 368//368
f 368//368 462//462 461//461
f 462//462 368//368 369//369
f 369//369 463//463 462//462
f 463//463 369//369 370//370
f 370//370 464//464 463//463
f 464//464 370//370 465//465
f 370//370 371//371 465//465
f 466//466 465//465 371//371
f 467//467 465//465 466//466
f 465//465 467//467 464//464
f 468//468 464//464 467//467
f 464//464 468//468 469//469
f 468//468 470//470 469//469
f 470//470 468//468 471//471
f 472//472 471//471 468//468
f 471//471 472//472 473//473
f 474//474 473//473 472//472
f 473//473 474//474 475//475
f 476//476 475//475 474//474
f 475//475 476//476 477//477
f 478//478 477//477 476//476
f 477//477 478//478 479//479
f 480//480 479//479 478//478
f 479//479 480//480 481//481
f 480//480 482//482 481//481
f 482//482 480//480 483//483
f 484//484 483//483 480//480
f 483//483 484//484 485//485
f 484//484 486//486 485//485
f 486//486 484//484 487//487
f 488//488 487//487 484//484
f 487//487 488//488 489//489
f 490//490 489//489 488//488
f 489//489 490//490 491//491
f 492//492 491//491 490//490
f 491//491 492//492 493//493
f 494//494 493//493 492//492
f 493//493 494//494 495//495
f 467//467 495//495 494//494
f 495//495 467//467 466//466
f 466//466 496//496 495//495
f 496//496 466//466 497//497
f 371//371 497//497 466//466
f 497//497 371//371 372//372
f 372//372 498//498 371//371
f 372//372 499//499 498//498
f 373//373 499//499 372//372
f 374//374 499//499 373//373
f 374//374 500//500 499//499
f 500//500 374//374 375//375
f 375//375 501//501 374//374
f 501//501 375//375 502//502
f 500//500 502//502 375//375
f 502//502 500//500 503//503
f 499//499 503//503 500//500
f 503//503 499//499 504//504
f 498//498 504//504 499//499
f 504//504 498//498 505//505
f 505//505 498//498 506//506
f 371//371 498//498 506//506
f 498//498 507//507 506//506
f 498//498 508//508 507//507
f 499//499 508//508 498//498
f 499//499 509//509 508//508
f 500//500 509//509 499//499
f 500//500 510//510 509//509
f 375//375 510//510 500//500
f 510//510 375//375 376//376
f 377//377 510//510 376//376
f 510//510 377//377 509//509
f 509//509 377//377 378//378
f 511//511 377//377 378//378
f 377//377 511//511 512//512
f 513//513 512//512 511//511
f 512//512 513//513 514//514
f 515//515 514//514 513//513
f 514//514 515//515 516//516
f 517//517 516//516 515//515
f 516//516 517//517 518//518
f 519//519 518//518 517//517
f 518//518 519//519 520//520
f 521//521 520//520 519//519
f 520//520 521//521 522//522
f 523//523 522//522 521//521
f 522//522 523//523 524//524
f 525//525 524//524 523//523
f 524//524 525//525 526//526
f 527//527 526//526 525//525
f 526//526 527//527 528//528
f 529//529 528//528 527//527
f 528//528 529//529 530//530
f 531//531 530//530 529//529
f 530//530 531//531 532//532
f 533//533 532//532 531//531
f 532//532 533//533 534//534
f 533//533 535//535 534//534
f 535//535 533//533 536//536
f 537//537 536//536 533//533
f 536//536 537//537 538//538
f 539//539 538//538 537//537
f 538//538 539//539 540//540
f 541//541 540//540 539//539
f 540//540 541//541 542//542
f 543//543 542//542 541//541
f 542//542 543//543 544//544
f 543//543 545//545 544//544
f 545//545 543//543 546//546
f 543//543 547//547 546//546
f 547//547 543//543 548//548
f 541//541 548//548 543//543
f 548//548 541//541 549//549
f 539//539 549//549 541//541
f 549//549 539//539 550//550
f 537//537 550//550 539//539
f 550//550 537//537 551//551
f 537//537 531//531 551//551
f 531//531 537//537 533//533
f 529//529 551//551 531//531
f 551//551 529//529 552//552
f 527//527 552//552 529//529
f 552//552 527//527 553//553
f 525//525 553//553 527//527
f 553//553 525//525 554//554
f 523//523 554//554 525//525
f 554//554 523//523 555//555
f 521//521 555//555 523//523
f 555//555 521//521 556//556
f 519//519 556//556 521//521
f 556//556 519//519 557//557
f 517//517 557//557 519//519
f 557//557 517//517 558//558
f 515//515 558//558 517//517
f 558//558 515//515 559//559
f 513//513 559//559 515//515
f 559//559 513//513 560//560
f 511//511 560//560 513//513
f 560//560 511//511 561//561
f 378//378 561//561 511//511
f 561//561 378//378 562//562
f 508//508 378//378 562//562
f 509//509 378//378 508//508
f 563//563 508//508 509//509
f 508//508 563//563 564//564
f 565//565 564//564 563//563
f 564//564 565//565 566//566
f 567//567 566//566 565//565
f 566//566 567//567 568//568
f 569//569 568//568 567//567
f 568//568 569//569 570//570
f 571//571 570//570 569//569
f 570//570 571//571 572//572
f 573//573 572//572 571//571
f 572//572 573//573 574//574
f 575//575 574//574 573//573
f 574//574 575//575 576//576
f 577//577 576//576 575//575
f 576//576 577//577 578//578
f 579//579 578//578 577//577
f 578//578 579//579 580//580
f 581//581 580//580 579//579
f 580//580 581//581 582//582
f 583//583 582//582 581//581
f 582//582 583//583 584//584
f 585//585 584//584 583//583
f 584//584 585//585 586//586
f 585//585 587//587 586//586
f 587//587 585//585 588//588
f 589//589 588//588 585//585
f 588//588 589//589 590//590
f 591//591 590//590 589//589
f 590//590 591//591 592//592
f 534//534 592//592 591//591
f 592//592 534//534 535//535
f 535//535 593//593 592//592
f 593//593 535//535 594//594
f 536//536 594//594 535//535
f 594//594 536//536 595//595
f 538//538 595//595 536//536
f 595//595 538//538 596//596
f 538//538 597//597 596//596
f 597//597 538//538 540//540
f 540//540 598//598 597//597
f 598//598 540//540 542//542
f 542//542 599//599 598//598
f 599//599 542//542 544//544
f 544//544 600//600 599//599
f 600//600 544//544 545//545
f 545//545 601//601 600//600
f 601//601 545//545 602//602
f 546//546 602//602 545//545
f 602//602 546//546 603//603
f 546//546 604//604 603//603
f 604//604 546//546 547//547
f 547//547 605//605 604//604
f 605//605 547//547 606//606
f 548//548 606//606 547//547
f 606//606 548//548 607//607
f 549//549 607//607 548//548
f 607//607 549//549 608//608
f 550//550 608//608 549//549
f 608//608 550//550 609//609
f 551//551 609//609 550//550
f 609//609 551//551 552//552
f 552//552 610//610 609//609
f 610//610 552//552 553//553
f 553//553 611//611 610//610
f 611//611 553//553 554//554
f 554//554 612//612 611//611
f 612//612 554//554 555//555
f 555//555 613//613 612//612
f 613//613 555//555 556//556
f 556//556 614//614 613//613
f 614//614 556//556 557//557
f 557//557 615//615 614//614
f 615//615 557//557 558//558
f 558//558 616//616 615//615
f 616//616 558//558 559//559
f 559//559 617//617 616//616
f 617//617 559//559 560//560
f 560//560 618//618 617//617
f 618//618 560//560 561//561
f 561//561 619//619 618//618
f 619//619 561//561 562//562
f 508//508 562//562 619//619
f 562//562 379//379 619//619
f 378//378 379//379 562//562
f 619//619 379//379 620//620
f 379//379 621//621 620//620
f 621//621 379//379 622//622
f 380//380 622//622 379//379
f 622//622 380//380 623//623
f 380//380 624//624 623//623
f 624//624 380//380 381//381
f 381//381 625//625 624//624
f 625//625 381//381 382//382
f 383//383 625//625 382//382
f 625//625 383//383 626//626
f 383//383 627//627 626//626
f 627//627 383//383 384//384
f 384//384 628//628 627//627
f 628//628 384//384 385//385
f 386//386 628//628 385//385
f 628//628 386//386 629//629
f 387//387 629//629 386//386
f 629//629 387//387 630//630
f 388//388 630//630 387//387
f 630//630 388//388 631//631
f 632//632 631//631 388//388
f 631//631 632//632 633//633
f 634//634 633//633 632//632
f 633//633 634//634 635//635
f 636//636 635//635 634//634
f 635//635 636//636 637//637
f 638//638 637//637 636//636
f 639//639 637//637 638//638
f 639//639 640//640 637//637
f 641//641 640//640 639//639
f 642//642 640//640 641//641
f 642//642 643//643 640//640
f 644//644 643//643 642//642
f 644//644 645//645 643//643
f 646//646 645//645 644//644
f 646//646 647//647 645//645
f 648//648 647//647 646//646
f 648//648 649//649 647//647
f 650//650 649//649 648//648
f 651//651 649//649 650//650
f 651//651 652//652 649//649
f 653//653 652//652 651//651
f 653//653 654//654 652//652
f 655//655 654//654 653//653
f 655//655 656//656 654//654
f 657//657 656//656 655//655
f 658//658 656//656 657//657
f 658//658 659//659 656//656
f 660//660 659//659 658//658
f 661//661 659//659 660//660
f 661//661 662//662 659//659
f 662//662 661//661 663//663
f 664//664 663//663 661//661
f 663//663 664//664 665//665
f 666//666 665//665 664//664
f 665//665 666//666 667//667
f 668//668 667//667 666//666
f 667//667 668//668 669//669
f 670//670 669//669 668//668
f 669//669 670//670 671//671
f 672//672 671//671 670//670
f 671//671 672//672 673//673
f 674//674 673//673 672//672
f 673//673 674//674 675//675
f 674//674 676//676 675//675
f 676//676 674//674 677//677
f 678//678 677//677 674//674
f 677//677 678//678 679//679
f 678//678 401//401 679//679
f 401//401 678//678 400//400
f 680//680 400//400 678//678
f 400//400 680//680 399//399
f 681//681 399//399 680//680
f 399//399 681//681 398//398
f 682//682 398//398 681//681
f 398//398 682//682 397//397
f 683//683 397//397 682//682
f 397//397 683//683 684//684
f 685//685 684//684 683//683
f 684//684 685//685 686//686
f 687//687 686//686 685//685
f 686//686 687//687 688//688
f 687//687 689//689 688//688
f 687//687 660//660 689//689
f 660//660 687//687 661//661
f 685//685 661//661 687//687
f 661//661 685//685 664//664
f 683//683 664//664 685//685
f 664//664 683//683 666//666
f 682//682 666//666 683//683
f 666//666 682//682 668//668
f 681//681 668//668 682//682
f 668//668 681//681 670//670
f 680//680 670//670 681//681
f 670//670 680//680 672//672
f 678//678 672//672 680//680
f 672//672 678//678 674//674
f 690//690 689//689 660//660
f 689//689 690//690 691//691
f 692//692 691//691 690//690
f 691//691 692//692 693//693
f 694//694 693//693 692//692
f 693//693 694//694 695//695
f 696//696 695//695 694//694
f 695//695 696//696 697//697
f 698//698 697//697 696//696
f 697//697 698//698 699//699
f 700//700 699//699 698//698
f 700//700 701//701 699//699
f 700//700 702//702 701//701
f 700//700 703//703 702//702
f 700//700 704//704 703//703
f 705//705 704//704 700//700
f 706//706 704//704 705//705
f 704//704 706//706 707//707
f 708//708 707//707 706//706
f 707//707 708//708 709//709
f 710//710 709//709 708//708
f 709//709 710//710 711//711
f 712//712 711//711 710//710
f 711//711 712//712 713//713
f 714//714 713//713 712//712
f 713//713 714//714 715//715
f 716//716 715//715 714//714
f 717//717 715//715 716//716
f 717//717 718//718 715//715
f 719//719 718//718 717//717
f 719//719 720//720 718//718
f 688//688 720//720 719//719
f 688//688 721//721 720//720
f 688//688 689//689 721//721
f 691//691 721//721 689//689
f 721//721 691//691 722//722
f 693//693 722//722 691//691
f 722//722 693//693 723//723
f 695//695 723//723 693//693
f 723//723 695//695 724//724
f 697//697 724//724 695//695
f 724//724 697//697 725//725
f 699//699 725//725 697//697
f 725//725 699//699 701//701
f 701//701 726//726 725//725
f 726//726 701//701 702//702
f 702//702 727//727 726//726
f 727//727 702//702 703//703
f 703//703 707//707 727//727
f 707//707 703//703 704//704
f 709//709 727//727 707//707
f 727//727 709//709 728//728
f 711//711 728//728 709//709
f 728//728 711//711 729//729
f 713//713 729//729 711//711
f 729//729 713//713 730//730
f 715//715 730//730 713//713
f 730//730 715//715 718//718
f 718//718 731//731 730//730
f 731//731 718//718 720//720
f 720//720 722//722 731//731
f 722//722 720//720 721//721
f 723//723 731//731 722//722
f 731//731 723//723 732//732
f 724//724 732//732 723//723
f 732//732 724//724 733//733
f 725//725 733//733 724//724
f 733//733 725//725 726//726
f 726//726 728//728 733//733
f 728//728 726//726 727//727
f 729//729 733//733 728//728
f 733//733 729//729 732//732
f 730//730 732//732 729//729
f 732//732 730//730 731//731
f 734//734 688//688 719//719
f 688//688 734//734 686//686
f 735//735 686//686 734//734
f 686//686 735//735 684//684
f 396//396 684//684 735//735
f 684//684 396//396 397//397
f 735//735 395//395 396//396
f 395//395 735//735 736//736
f 734//734 736//736 735//735
f 736//736 734//734 737//737
f 719//719 737//737 734//734
f 737//737 719//719 717//717
f 717//717 738//738 737//737
f 738//738 717//717 716//716
f 739//739 738//738 716//716
f 738//738 739//739 740//740
f 741//741 740//740 739//739
f 740//740 741//741 742//742
f 743//743 742//742 741//741
f 742//742 743//743 744//744
f 745//745 744//744 743//743
f 744//744 745//745 746//746
f 638//638 746//746 745//745
f 746//746 638//638 747//747
f 636//636 747//747 638//638
f 747//747 636//636 634//634
f 634//634 748//748 747//747
f 748//748 634//634 632//632
f 632//632 389//389 748//748
f 389//389 632//632 388//388
f 390//390 748//748 389//389
f 748//748 390//390 749//749
f 391//391 749//749 390//390
f 749//749 391//391 750//750
f 392//392 750//750 391//391
f 750//750 392//392 751//751
f 393//393 751//751 392//392
f 751//751 393//393 752//752
f 393//393 753//753 752//752
f 753//753 393//393 394//394
f 394//394 736//736 753//753
f 736//736 394//394 395//395
f 737//737 753//753 736//736
f 753//753 737//737 738//738
f 740//740 753//753 738//738
f 753//753 740//740 752//752
f 742//742 752//752 740//740
f 752//752 742//742 751//751
f 744//744 751//751 742//742
f 751//751 744//744 750//750
f 746//746 750//750 744//744
f 750//750 746//746 749//749
f 747//747 749//749 746//746
f 749//749 747//747 748//748
f 745//745 639//639 638//638
f 745//745 754//754 639//639
f 745//745 755//755 754//754
f 743//743 755//755 745//745
f 743//743 756//756 755//755
f 741//741 756//756 743//743
f 741//741 757//757 756//756
f 739//739 757//757 741//741
f 739//739 758//758 757//757
f 716//716 758//758 739//739
f 716//716 714//714 758//758
f 714//714 759//759 758//758
f 759//759 714//714 712//712
f 710//710 759//759 712//712
f 759//759 710//710 760//760
f 708//708 760//760 710//710
f 760//760 708//708 761//761
f 708//708 762//762 761//761
f 762//762 708//708 706//706
f 705//705 762//762 706//706
f 762//762 705//705 763//763
f 763//763 705//705 700//700
f 764//764 763//763 700//700
f 764//764 762//762 763//763
f 762//762 764//764 765//765
f 766//766 765//765 764//764
f 765//765 766//766 767//767
f 768//768 767//767 766//766
f 767//767 768//768 769//769
f 770//770 769//769 768//768
f 769//769 770//770 771//771
f 772//772 771//771 770//770
f 771//771 772//772 773//773
f 772//772 774//774 773//773
f 774//774 772//772 775//775
f 772//772 700//700 775//775
f 772//772 770//770 700//700
f 770//770 768//768 700//700
f 768//768 766//766 700//700
f 766//766 764//764 700//700
f 775//775 700//700 776//776
f 776//776 700//700 777//777
f 777//777 700//700 778//778
f 778//778 700//700 779//779
f 779//779 700//700 780//780
f 780//780 700//700 781//781
f 700//700 782//782 781//781
f 700//700 783//783 782//782
f 700//700 784//784 783//783
f 700//700 785//785 784//784
f 700//700 698//698 785//785
f 698//698 786//786 785//785
f 786//786 698//698 696//696
f 696//696 787//787 786//786
f 787//787 696//696 694//694
f 694//694 788//788 787//787
f 788//788 694//694 692//692
f 692//692 789//789 788//788
f 789//789 692//692 690//690
f 690//690 658//658 789//789
f 658//658 690//690 660//660
f 657//657 789//789 658//658
f 789//789 657//657 790//790
f 655//655 790//790 657//657
f 790//790 655//655 791//791
f 653//653 791//791 655//655
f 791//791 653//653 792//792
f 651//651 792//792 653//653
f 792//792 651//651 793//793
f 650//650 793//793 651//651
f 793//793 650//650 794//794
f 648//648 794//794 650//650
f 794//794 648//648 795//795
f 648//648 796//796 795//795
f 796//796 648//648 646//646
f 646//646 797//797 796//796
f 797//797 646//646 644//644
f 644//644 798//798 797//797
f 798//798 644//644 642//642
f 642//642 799//799 798//798
f 799//799 642//642 641//641
f 641//641 800//800 799//799
f 800//800 641//641 639//639
f 754//754 800//800 639//639
f 800//800 754//754 801//801
f 755//755 801//801 754//754
f 801//801 755//755 802//802
f 756//756 802//802 755//755
f 802//802 756//756 803//803
f 757//757 803//803 756//756
f 803//803 757//757 804//804
f 758//758 804//804 757//757
f 804//804 758//758 759//759
f 759//759 805//805 804//804
f 805//805 759//759 760//760
f 760//760 806//806 805//805
f 806//806 760//760 761//761
f 761//761 765//765 806//806
f 765//765 761//761 762//762
f 767//767 806//806 765//765
f 806//806 767//767 807//807
f 769//769 807//807 767//767
f 807//807 769//769 808//808
f 771//771 808//808 769//769
f 808//808 771//771 809//809
f 773//773 809//809 771//771
f 809//809 773//773 810//810
f 773//773 811//811 810//810
f 811//811 773//773 774//774
f 774//774 812//812 811//811
f 812//812 774//774 813//813
f 775//775 813//813 774//774
f 813//813 775//775 776//776
f 776//776 814//814 813//813
f 814//814 776//776 777//777
f 777//777 815//815 814//814
f 815//815 777//777 778//778
f 778//778 816//816 815//815
f 816//816 778//778 779//779
f 779//779 817//817 816//816
f 817//817 779//779 780//780
f 781//781 817//817 780//780
f 817//817 781//781 818//818
f 782//782 818//818 781//781
f 818//818 782//782 819//819
f 783//783 819//819 782//782
f 819//819 783//783 820//820
f 784//784 820//820 783//783
f 820//820 784//784 821//821
f 785//785 821//821 784//784
f 821//821 785//785 786//786
f 786//786 822//822 821//821
f 822//822 786//786 787//787
f 787//787 823//823 822//822
f 823//823 787//787 788//788
f 788//788 790//790 823//823
f 790//790 788//788 789//789
f 791//791 823//823 790//790
f 823//823 791//791 824//824
f 792//792 824//824 791//791
f 824//824 792//792 825//825
f 793//793 825//825 792//792
f 825//825 793//793 826//826
f 794//794 826//826 793//793
f 826//826 794//794 827//827
f 795//795 827//827 794//794
f 827//827 795//795 828//828
f 795//795 829//829 828//828
f 829//829 795//795 796//796
f 796//796 830//830 829//829
f 830//830 796//796 797//797
f 797//797 831//831 830//830
f 831//831 797//797 798//798
f 798//798 832//832 831//831
f 832//832 798//798 799//799
f 799//799 833//833 832//832
f 833//833 799//799 800//800
f 801//801 833//833 800//800
f 833//833 801//801 834//834
f 802//802 834//834 801//801
f 834//834 802//802 835//835
f 803//803 835//835 802//802
f 835//835 803//803 836//836
f 804//804 836//836 803//803
f 836//836 804//804 805//805
f 805//805 807//807 836//836
f 807//807 805//805 806//806
f 808//808 836//836 807//807
f 836//836 808//808 835//835
f 809//809 835//835 808//808
f 835//835 809//809 834//834
f 810//810 834//834 809//809
f 834//834 810//810 833//833
f 810//810 832//832 833//833
f 832//832 810//810 811//811
f 811//811 831//831 832//832
f 831//831 811//811 812//812
f 812//812 830//830 831//831
f 830//830 812//812 837//837
f 813//813 837//837 812//812
f 837//837 813//813 814//814
f 814//814 838//838 837//837
f 838//838 814//814 815//815
f 815//815 839//839 838//838
f 839//839 815//815 816//816
f 817//817 839//839 816//816
f 839//839 817//817 840//840
f 818//818 840//840 817//817
f 840//840 818//818 841//841
f 819//819 841//841 818//818
f 841//841 819//819 842//842
f 820//820 842//842 819//819
f 842//842 820//820 843//843
f 821//821 843//843 820//820
f 843//843 821//821 822//822
f 822//822 824//824 843//843
f 824//824 822//822 823//823
f 825//825 843//843 824//824
f 843//843 825//825 842//842
f 826//826 842//842 825//825
f 842//842 826//826 841//841
f 827//827 841//841 826//826
f 841//841 827//827 840//840
f 827//827 839//839 840//840
f 839//839 827//827 828//828
f 828//828 838//838 839//839
f 838//838 828//828 829//829
f 829//829 837//837 838//838
f 837//837 829//829 830//830
f 401//401 844//844 679//679
f 844//844 401//401 402//402
f 402//402 845//845 844//844
f 845//845 402//402 403//403
f 403//403 846//846 845//845
f 846//846 403//403 404//404
f 404//404 847//847 846//846
f 847//847 404//404 405//405
f 405//405 848//848 847//847
f 848//848 405//405 406//406
f 406//406 849//849 848//848
f 849//849 406//406 407//407
f 408//408 849//849 407//407
f 849//849 408//408 850//850
f 409//409 850//850 408//408
f 850//850 409//409 851//851
f 410//410 851//851 409//409
f 851//851 410//410 852//852
f 410//410 853//853 852//852
f 853//853 410//410 411//411
f 411//411 854//854 853//853
f 854//854 411//411 412//412
f 412//412 855//855 854//854
f 855//855 412//412 413//413
f 413//413 856//856 855//855
f 856//856 413//413 414//414
f 414//414 857//857 856//856
f 857//857 414//414 415//415
f 415//415 858//858 857//857
f 858//858 415//415 416//416
f 417//417 858//858 416//416
f 858//858 417//417 859//859
f 418//418 859//859 417//417
f 859//859 418//418 860//860
f 419//419 860//860 418//418
f 860//860 419//419 861//861
f 419//419 862//862 861//861
f 862//862 419//419 420//420
f 421//421 862//862 420//420
f 862//862 421//421 863//863
f 422//422 863//863 421//421
f 863//863 422//422 864//864
f 423//423 864//864 422//422
f 864//864 423//423 865//865
f 424//424 865//865 423//423
f 865//865 424//424 866//866
f 425//425 866//866 424//424
f 866//866 425//425 867//867
f 425//425 868//868 867//867
f 868//868 425//425 426//426
f 426//426 869//869 868//868
f 869//869 426//426 427//427
f 427//427 429//429 869//869
f 429//429 427//427 428//428
f 430//430 869//869 429//429
f 869//869 430//430 870//870
f 431//431 870//870 430//430
f 870//870 431//431 871//871
f 431//431 872//872 871//871
f 872//872 431//431 432//432
f 432//432 873//873 872//872
f 873//873 432//432 433//433
f 433//433 874//874 873//873
f 874//874 433//433 434//434
f 434//434 875//875 874//874
f 875//875 434//434 435//435
f 435//435 876//876 875//875
f 876//876 435//435 436//436
f 436//436 877//877 876//876
f 877//877 436//436 437//437
f 437//437 439//439 877//877
f 439//439 437//437 438//438
f 439//439 878//878 877//877
f 878//878 439//439 879//879
f 440//440 879//879 439//439
f 879//879 440//440 880//880
f 441//441 880//880 440//440
f 880//880 441//441 881//881
f 442//442 881//881 441//441
f 881//881 442//442 882//882
f 443//443 882//882 442//442
f 882//882 443//443 444//444
f 445//445 882//882 444//444
f 882//882 445//445 883//883
f 446//446 883//883 445//445
f 883//883 446//446 884//884
f 447//447 884//884 446//446
f 884//884 447//447 885//885
f 448//448 885//885 447//447
f 885//885 448//448 886//886
f 449//449 886//886 448//448
f 886//886 449//449 887//887
f 450//450 887//887 449//449
f 887//887 450//450 888//888
f 450//450 889//889 888//888
f 889//889 450//450 451//451
f 452//452 889//889 451//451
f 889//889 452//452 890//890
f 453//453 890//890 452//452
f 890//890 453//453 891//891
f 454//454 891//891 453//453
f 891//891 454//454 892//892
f 454//454 893//893 892//892
f 893//893 454//454 455//455
f 455//455 894//894 893//893
f 894//894 455//455 456//456
f 456//456 895//895 894//894
f 895//895 456//456 457//457
f 457//457 896//896 895//895
f 896//896 457//457 458//458
f 458//458 897//897 896//896
f 897//897 458//458 459//459
f 459//459 898//898 897//897
f 898//898 459//459 460//460
f 461//461 898//898 460//460
f 898//898 461//461 899//899
f 462//462 899//899 461//461
f 899//899 462//462 900//900
f 463//463 900//900 462//462
f 900//900 463//463 901//901
f 463//463 902//902 901//901
f 902//902 463//463 622//622
f 463//463 903//903 622//622
f 463//463 904//904 903//903
f 463//463 470//470 904//904
f 463//463 469//469 470//470
f 463//463 464//464 469//469
f 464//464 905//905 469//469
f 906//906 905//905 464//464
f 905//905 906//906 907//907
f 371//371 907//907 465//465
f 371//371 506//506 907//907
f 907//907 505//505 506//506
f 505//505 907//907 908//908
f 908//908 907//907 909//909
f 905//905 909//909 907//907
f 909//909 905//905 910//910
f 905//905 911//911 910//910
f 469//469 905//905 911//911
f 905//905 912//912 911//911
f 907//907 912//912 905//905
f 912//912 907//907 507//507
f 506//506 507//507 907//907
f 507//507 621//621 912//912
f 913//913 621//621 507//507
f 621//621 913//913 620//620
f 507//507 619//619 620//620
f 508//508 619//619 507//507
f 564//564 507//507 508//508
f 914//914 507//507 564//564
f 507//507 914//914 912//912
f 915//915 912//912 914//914
f 912//912 915//915 916//916
f 917//917 916//916 915//915
f 916//916 917//917 918//918
f 919//919 918//918 917//917
f 918//918 919//919 920//920
f 921//921 920//920 919//919
f 920//920 921//921 922//922
f 923//923 922//922 921//921
f 922//922 923//923 924//924
f 925//925 924//924 923//923
f 924//924 925//925 926//926
f 925//925 621//621 926//926
f 621//621 925//925 927//927
f 928//928 927//927 925//925
f 927//927 928//928 929//929
f 930//930 929//929 928//928
f 929//929 930//930 931//931
f 932//932 931//931 930//930
f 931//931 932//932 933//933
f 932//932 934//934 933//933
f 934//934 932//932 935//935
f 936//936 935//935 932//932
f 935//935 936//936 937//937
f 938//938 937//937 936//936
f 937//937 938//938 939//939
f 940//940 939//939 938//938
f 939//939 940//940 941//941
f 942//942 941//941 940//940
f 941//941 942//942 943//943
f 944//944 943//943 942//942
f 943//943 944//944 945//945
f 946//946 945//945 944//944
f 945//945 946//946 947//947
f 948//948 947//947 946//946
f 948//948 949//949 947//947
f 570//570 949//949 948//948
f 949//949 570//570 572//572
f 572//572 950//950 949//949
f 950//950 572//572 574//574
f 574//574 951//951 950//950
f 951//951 574//574 576//576
f 576//576 952//952 951//951
f 952//952 576//576 578//578
f 578//578 953//953 952//952
f 953//953 578//578 580//580
f 580//580 954//954 953//953
f 954//954 580//580 582//582
f 582//582 955//955 954//954
f 955//955 582//582 584//584
f 586//586 955//955 584//584
f 955//955 586//586 956//956
f 586//586 957//957 956//956
f 957//957 586//586 587//587
f 587//587 958//958 957//957
f 958//958 587//587 959//959
f 588//588 959//959 587//587
f 959//959 588//588 960//960
f 590//590 960//960 588//588
f 960//960 590//590 961//961
f 592//592 961//961 590//590
f 961//961 592//592 593//593
f 593//593 962//962 961//961
f 962//962 593//593 963//963
f 594//594 963//963 593//593
f 963//963 594//594 964//964
f 595//595 964//964 594//594
f 964//964 595//595 965//965
f 596//596 965//965 595//595
f 965//965 596//596 966//966
f 597//597 966//966 596//596
f 966//966 597//597 967//967
f 598//598 967//967 597//597
f 967//967 598//598 968//968
f 599//599 968//968 598//598
f 968//968 599//599 969//969
f 599//599 970//970 969//969
f 970//970 599//599 600//600
f 600//600 971//971 970//970
f 971//971 600//600 601//601
f 601//601 972//972 971//971
f 972//972 601//601 973//973
f 602//602 973//973 601//601
f 973//973 602//602 974//974
f 603//603 974//974 602//602
f 974//974 603//603 975//975
f 603//603 976//976 975//975
f 976//976 603//603 604//604
f 604//604 977//977 976//976
f 977//977 604//604 605//605
f 605//605 978//978 977//977
f 978//978 605//605 979//979
f 606//606 979//979 605//605
f 979//979 606//606 980//980
f 607//607 980//980 606//606
f 980//980 607//607 981//981
f 608//608 981//981 607//607
f 981//981 608//608 982//982
f 609//609 982//982 608//608
f 982//982 609//609 610//610
f 610//610 983//983 982//982
f 983//983 610//610 611//611
f 611//611 984//984 983//983
f 984//984 611//611 612//612
f 612//612 985//985 984//984
f 985//985 612//612 613//613
f 613//613 934//934 985//985
f 934//934 613//613 614//614
f 614//614 933//933 934//934
f 933//933 614//614 615//615
f 616//616 933//933 615//615
f 933//933 616//616 931//931
f 617//617 931//931 616//616
f 931//931 617//617 929//929
f 618//618 929//929 617//617
f 929//929 618//618 927//927
f 618//618 620//620 927//927
f 620//620 618//618 619//619
f 927//927 620//620 621//621
f 935//935 985//985 934//934
f 985//985 935//935 986//986
f 937//937 986//986 935//935
f 986//986 937//937 987//987
f 939//939 987//987 937//937
f 987//987 939//939 988//988
f 941//941 988//988 939//939
f 988//988 941//941 989//989
f 943//943 989//989 941//941
f 989//989 943//943 990//990
f 945//945 990//990 943//943
f 990//990 945//945 991//991
f 947//947 991//991 945//945
f 991//991 947//947 992//992
f 949//949 992//992 947//947
f 949//949 950//950 992//992
f 950//950 993//993 992//992
f 950//950 951//951 993//993
f 951//951 994//994 993//993
f 951//951 952//952 994//994
f 952//952 995//995 994//994
f 952//952 953//953 995//995
f 953//953 996//996 995//995
f 953//953 954//954 996//996
f 954//954 997//997 996//996
f 954//954 955//955 997//997
f 955//955 956//956 997//997
f 997//997 956//956 998//998
f 956//956 999//999 998//998
f 956//956 957//957 999//999
f 957//957 1000//1000 999//999
f 957//957 958//958 1000//1000
f 958//958 1001//1001 1000//1000
f 958//958 1002//1002 1001//1001
f 959//959 1002//1002 958//958
f 1002//1002 959//959 1003//1003
f 960//960 1003//1003 959//959
f 1003//1003 960//960 1004//1004
f 961//961 1004//1004 960//960
f 1004//1004 961//961 962//962
f 962//962 1005//1005 1004//1004
f 1005//1005 962//962 1006//1006
f 963//963 1006//1006 962//962
f 1006//1006 963//963 1007//1007
f 964//964 1007//1007 963//963
f 1007//1007 964//964 1008//1008
f 965//965 1008//1008 964//964
f 1008//1008 965//965 1009//1009
f 966//966 1009//1009 965//965
f 1009//1009 966//966 1010//1010
f 967//967 1010//1010 966//966
f 1010//1010 967//967 1011//1011
f 968//968 1011//1011 967//967
f 1011//1011 968//968 1012//1012
f 969//969 1012//1012 968//968
f 1012//1012 969//969 1013//1013
f 969//969 1014//1014 1013//1013
f 1014//1014 969//969 970//970
f 970//970 1015//1015 1014//1014
f 1015//1015 970//970 971//971
f 971//971 1016//1016 1015//1015
f 1016//1016 971//971 972//972
f 972//972 1017//1017 1016//1016
f 1017//1017 972//972 1018//1018
f 973//973 1018//1018 972//972
f 1018//1018 973//973 1019//1019
f 974//974 1019//1019 973//973
f 1019//1019 974//974 1020//1020
f 975//975 1020//1020 974//974
f 1020//1020 975//975 1021//1021
f 975//975 1022//1022 1021//1021
f 1022//1022 975//975 976//976
f 976//976 1023//1023 1022//1022
f 1023//1023 976//976 977//977
f 977//977 1024//1024 1023//1023
f 1024//1024 977//977 978//978
f 978//978 1025//1025 1024//1024
f 1025//1025 978//978 1026//1026
f 979//979 1026//1026 978//978
f 1026//1026 979//979 1027//1027
f 980//980 1027//1027 979//979
f 1027//1027 980//980 1028//1028
f 981//981 1028//1028 980//980
f 1028//1028 981//981 1029//1029
f 982//982 1029//1029 981//981
f 1029//1029 982//982 983//983
f 983//983 1030//1030 1029//1029
f 1030//1030 983//983 984//984
f 984//984 986//986 1030//1030
f 986//986 984//984 985//985
f 987//987 1030//1030 986//986
f 1030//1030 987//987 1031//1031
f 988//988 1031//1031 987//987
f 1031//1031 988//988 1032//1032
f 989//989 1032//1032 988//988
f 1032//1032 989//989 1033//1033
f 990//990 1033//1033 989//989
f 1033//1033 990//990 1034//1034
f 991//991 1034//1034 990//990
f 1034//1034 991//991 1035//1035
f 992//992 1035//1035 991//991
f 1035//1035 992//992 993//993
f 993//993 1036//1036 1035//1035
f 1036//1036 993//993 994//994
f 994//994 1037//1037 1036//1036
f 1037//1037 994//994 995//995
f 995//995 1038//1038 1037//1037
f 1038//1038 995//995 996//996
f 996//996 1039//1039 1038//1038
f 1039//1039 996//996 997//997
f 997//997 1040//1040 1039//1039
f 1040//1040 997//997 998//998
f 999//999 1040//1040 998//998
f 1040//1040 999//999 1041//1041
f 1000//1000 1041//1041 999//999
f 1041//1041 1000//1000 1042//1042
f 1001//1001 1042//1042 1000//1000
f 1042//1042 1001//1001 1043//1043
f 1044//1044 1043//1043 1001//1001
f 1043//1043 1044//1044 1045//1045
f 1046//1046 1045//1045 1044//1044
f 1045//1045 1046//1046 1047//1047
f 1048//1048 1047//1047 1046//1046
f 1047//1047 1048//1048 1049//1049
f 1050//1050 1049//1049 1048//1048
f 1049//1049 1050//1050 1051//1051
f 1052//1052 1051//1051 1050//1050
f 1051//1051 1052//1052 1053//1053
f 1054//1054 1053//1053 1052//1052
f 1053//1053 1054//1054 1055//1055
f 1054//1054 1056//1056 1055//1055
f 1056//1056 1054//1054 1057//1057
f 1054//1054 1058//1058 1057//1057
f 1058//1058 1054//1054 1059//1059
f 1059//1059 1054//1054 1060//1060
f 1061//1061 1054//1054 1062//1062
f 1062//1062 1054//1054 1052//1052
f 1050//1050 1063//1063 1052//1052
f 1063//1063 1050//1050 1062//1062
f 1062//1062 1050//1050 1064//1064
f 1065//1065 1050//1050 1066//1066
f 1066//1066 1050//1050 1048//1048
f 1046//1046 1067//1067 1048//1048
f 1067//1067 1046//1046 1066//1066
f 1066//1066 1046//1046 1068//1068
f 1044//1044 1069//1069 1046//1046
f 1069//1069 1044//1044 1068//1068
f 1068//1068 1044//1044 1070//1070
f 1002//1002 1070//1070 1044//1044
f 1003//1003 1070//1070 1002//1002
f 1070//1070 1003//1003 1071//1071
f 1004//1004 1071//1071 1003//1003
f 1071//1071 1004//1004 1005//1005
f 1005//1005 1068//1068 1071//1071
f 1068//1068 1005//1005 1072//1072
f 1006//1006 1072//1072 1005//1005
f 1072//1072 1006//1006 1073//1073
f 1007//1007 1073//1073 1006//1006
f 1073//1073 1007//1007 1074//1074
f 1008//1008 1074//1074 1007//1007
f 1074//1074 1008//1008 1075//1075
f 1009//1009 1075//1075 1008//1008
f 1075//1075 1009//1009 1076//1076
f 1010//1010 1076//1076 1009//1009
f 1076//1076 1010//1010 1077//1077
f 1010//1010 1078//1078 1077//1077
f 1078//1078 1010//1010 1011//1011
f 1011//1011 1079//1079 1078//1078
f 1079//1079 1011//1011 1012//1012
f 1013//1013 1079//1079 1012//1012
f 1079//1079 1013//1013 1080//1080
f 1013//1013 1081//1081 1080//1080
f 1081//1081 1013//1013 1014//1014
f 1014//1014 1082//1082 1081//1081
f 1082//1082 1014//1014 1015//1015
f 1015//1015 1083//1083 1082//1082
f 1083//1083 1015//1015 1016//1016
f 1016//1016 1084//1084 1083//1083
f 1084//1084 1016//1016 1017//1017
f 1017//1017 1047//1047 1084//1084
f 1047//1047 1017//1017 1045//1045
f 1018//1018 1045//1045 1017//1017
f 1045//1045 1018//1018 1043//1043
f 1019//1019 1043//1043 1018//1018
f 1043//1043 1019//1019 1042//1042
f 1020//1020 1042//1042 1019//1019
f 1042//1042 1020//1020 1041//1041
f 1021//1021 1041//1041 1020//1020
f 1041//1041 1021//1021 1040//1040
f 1021//1021 1039//1039 1040//1040
f 1039//1039 1021//1021 1022//1022
f 1022//1022 1038//1038 1039//1039
f 1038//1038 1022//1022 1023//1023
f 1023//1023 1037//1037 1038//1038
f 1037//1037 1023//1023 1024//1024
f 1024//1024 1036//1036 1037//1037
f 1036//1036 1024//1024 1025//1025
f 1025//1025 1035//1035 1036//1036
f 1035//1035 1025//1025 1034//1034
f 1026//1026 1034//1034 1025//1025
f 1034//1034 1026//1026 1033//1033
f 1027//1027 1033//1033 1026//1026
f 1033//1033 1027//1027 1032//1032
f 1028//1028 1032//1032 1027//1027
f 1032//1032 1028//1028 1031//1031
f 1029//1029 1031//1031 1028//1028
f 1031//1031 1029//1029 1030//1030
f 1049//1049 1084//1084 1047//1047
f 1084//1084 1049//1049 1085//1085
f 1051//1051 1085//1085 1049//1049
f 1085//1085 1051//1051 1086//1086
f 1053//1053 1086//1086 1051//1051
f 1086//1086 1053//1053 1087//1087
f 1055//1055 1087//1087 1053//1053
f 1087//1087 1055//1055 1088//1088
f 1055//1055 1089//1089 1088//1088
f 1089//1089 1055//1055 1056//1056
f 1056//1056 1090//1090 1089//1089
f 1090//1090 1056//1056 1091//1091
f 1057//1057 1091//1091 1056//1056
f 1091//1091 1057//1057 1092//1092
f 1057//1057 1093//1093 1092//1092
f 1093//1093 1057//1057 1094//1094
f 1094//1094 1057//1057 1059//1059
f 1059//1059 1095//1095 1094//1094
f 1095//1095 1059//1059 1096//1096
f 1061//1061 1096//1096 1059//1059
f 1096//1096 1061//1061 1097//1097
f 1061//1061 1098//1098 1097//1097
f 1098//1098 1061//1061 1062//1062
f 1062//1062 1099//1099 1098//1098
f 1099//1099 1062//1062 1065//1065
f 1065//1065 1062//1062 1064//1064
f 1065//1065 1100//1100 1099//1099
f 1100//1100 1065//1065 1066//1066
f 1066//1066 1072//1072 1100//1100
f 1072//1072 1066//1066 1068//1068
f 1073//1073 1100//1100 1072//1072
f 1100//1100 1073//1073 1101//1101
f 1074//1074 1101//1101 1073//1073
f 1101//1101 1074//1074 1102//1102
f 1075//1075 1102//1102 1074//1074
f 1102//1102 1075//1075 1103//1103
f 1076//1076 1103//1103 1075//1075
f 1103//1103 1076//1076 1104//1104
f 1077//1077 1104//1104 1076//1076
f 1104//1104 1077//1077 1105//1105
f 1077//1077 1106//1106 1105//1105
f 1106//1106 1077//1077 1078//1078
f 1078//1078 1107//1107 1106//1106
f 1107//1107 1078//1078 1079//1079
f 1080//1080 1107//1107 1079//1079
f 1107//1107 1080//1080 1108//1108
f 1080//1080 1109//1109 1108//1108
f 1109//1109 1080//1080 1081//1081
f 1081//1081 1110//1110 1109//1109
f 1110//1110 1081//1081 1082//1082
f 1082//1082 1111//1111 1110//1110
f 1111//1111 1082//1082 1083//1083
f 1083//1083 1085//1085 1111//1111
f 1085//1085 1083//1083 1084//1084
f 1086//1086 1111//1111 1085//1085
f 1111//1111 1086//1086 1112//1112
f 1087//1087 1112//1112 1086//1086
f 1112//1112 1087//1087 1113//1113
f 1088//1088 1113//1113 1087//1087
f 1113//1113 1088//1088 1114//1114
f 1088//1088 1115//1115 1114//1114
f 1115//1115 1088//1088 1089//1089
f 1089//1089 1116//1116 1115//1115
f 1116//1116 1089//1089 1090//1090
f 1090//1090 1117//1117 1116//1116
f 1117//1117 1090//1090 1118//1118
f 1091//1091 1118//1118 1090//1090
f 1118//1118 1091//1091 1119//1119
f 1092//1092 1119//1119 1091//1091
f 1119//1119 1092//1092 1120//1120
f 1092//1092 1121//1121 1120//1120
f 1121//1121 1092//1092 1122//1122
f 1122//1122 1092//1092 1094//1094
f 1094//1094 1123//1123 1122//1122
f 1123//1123 1094//1094 1095//1095
f 1095//1095 1124//1124 1123//1123
f 1124//1124 1095//1095 1125//1125
f 1096//1096 1125//1125 1095//1095
f 1125//1125 1096//1096 1126//1126
f 1097//1097 1126//1126 1096//1096
f 1126//1126 1097//1097 1127//1127
f 1097//1097 1128//1128 1127//1127
f 1128//1128 1097//1097 1098//1098
f 1098//1098 1129//1129 1128//1128
f 1129//1129 1098//1098 1099//1099
f 1099//1099 1101//1101 1129//1129
f 1101//1101 1099//1099 1100//1100
f 1102//1102 1129//1129 1101//1101
f 1129//1129 1102//1102 1130//1130
f 1103//1103 1130//1130 1102//1102
f 1130//1130 1103//1103 1131//1131
f 1104//1104 1131//1131 1103//1103
f 1131//1131 1104//1104 1132//1132
f 1105//1105 1132//1132 1104//1104
f 1132//1132 1105//1105 1133//1133
f 1105//1105 1134//1134 1133//1133
f 1134//1134 1105//1105 1106//1106
f 1106//1106 1135//1135 1134//1134
f 1135//1135 1106//1106 1107//1107
f 1108//1108 1135//1135 1107//1107
f 1135//1135 1108//1108 1136//1136
f 1108//1108 1137//1137 1136//1136
f 1137//1137 1108//1108 1109//1109
f 1109//1109 1138//1138 1137//1137
f 1138//1138 1109//1109 1110//1110
f 1110//1110 1112//1112 1138//1138
f 1112//1112 1110//1110 1111//1111
f 1113//1113 1138//1138 1112//1112
f 1138//1138 1113//1113 1139//1139
f 1114//1114 1139//1139 1113//1113
f 1139//1139 1114//1114 1140//1140
f 1114//1114 1141//1141 1140//1140
f 1141//1141 1114//1114 1115//1115
f 1115//1115 1142//1142 1141//1141
f 1142//1142 1115//1115 1116//1116
f 1116//1116 1143//1143 1142//1142
f 1143//1143 1116//1116 1117//1117
f 1117//1117 1144//1144 1143//1143
f 1144//1144 1117//1117 1145//1145
f 1118//1118 1145//1145 1117//1117
f 1145//1145 1118//1118 1146//1146
f 1119//1119 1146//1146 1118//1118
f 1146//1146 1119//1119 1147//1147
f 1120//1120 1147//1147 1119//1119
f 1147//1147 1120//1120 1148//1148
f 1120//1120 1149//1149 1148//1148
f 1149//1149 1120//1120 1150//1150
f 1150//1150 1120//1120 1122//1122
f 1122//1122 1151//1151 1150//1150
f 1151//1151 1122//1122 1123//1123
f 1123//1123 1152//1152 1151//1151
f 1152//1152 1123//1123 1124//1124
f 1124//1124 1153//1153 1152//1152
f 1153//1153 1124//1124 1154//1154
f 1125//1125 1154//1154 1124//1124
f 1154//1154 1125//1125 1155//1155
f 1126//1126 1155//1155 1125//1125
f 1155//1155 1126//1126 1156//1156
f 1127//1127 1156//1156 1126//1126
f 1156//1156 1127//1127 1157//1157
f 1127//1127 1158//1158 1157//1157
f 1158//1158 1127//1127 1128//1128
f 1128//1128 1130//1130 1158//1158
f 1130//1130 1128//1128 1129//1129
f 1131//1131 1158//1158 1130//1130
f 1158//1158 1131//1131 1159//1159
f 1132//1132 1159//1159 1131//1131
f 1159//1159 1132//1132 1160//1160
f 1133//1133 1160//1160 1132//1132
f 1160//1160 1133//1133 1161//1161
f 1133//1133 1162//1162 1161//1161
f 1162//1162 1133//1133 1134//1134
f 1134//1134 1163//1163 1162//1162
f 1163//1163 1134//1134 1135//1135
f 1136//1136 1163//1163 1135//1135
f 1163//1163 1136//1136 1164//1164
f 1136//1136 1165//1165 1164//1164
f 1165//1165 1136//1136 1137//1137
f 1137//1137 1139//1139 1165//1165
f 1139//1139 1137//1137 1138//1138
f 1140//1140 1165//1165 1139//1139
f 1165//1165 1140//1140 1166//1166
f 1140//1140 1167//1167 1166//1166
f 1167//1167 1140//1140 1141//1141
f 1141//1141 1168//1168 1167//1167
f 1168//1168 1141//1141 1142//1142
f 1142//1142 1169//1169 1168//1168
f 1169//1169 1142//1142 1143//1143
f 1143//1143 1170//1170 1169//1169
f 1170//1170 1143//1143 1144//1144
f 1144//1144 1171//1171 1170//1170
f 1171//1171 1144//1144 1172//1172
f 1145//1145 1172//1172 1144//1144
f 1172//1172 1145//1145 1173//1173
f 1146//1146 1173//1173 1145//1145
f 1173//1173 1146//1146 1174//1174
f 1147//1147 1174//1174 1146//1146
f 1174//1174 1147//1147 1175//1175
f 1148//1148 1175//1175 1147//1147
f 1175//1175 1148//1148 1176//1176
f 1150//1150 1176//1176 1148//1148
f 1177//1177 1176//1176 1150//1150
f 1177//1177 1179//1179 1178//1178
f 1177//1177 1180//1180 1179//1179
f 1180//1180 1177//1177 1181//1181
f 1150//1150 1181//1181 1177//1177
f 1181//1181 1150//1150 1151//1151
f 1151//1151 1182//1182 1181//1181
f 1182//1182 1151//1151 1152//1152
f 1152//1152 1183//1183 1182//1182
f 1183//1183 1152//1152 1153//1153
f 1153//1153 1184//1184 1183//1183
f 1184//1184 1153//1153 1185//1185
f 1154//1154 1185//1185 1153//1153
f 1185//1185 1154//1154 1186//1186
f 1155//1155 1186//1186 1154//1154
f 1186//1186 1155//1155 1187//1187
f 1156//1156 1187//1187 1155//1155
f 1187//1187 1156//1156 1188//1188
f 1157//1157 1188//1188 1156//1156
f 1188//1188 1157//1157 1189//1189
f 1157//1157 1159//1159 1189//1189
f 1159//1159 1157//1157 1158//1158
f 1160//1160 1189//1189 1159//1159
f 1189//1189 1160//1160 1190//1190
f 1161//1161 1190//1190 1160//1160
f 1190//1190 1161//1161 1191//1191
f 1161//1161 1192//1192 1191//1191
f 1192//1192 1161//1161 1162//1162
f 1162//1162 1193//1193 1192//1192
f 1193//1193 1162//1162 1163//1163
f 1164//1164 1193//1193 1163//1163
f 1193//1193 1164//1164 1194//1194
f 1164//1164 1166//1166 1194//1194
f 1166//1166 1164//1164 1165//1165
f 1166//1166 1195//1195 1194//1194
f 1195//1195 1166//1166 1167//1167
f 1167//1167 1196//1196 1195//1195
f 1196//1196 1167//1167 1168//1168
f 1168//1168 1197//1197 1196//1196
f 1197//1197 1168//1168 1169//1169
f 1169//1169 1198//1198 1197//1197
f 1198//1198 1169//1169 1170//1170
f 1170//1170 1199//1199 1198//1198
f 1199//1199 1170//1170 1171//1171
f 1171//1171 1200//1200 1199//1199
f 1200//1200 1171//1171 1201//1201
f 1172//1172 1201//1201 1171//1171
f 1201//1201 1172//1172 1202//1202
f 1173//1173 1202//1202 1172//1172
f 1202//1202 1173//1173 1203//1203
f 1174//1174 1203//1203 1173//1173
f 1203//1203 1174//1174 1204//1204
f 1175//1175 1204//1204 1174//1174
f 1204//1204 1175//1175 1205//1205
f 1176//1176 1205//1205 1175//1175
f 1205//1205 1176//1176 1206//1206
f 1176//1176 1207//1207 1206//1206
f 1207//1207 1176//1176 1179//1179
f 1179//1179 1176//1176 1178//1178
f 1208//1208 1206//1206 1179//1179
f 1209//1209 1206//1206 1208//1208
f 1206//1206 1209//1209 1210//1210
f 1211//1211 1210//1210 1208//1208
f 1212//1212 1210//1210 1211//1211
f 1210//1210 1212//1212 1213//1213
f 1214//1214 1213//1213 1211//1211
f 1215//1215 1213//1213 1214//1214
f 1213//1213 1215//1215 1216//1216
f 1217//1217 1216//1216 1214//1214
f 1218//1218 1216//1216 1217//1217
f 1216//1216 1218//1218 1219//1219
f 1220//1220 1219//1219 1217//1217
f 1221//1221 1219//1219 1220//1220
f 1219//1219 1221//1221 1222//1222
f 1223//1223 1222//1222 1220//1220
f 1224//1224 1222//1222 1223//1223
f 1222//1222 1224//1224 1225//1225
f 908//908 1225//1225 1223//1223
f 1226//1226 1225//1225 908//908
f 1225//1225 1226//1226 909//909
f 909//909 1227//1227 1225//1225
f 1227//1227 909//909 1228//1228
f 910//910 1228//1228 909//909
f 1228//1228 910//910 1229//1229
f 911//911 1229//1229 910//910
f 1229//1229 911//911 1230//1230
f 470//470 911//911 1230//1230
f 469//469 911//911 470//470
f 911//911 912//912 1230//1230
f 1230//1230 912//912 916//916
f 912//912 924//924 916//916
f 912//912 926//926 924//924
f 912//912 621//621 926//926
f 621//621 622//622 926//926
f 926//926 622//622 924//924
f 924//924 622//622 922//922
f 922//922 622//622 920//920
f 920//920 622//622 903//903
f 1231//1231 920//920 903//903
f 1231//1231 918//918 920//920
f 1230//1230 918//918 1231//1231
f 1230//1230 916//916 918//918
f 916//916 924//924 918//918
f 918//918 924//924 922//922
f 918//918 922//922 920//920
f 470//470 1230//1230 1231//1231
f 1232//1232 1230//1230 1231//1231
f 1230//1230 1232//1232 1229//1229
f 1233//1233 1229//1229 1232//1232
f 1229//1229 1233//1233 1228//1228
f 1234//1234 1228//1228 1233//1233
f 1228//1228 1234//1234 1227//1227
f 1235//1235 1227//1227 1234//1234
f 1227//1227 1235//1235 1236//1236
f 1237//1237 1236//1236 1235//1235
f 1236//1236 1237//1237 1238//1238
f 1239//1239 1238//1238 1237//1237
f 1238//1238 1239//1239 1240//1240
f 1239//1239 1241//1241 1240//1240
f 1241//1241 1239//1239 1242//1242
f 1243//1243 1242//1242 1239//1239
f 1242//1242 1243//1243 1244//1244
f 1245//1245 1244//1244 1243//1243
f 1244//1244 1245//1245 1246//1246
f 481//481 1246//1246 1245//1245
f 1246//1246 481//481 482//482
f 482//482 1247//1247 1246//1246
f 1247//1247 482//482 1248//1248
f 483//483 1248//1248 482//482
f 1248//1248 483//483 1249//1249
f 483//483 1250//1250 1249//1249
f 1250//1250 483//483 485//485
f 485//485 1251//1251 1250//1250
f 1251//1251 485//485 486//486
f 1252//1252 1251//1251 486//486
f 1251//1251 1252//1252 1253//1253
f 1252//1252 1254//1254 1253//1253
f 1254//1254 1252//1252 1255//1255
f 1256//1256 1255//1255 1252//1252
f 1255//1255 1256//1256 1257//1257
f 1256//1256 1258//1258 1257//1257
f 1258//1258 1256//1256 1259//1259
f 1256//1256 489//489 1259//1259
f 489//489 1256//1256 487//487
f 1252//1252 487//487 1256//1256
f 487//487 1252//1252 486//486
f 491//491 1259//1259 489//489
f 1259//1259 491//491 1260//1260
f 493//493 1260//1260 491//491
f 1260//1260 493//493 1261//1261
f 495//495 1261//1261 493//493
f 1261//1261 495//495 496//496
f 1262//1262 1261//1261 496//496
f 1261//1261 1262//1262 1263//1263
f 1264//1264 1263//1263 1262//1262
f 1263//1263 1264//1264 1265//1265
f 1266//1266 1265//1265 1264//1264
f 1265//1265 1266//1266 1267//1267
f 1268//1268 1267//1267 1266//1266
f 1267//1267 1268//1268 1269//1269
f 1270//1270 1269//1269 1268//1268
f 1269//1269 1270//1270 1271//1271
f 908//908 1271//1271 1270//1270
f 1271//1271 908//908 1223//1223
f 1223//1223 1272//1272 1271//1271
f 1272//1272 1223//1223 1220//1220
f 1220//1220 1273//1273 1272//1272
f 1273//1273 1220//1220 1217//1217
f 1217//1217 1274//1274 1273//1273
f 1274//1274 1217//1217 1214//1214
f 1211//1211 1274//1274 1214//1214
f 1274//1274 1211//1211 1275//1275
f 1208//1208 1275//1275 1211//1211
f 1275//1275 1208//1208 1276//1276
f 1179//1179 1276//1276 1208//1208
f 1276//1276 1179//1179 1180//1180
f 1180//1180 1277//1277 1276//1276
f 1277//1277 1180//1180 1278//1278
f 1181//1181 1278//1278 1180//1180
f 1278//1278 1181//1181 1182//1182
f 1182//1182 1279//1279 1278//1278
f 1279//1279 1182//1182 1183//1183
f 1183//1183 1280//1280 1279//1279
f 1280//1280 1183//1183 1184//1184
f 1184//1184 1281//1281 1280//1280
f 1281//1281 1184//1184 1282//1282
f 1185//1185 1282//1282 1184//1184
f 1282//1282 1185//1185 1283//1283
f 1186//1186 1283//1283 1185//1185
f 1283//1283 1186//1186 1284//1284
f 1187//1187 1284//1284 1186//1186
f 1284//1284 1187//1187 1285//1285
f 1188//1188 1285//1285 1187//1187
f 1285//1285 1188//1188 1286//1286
f 1189//1189 1286//1286 1188//1188
f 1286//1286 1189//1189 1190//1190
f 1190//1190 1287//1287 1286//1286
f 1287//1287 1190//1190 1191//1191
f 1192//1192 1287//1287 1191//1191
f 1287//1287 1192//1192 1288//1288
f 1192//1192 1289//1289 1288//1288
f 1289//1289 1192//1192 1193//1193
f 1193//1193 1195//1195 1289//1289
f 1195//1195 1193//1193 1194//1194
f 1196//1196 1289//1289 1195//1195
f 1289//1289 1196//1196 1290//1290
f 1197//1197 1290//1290 1196//1196
f 1290//1290 1197//1197 1291//1291
f 1198//1198 1291//1291 1197//1197
f 1291//1291 1198//1198 1292//1292
f 1199//1199 1292//1292 1198//1198
f 1292//1292 1199//1199 1293//1293
f 1200//1200 1293//1293 1199//1199
f 1293//1293 1200//1200 1294//1294
f 1249//1249 1294//1294 1200//1200
f 1294//1294 1249//1249 1250//1250
f 1250//1250 1295//1295 1294//1294
f 1295//1295 1250//1250 1251//1251
f 1253//1253 1295//1295 1251//1251
f 1295//1295 1253//1253 1296//1296
f 1253//1253 1281//1281 1296//1296
f 1281//1281 1253//1253 1254//1254
f 1254//1254 1280//1280 1281//1281
f 1280//1280 1254//1254 1297//1297
f 1255//1255 1297//1297 1254//1254
f 1297//1297 1255//1255 1298//1298
f 1257//1257 1298//1298 1255//1255
f 1298//1298 1257//1257 1299//1299
f 1257//1257 1300//1300 1299//1299
f 1300//1300 1257//1257 1258//1258
f 1258//1258 1301//1301 1300//1300
f 1301//1301 1258//1258 1302//1302
f 1259//1259 1302//1302 1258//1258
f 1302//1302 1259//1259 1260//1260
f 1260//1260 1263//1263 1302//1302
f 1263//1263 1260//1260 1261//1261
f 1265//1265 1302//1302 1263//1263
f 1302//1302 1265//1265 1301//1301
f 1267//1267 1301//1301 1265//1265
f 1301//1301 1267//1267 1303//1303
f 1269//1269 1303//1303 1267//1267
f 1303//1303 1269//1269 1304//1304
f 1271//1271 1304//1304 1269//1269
f 1304//1304 1271//1271 1272//1272
f 1272//1272 1305//1305 1304//1304
f 1305//1305 1272//1272 1273//1273
f 1273//1273 1306//1306 1305//1305
f 1306//1306 1273//1273 1274//1274
f 1275//1275 1306//1306 1274//1274
f 1306//1306 1275//1275 1307//1307
f 1276//1276 1307//1307 1275//1275
f 1307//1307 1276//1276 1277//1277
f 1277//1277 1308//1308 1307//1307
f 1308//1308 1277//1277 1309//1309
f 1278//1278 1309//1309 1277//1277
f 1309//1309 1278//1278 1279//1279
f 1279//1279 1297//1297 1309//1309
f 1297//1297 1279//1279 1280//1280
f 1298//1298 1309//1309 1297//1297
f 1309//1309 1298//1298 1308//1308
f 1299//1299 1308//1308 1298//1298
f 1308//1308 1299//1299 1310//1310
f 1299//1299 1311//1311 1310//1310
f 1311//1311 1299//1299 1300//1300
f 1300//1300 1303//1303 1311//1311
f 1303//1303 1300//1300 1301//1301
f 1304//1304 1311//1311 1303//1303
f 1311//1311 1304//1304 1305//1305
f 1305//1305 1310//1310 1311//1311
f 1310//1310 1305//1305 1306//1306
f 1307//1307 1310//1310 1306//1306
f 1310//1310 1307//1307 1308//1308
f 1282//1282 1296//1296 1281//1281
f 1296//1296 1282//1282 1312//1312
f 1283//1283 1312//1312 1282//1282
f 1312//1312 1283//1283 1313//1313
f 1284//1284 1313//1313 1283//1283
f 1313//1313 1284//1284 1314//1314
f 1285//1285 1314//1314 1284//1284
f 1314//1314 1285//1285 1315//1315
f 1286//1286 1315//1315 1285//1285
f 1315//1315 1286//1286 1287//1287
f 1288//1288 1315//1315 1287//1287
f 1315//1315 1288//1288 1316//1316
f 1288//1288 1290//1290 1316//1316
f 1290//1290 1288//1288 1289//1289
f 1291//1291 1316//1316 1290//1290
f 1316//1316 1291//1291 1317//1317
f 1292//1292 1317//1317 1291//1291
f 1317//1317 1292//1292 1318//1318
f 1293//1293 1318//1318 1292//1292
f 1318//1318 1293//1293 1319//1319
f 1294//1294 1319//1319 1293//1293
f 1319//1319 1294//1294 1295//1295
f 1296//1296 1319//1319 1295//1295
f 1319//1319 1296//1296 1312//1312
f 1312//1312 1318//1318 1319//1319
f 1318//1318 1312//1312 1313//1313
f 1313//1313 1317//1317 1318//1318
f 1317//1317 1313//1313 1314//1314
f 1314//1314 1316//1316 1317//1317
f 1316//1316 1314//1314 1315//1315
f 1201//1201 1249//1249 1200//1200
f 1249//1249 1201//1201 1248//1248
f 1202//1202 1248//1248 1201//1201
f 1248//1248 1202//1202 1247//1247
f 1203//1203 1247//1247 1202//1202
f 1247//1247 1203//1203 1320//1320
f 1204//1204 1320//1320 1203//1203
f 1320//1320 1204//1204 1321//1321
f 1205//1205 1321//1321 1204//1204
f 1321//1321 1205//1205 1322//1322
f 1206//1206 1322//1322 1205//1205
f 1322//1322 1206//1206 1210//1210
f 1210//1210 1241//1241 1322//1322
f 1241//1241 1210//1210 1213//1213
f 1213//1213 1240//1240 1241//1241
f 1240//1240 1213//1213 1216//1216
f 1219//1219 1240//1240 1216//1216
f 1240//1240 1219//1219 1238//1238
f 1222//1222 1238//1238 1219//1219
f 1238//1238 1222//1222 1236//1236
f 1225//1225 1236//1236 1222//1222
f 1236//1236 1225//1225 1227//1227
f 1242//1242 1322//1322 1241//1241
f 1322//1322 1242//1242 1321//1321
f 1244//1244 1321//1321 1242//1242
f 1321//1321 1244//1244 1320//1320
f 1246//1246 1320//1320 1244//1244
f 1320//1320 1246//1246 1247//1247
f 1270//1270 505//505 908//908
f 505//505 1270//1270 504//504
f 1268//1268 504//504 1270//1270
f 504//504 1268//1268 503//503
f 1266//1266 503//503 1268//1268
f 503//503 1266//1266 502//502
f 1264//1264 502//502 1266//1266
f 502//502 1264//1264 501//501
f 1262//1262 501//501 1264//1264
f 501//501 1262//1262 1323//1323
f 496//496 1323//1323 1262//1262
f 1323//1323 496//496 497//497
f 497//497 373//373 1323//1323
f 373//373 497//497 372//372
f 374//374 1323//1323 373//373
f 1323//1323 374//374 501//501
f 1324//1324 481//481 1245//1245
f 481//481 1324//1324 479//479
f 1325//1325 479//479 1324//1324
f 479//479 1325//1325 477//477
f 1326//1326 477//477 1325//1325
f 477//477 1326//1326 475//475
f 1327//1327 475//475 1326//1326
f 475//475 1327//1327 473//473
f 1328//1328 473//473 1327//1327
f 473//473 1328//1328 471//471
f 904//904 471//471 1328//1328
f 471//471 904//904 470//470
f 470//470 1231//1231 904//904
f 904//904 1231//1231 903//903
f 1329//1329 1231//1231 903//903
f 1231//1231 1329//1329 1232//1232
f 1330//1330 1232//1232 1329//1329
f 1232//1232 1330//1330 1233//1233
f 1331//1331 1233//1233 1330//1330
f 1233//1233 1331//1331 1234//1234
f 1332//1332 1234//1234 1331//1331
f 1234//1234 1332//1332 1235//1235
f 1333//1333 1235//1235 1332//1332
f 1235//1235 1333//1333 1237//1237
f 1243//1243 1237//1237 1333//1333
f 1237//1237 1243//1243 1239//1239
f 1333//1333 1245//1245 1243//1243
f 1245//1245 1333//1333 1324//1324
f 1332//1332 1324//1324 1333//1333
f 1324//1324 1332//1332 1325//1325
f 1331//1331 1325//1325 1332//1332
f 1325//1325 1331//1331 1326//1326
f 1330//1330 1326//1326 1331//1331
f 1326//1326 1330//1330 1327//1327
f 1329//1329 1327//1327 1330//1330
f 1327//1327 1329//1329 1328//1328
f 903//903 1328//1328 1329//1329
f 1328//1328 903//903 904//904
f 1061//1061 1059//1059 1060//1060
f 1071//1071 1068//1068 1070//1070
f 1002//1002 1044//1044 1001//1001
f 1334//1334 570//570 946//946
f 1335//1335 570//570 1334//1334
f 570//570 1335//1335 568//568
f 1336//1336 568//568 1334//1334
f 1337//1337 568//568 1336//1336
f 568//568 1337//1337 566//566
f 914//914 566//566 1336//1336
f 1338//1338 566//566 914//914
f 566//566 1338//1338 564//564
f 1339//1339 914//914 1336//1336
f 914//914 1339//1339 915//915
f 1340//1340 915//915 1339//1339
f 915//915 1340//1340 917//917
f 1341//1341 917//917 1340//1340
f 917//917 1341//1341 919//919
f 1342//1342 919//919 1341//1341
f 919//919 1342//1342 921//921
f 1343//1343 921//921 1342//1342
f 921//921 1343//1343 923//923
f 928//928 923//923 1343//1343
f 923//923 928//928 925//925
f 1343//1343 930//930 928//928
f 930//930 1343//1343 1344//1344
f 1342//1342 1344//1344 1343//1343
f 1344//1344 1342//1342 1345//1345
f 1341//1341 1345//1345 1342//1342
f 1345//1345 1341//1341 1346//1346
f 1340//1340 1346//1346 1341//1341
f 1346//1346 1340//1340 1347//1347
f 1339//1339 1347//1347 1340//1340
f 1347//1347 1339//1339 1348//1348
f 1336//1336 1348//1348 1339//1339
f 1348//1348 1336//1336 1334//1334
f 1334//1334 944//944 1348//1348
f 944//944 1334//1334 946//946
f 942//942 1348//1348 944//944
f 1348//1348 942//942 1347//1347
f 940//940 1347//1347 942//942
f 1347//1347 940//940 1346//1346
f 938//938 1346//1346 940//940
f 1346//1346 938//938 1345//1345
f 936//936 1345//1345 938//938
f 1345//1345 936//936 1344//1344
f 932//932 1344//1344 936//936
f 1344//1344 932//932 930//930
f 464//464 465//465 906//906
f 622//622 1349//1349 902//902
f 1349//1349 622//622 623//623
f 623//623 1350//1350 1349//1349
f 1350//1350 623//623 624//624
f 624//624 1351//1351 1350//1350
f 1351//1351 624//624 625//625
f 625//625 1352//1352 1351//1351
f 1352//1352 625//625 626//626
f 626//626 1353//1353 1352//1352
f 1353//1353 626//626 627//627
f 627//627 1354//1354 1353//1353
f 1354//1354 627//627 628//628
f 629//629 1354//1354 628//628
f 1354//1354 629//629 1355//1355
f 630//630 1355//1355 629//629
f 1355//1355 630//630 1356//1356
f 631//631 1356//1356 630//630
f 1356//1356 631//631 1357//1357
f 633//633 1357//1357 631//631
f 1357//1357 633//633 1358//1358
f 635//635 1358//1358 633//633
f 1358//1358 635//635 1359//1359
f 637//637 1359//1359 635//635
f 1359//1359 637//637 640//640
f 640//640 1360//1360 1359//1359
f 1360//1360 640//640 643//643
f 643//643 1361//1361 1360//1360
f 1361//1361 643//643 645//645
f 645//645 1362//1362 1361//1361
f 1362//1362 645//645 647//647
f 649//649 1362//1362 647//647
f 1362//1362 649//649 1363//1363
f 652//652 1363//1363 649//649
f 1363//1363 652//652 1364//1364
f 654//654 1364//1364 652//652
f 1364//1364 654//654 1365//1365
f 656//656 1365//1365 654//654
f 1365//1365 656//656 1366//1366
f 659//659 1366//1366 656//656
f 1366//1366 659//659 1367//1367
f 662//662 1367//1367 659//659
f 1367//1367 662//662 1368//1368
f 663//663 1368//1368 662//662
f 1368//1368 663//663 665//665
f 665//665 1369//1369 1368//1368
f 1369//1369 665//665 667//667
f 667//667 1370//1370 1369//1369
f 1370//1370 667//667 669//669
f 669//669 1371//1371 1370//1370
f 1371//1371 669//669 671//671
f 671//671 1372//1372 1371//1371
f 1372//1372 671//671 673//673
f 673//673 1373//1373 1372//1372
f 1373//1373 673//673 675//675
f 675//675 1374//1374 1373//1373
f 1374//1374 675//675 676//676
f 676//676 1375//1375 1374//1374
f 1375//1375 676//676 1376//1376
f 677//677 1376//1376 676//676
f 1376//1376 677//677 1377//1377
f 679//679 1377//1377 677//677
f 1377//1377 679//679 844//844
f 844//844 1378//1378 1377//1377
f 1378//1378 844//844 845//845
f 845//845 1379//1379 1378//1378
f 1379//1379 845//845 846//846
f 846//846 1380//1380 1379//1379
f 1380//1380 846//846 847//847
f 847//847 1381//1381 1380//1380
f 1381//1381 847//847 848//848
f 848//848 1382//1382 1381//1381
f 1382//1382 848//848 849//849
f 850//850 1382//1382 849//849
f 1382//1382 850//850 1383//1383
f 851//851 1383//1383 850//850
f 1383//1383 851//851 1384//1384
f 852//852 1384//1384 851//851
f 1384//1384 852//852 1385//1385
f 852//852 1386//1386 1385//1385
f 1386//1386 852//852 853//853
f 853//853 1387//1387 1386//1386
f 1387//1387 853//853 854//854
f 854//854 1388//1388 1387//1387
f 1388//1388 854//854 855//855
f 855//855 1389//1389 1388//1388
f 1389//1389 855//855 856//856
f 856//856 1390//1390 1389//1389
f 1390//1390 856//856 857//857
f 857//857 1391//1391 1390//1390
f 1391//1391 857//857 858//858
f 859//859 1391//1391 858//858
f 1391//1391 859//859 1392//1392
f 860//860 1392//1392 859//859
f 1392//1392 860//860 1393//1393
f 861//861 1393//1393 860//860
f 1393//1393 861//861 1394//1394
f 861//861 1395//1395 1394//1394
f 1395//1395 861//861 862//862
f 863//863 1395//1395 862//862
f 1395//1395 863//863 1396//1396
f 864//864 1396//1396 863//863
f 1396//1396 864//864 1397//1397
f 865//865 1397//1397 864//864
f 1397//1397 865//865 1398//1398
f 866//866 1398//1398 865//865
f 1398//1398 866//866 1399//1399
f 867//867 1399//1399 866//866
f 1399//1399 867//867 1400//1400
f 868//868 1400//1400 867//867
f 1400//1400 868//868 1401//1401
f 868//868 870//870 1401//1401
f 870//870 868//868 869//869
f 871//871 1401//1401 870//870
f 1401//1401 871//871 1402//1402
f 871//871 1403//1403 1402//1402
f 1403//1403 871//871 872//872
f 872//872 1404//1404 1403//1403
f 1404//1404 872//872 873//873
f 873//873 1405//1405 1404//1404
f 1405//1405 873//873 874//874
f 874//874 1406//1406 1405//1405
f 1406//1406 874//874 875//875
f 875//875 1407//1407 1406//1406
f 1407//1407 875//875 876//876
f 876//876 878//878 1407//1407
f 878//878 876//876 877//877
f 1408//1408 1407//1407 878//878
f 1407//1407 1408//1408 1409//1409
f 1410//1410 1409//1409 1408//1408
f 1409//1409 1410//1410 1411//1411
f 1412//1412 1411//1411 1410//1410
f 1411//1411 1412//1412 1413//1413
f 1414//1414 1413//1413 1412//1412
f 1413//1413 1414//1414 1415//1415
f 1416//1416 1415//1415 1414//1414
f 1415//1415 1416//1416 1417//1417
f 1418//1418 1417//1417 1416//1416
f 1417//1417 1418//1418 1419//1419
f 1420//1420 1419//1419 1418//1418
f 1419//1419 1420//1420 1421//1421
f 1422//1422 1421//1421 1420//1420
f 1421//1421 1422//1422 1423//1423
f 1424//1424 1423//1423 1422//1422
f 1423//1423 1424//1424 1425//1425
f 1426//1426 1425//1425 1424//1424
f 1425//1425 1426//1426 1427//1427
f 1428//1428 1427//1427 1426//1426
f 1427//1427 1428//1428 1429//1429
f 1430//1430 1429//1429 1428//1428
f 1429//1429 1430//1430 1431//1431
f 1432//1432 1431//1431 1430//1430
f 1431//1431 1432//1432 1433//1433
f 1434//1434 1433//1433 1432//1432
f 1433//1433 1434//1434 1435//1435
f 1436//1436 1435//1435 1434//1434
f 1435//1435 1436//1436 1437//1437
f 1438//1438 1437//1437 1436//1436
f 1437//1437 1438//1438 1439//1439
f 1440//1440 1439//1439 1438//1438
f 1439//1439 1440//1440 1441//1441
f 1442//1442 1441//1441 1440//1440
f 1441//1441 1442//1442 1443//1443
f 1444//1444 1443//1443 1442//1442
f 1443//1443 1444//1444 1445//1445
f 1446//1446 1445//1445 1444//1444
f 1445//1445 1446//1446 1447//1447
f 1448//1448 1447//1447 1446//1446
f 1447//1447 1448//1448 1449//1449
f 1450//1450 1449//1449 1448//1448
f 1449//1449 1450//1450 1451//1451
f 1452//1452 1451//1451 1450//1450
f 1451//1451 1452//1452 1453//1453
f 1454//1454 1453//1453 1452//1452
f 1453//1453 1454//1454 1455//1455
f 1456//1456 1455//1455 1454//1454
f 1455//1455 1456//1456 1457//1457
f 1458//1458 1457//1457 1456//1456
f 1457//1457 1458//1458 1459//1459
f 1458//1458 1460//1460 1459//1459
f 1460//1460 1458//1458 1461//1461
f 1462//1462 1461//1461 1458//1458
f 1461//1461 1462//1462 1463//1463
f 1462//1462 1464//1464 1463//1463
f 1464//1464 1462//1462 1465//1465
f 1466//1466 1465//1465 1462//1462
f 1465//1465 1466//1466 1467//1467
f 1468//1468 1467//1467 1466//1466
f 1467//1467 1468//1468 1469//1469
f 1470//1470 1469//1469 1468//1468
f 1469//1469 1470//1470 1471//1471
f 1472//1472 1471//1471 1470//1470
f 1471//1471 1472//1472 1473//1473
f 1474//1474 1473//1473 1472//1472
f 1473//1473 1474//1474 1475//1475
f 1476//1476 1475//1475 1474//1474
f 1475//1475 1476//1476 1477//1477
f 1478//1478 1477//1477 1476//1476
f 1477//1477 1478//1478 1479//1479
f 1480//1480 1479//1479 1478//1478
f 1479//1479 1480//1480 1481//1481
f 1482//1482 1481//1481 1480//1480
f 1481//1481 1482//1482 1483//1483
f 1484//1484 1483//1483 1482//1482
f 1483//1483 1484//1484 1485//1485
f 1484//1484 1486//1486 1485//1485
f 1486//1486 1484//1484 1487//1487
f 1484//1484 1436//1436 1487//1487
f 1436//1436 1484//1484 1438//1438
f 1482//1482 1438//1438 1484//1484
f 1438//1438 1482//1482 1440//1440
f 1480//1480 1440//1440 1482//1482
f 1440//1440 1480//1480 1442//1442
f 1478//1478 1442//1442 1480//1480
f 1442//1442 1478//1478 1444//1444
f 1476//1476 1444//1444 1478//1478
f 1444//1444 1476//1476 1446//1446
f 1474//1474 1446//1446 1476//1476
f 1446//1446 1474//1474 1448//1448
f 1472//1472 1448//1448 1474//1474
f 1448//1448 1472//1472 1450//1450
f 1470//1470 1450//1450 1472//1472
f 1450//1450 1470//1470 1452//1452
f 1468//1468 1452//1452 1470//1470
f 1452//1452 1468//1468 1454//1454
f 1466//1466 1454//1454 1468//1468
f 1454//1454 1466//1466 1456//1456
f 1462//1462 1456//1456 1466//1466
f 1456//1456 1462//1462 1458//1458
f 1436//1436 1488//1488 1487//1487
f 1488//1488 1436//1436 1434//1434
f 1434//1434 1489//1489 1488//1488
f 1489//1489 1434//1434 1432//1432
f 1430//1430 1489//1489 1432//1432
f 1489//1489 1430//1430 1490//1490
f 1428//1428 1490//1490 1430//1430
f 1490//1490 1428//1428 1491//1491
f 1428//1428 1492//1492 1491//1491
f 1492//1492 1428//1428 1426//1426
f 1424//1424 1492//1492 1426//1426
f 1492//1492 1424//1424 1493//1493
f 1422//1422 1493//1493 1424//1424
f 1493//1493 1422//1422 1494//1494
f 1420//1420 1494//1494 1422//1422
f 1494//1494 1420//1420 1495//1495
f 1418//1418 1495//1495 1420//1420
f 1495//1495 1418//1418 1496//1496
f 1416//1416 1496//1496 1418//1418
f 1496//1496 1416//1416 1497//1497
f 1414//1414 1497//1497 1416//1416
f 1497//1497 1414//1414 1498//1498
f 1412//1412 1498//1498 1414//1414
f 1498//1498 1412//1412 1499//1499
f 1410//1410 1499//1499 1412//1412
f 1499//1499 1410//1410 1500//1500
f 1408//1408 1500//1500 1410//1410
f 1500//1500 1408//1408 1501//1501
f 878//878 1501//1501 1408//1408
f 1501//1501 878//878 879//879
f 879//879 1502//1502 1501//1501
f 1502//1502 879//879 880//880
f 881//881 1502//1502 880//880
f 1502//1502 881//881 1503//1503
f 882//882 1503//1503 881//881
f 1503//1503 882//882 883//883
f 884//884 1503//1503 883//883
f 1503//1503 884//884 1504//1504
f 885//885 1504//1504 884//884
f 1504//1504 885//885 1505//1505
f 886//886 1505//1505 885//885
f 1505//1505 886//886 1506//1506
f 887//887 1506//1506 886//886
f 1506//1506 887//887 1507//1507
f 888//888 1507//1507 887//887
f 1507//1507 888//888 1508//1508
f 888//888 1509//1509 1508//1508
f 1509//1509 888//888 889//889
f 890//890 1509//1509 889//889
f 1509//1509 890//890 1510//1510
f 891//891 1510//1510 890//890
f 1510//1510 891//891 1511//1511
f 892//892 1511//1511 891//891
f 1511//1511 892//892 1512//1512
f 892//892 1513//1513 1512//1512
f 1513//1513 892//892 893//893
f 893//893 1514//1514 1513//1513
f 1514//1514 893//893 894//894
f 894//894 1515//1515 1514//1514
f 1515//1515 894//894 895//895
f 895//895 1516//1516 1515//1515
f 1516//1516 895//895 896//896
f 896//896 1517//1517 1516//1516
f 1517//1517 896//896 897//897
f 897//897 1518//1518 1517//1517
f 1518//1518 897//897 898//898
f 899//899 1518//1518 898//898
f 1518//1518 899//899 1519//1519
f 900//900 1519//1519 899//899
f 1519//1519 900//900 1520//1520
f 901//901 1520//1520 900//900
f 1520//1520 901//901 1521//1521
f 901//901 1522//1522 1521//1521
f 1522//1522 901//901 902//902
f 902//902 1523//1523 1522//1522
f 1523//1523 902//902 1349//1349
f 1349//1349 1524//1524 1523//1523
f 1524//1524 1349//1349 1350//1350
f 1350//1350 1525//1525 1524//1524
f 1525//1525 1350//1350 1351//1351
f 1351//1351 1526//1526 1525//1525
f 1526//1526 1351//1351 1352//1352
f 1352//1352 1527//1527 1526//1526
f 1527//1527 1352//1352 1353//1353
f 1354//1354 1527//1527 1353//1353
f 1527//1527 1354//1354 1528//1528
f 1355//1355 1528//1528 1354//1354
f 1528//1528 1355//1355 1529//1529
f 1356//1356 1529//1529 1355//1355
f 1529//1529 1356//1356 1530//1530
f 1357//1357 1530//1530 1356//1356
f 1530//1530 1357//1357 1531//1531
f 1358//1358 1531//1531 1357//1357
f 1531//1531 1358//1358 1532//1532
f 1359//1359 1532//1532 1358//1358
f 1532//1532 1359//1359 1360//1360
f 1360//1360 1533//1533 1532//1532
f 1533//1533 1360//1360 1361//1361
f 1361//1361 1534//1534 1533//1533
f 1534//1534 1361//1361 1362//1362
f 1363//1363 1534//1534 1362//1362
f 1534//1534 1363//1363 1535//1535
f 1364//1364 1535//1535 1363//1363
f 1535//1535 1364//1364 1536//1536
f 1365//1365 1536//1536 1364//1364
f 1536//1536 1365//1365 1537//1537
f 1366//1366 1537//1537 1365//1365
f 1537//1537 1366//1366 1538//1538
f 1367//1367 1538//1538 1366//1366
f 1538//1538 1367//1367 1539//1539
f 1368//1368 1539//1539 1367//1367
f 1539//1539 1368//1368 1369//1369
f 1369//1369 1540//1540 1539//1539
f 1540//1540 1369//1369 1370//1370
f 1370//1370 1541//1541 1540//1540
f 1541//1541 1370//1370 1371//1371
f 1371//1371 1542//1542 1541//1541
f 1542//1542 1371//1371 1372//1372
f 1372//1372 1543//1543 1542//1542
f 1543//1543 1372//1372 1373//1373
f 1374//1374 1543//1543 1373//1373
f 1543//1543 1374//1374 1544//1544
f 1375//1375 1544//1544 1374//1374
f 1544//1544 1375//1375 1545//1545
f 1546//1546 1545//1545 1375//1375
f 1545//1545 1546//1546 1547//1547
f 1548//1548 1547//1547 1546//1546
f 1547//1547 1548//1548 1549//1549
f 1550//1550 1549//1549 1548//1548
f 1549//1549 1550//1550 1551//1551
f 1552//1552 1551//1551 1550//1550
f 1551//1551 1552//1552 1553//1553
f 1552//1552 1554//1554 1553//1553
f 1554//1554 1552//1552 1555//1555
f 1556//1556 1555//1555 1552//1552
f 1555//1555 1556//1556 1557//1557
f 1381//1381 1557//1557 1556//1556
f 1557//1557 1381//1381 1382//1382
f 1383//1383 1557//1557 1382//1382
f 1557//1557 1383//1383 1558//1558
f 1384//1384 1558//1558 1383//1383
f 1558//1558 1384//1384 1559//1559
f 1385//1385 1559//1559 1384//1384
f 1559//1559 1385//1385 1560//1560
f 1385//1385 1561//1561 1560//1560
f 1561//1561 1385//1385 1386//1386
f 1386//1386 1562//1562 1561//1561
f 1562//1562 1386//1386 1387//1387
f 1387//1387 1563//1563 1562//1562
f 1563//1563 1387//1387 1388//1388
f 1388//1388 1564//1564 1563//1563
f 1564//1564 1388//1388 1389//1389
f 1389//1389 1565//1565 1564//1564
f 1565//1565 1389//1389 1390//1390
f 1390//1390 1566//1566 1565//1565
f 1566//1566 1390//1390 1391//1391
f 1392//1392 1566//1566 1391//1391
f 1566//1566 1392//1392 1567//1567
f 1393//1393 1567//1567 1392//1392
f 1567//1567 1393//1393 1568//1568
f 1394//1394 1568//1568 1393//1393
f 1568//1568 1394//1394 1569//1569
f 1394//1394 1570//1570 1569//1569
f 1570//1570 1394//1394 1395//1395
f 1396//1396 1570//1570 1395//1395
f 1570//1570 1396//1396 1571//1571
f 1397//1397 1571//1571 1396//1396
f 1571//1571 1397//1397 1572//1572
f 1398//1398 1572//1572 1397//1397
f 1572//1572 1398//1398 1573//1573
f 1399//1399 1573//1573 1398//1398
f 1573//1573 1399//1399 1574//1574
f 1400//1400 1574//1574 1399//1399
f 1574//1574 1400//1400 1575//1575
f 1401//1401 1575//1575 1400//1400
f 1575//1575 1401//1401 1402//1402
f 1403//1403 1575//1575 1402//1402
f 1575//1575 1403//1403 1576//1576
f 1404//1404 1576//1576 1403//1403
f 1576//1576 1404//1404 1577//1577
f 1404//1404 1578//1578 1577//1577
f 1578//1578 1404//1404 1405//1405
f 1405//1405 1579//1579 1578//1578
f 1579//1579 1405//1405 1406//1406
f 1406//1406 1409//1409 1579//1579
f 1409//1409 1406//1406 1407//1407
f 1411//1411 1579//1579 1409//1409
f 1579//1579 1411//1411 1580//1580
f 1413//1413 1580//1580 1411//1411
f 1580//1580 1413//1413 1581//1581
f 1415//1415 1581//1581 1413//1413
f 1581//1581 1415//1415 1582//1582
f 1417//1417 1582//1582 1415//1415
f 1582//1582 1417//1417 1583//1583
f 1419//1419 1583//1583 1417//1417
f 1583//1583 1419//1419 1584//1584
f 1421//1421 1584//1584 1419//1419
f 1584//1584 1421//1421 1585//1585
f 1423//1423 1585//1585 1421//1421
f 1585//1585 1423//1423 1586//1586
f 1425//1425 1586//1586 1423//1423
f 1586//1586 1425//1425 1587//1587
f 1427//1427 1587//1587 1425//1425
f 1587//1587 1427//1427 1588//1588
f 1429//1429 1588//1588 1427//1427
f 1588//1588 1429//1429 1589//1589
f 1431//1431 1589//1589 1429//1429
f 1589//1589 1431//1431 1590//1590
f 1433//1433 1590//1590 1431//1431
f 1590//1590 1433//1433 1591//1591
f 1435//1435 1591//1591 1433//1433
f 1591//1591 1435//1435 1592//1592
f 1437//1437 1592//1592 1435//1435
f 1592//1592 1437//1437 1593//1593
f 1439//1439 1593//1593 1437//1437
f 1593//1593 1439//1439 1594//1594
f 1441//1441 1594//1594 1439//1439
f 1594//1594 1441//1441 1595//1595
f 1443//1443 1595//1595 1441//1441
f 1595//1595 1443//1443 1596//1596
f 1445//1445 1596//1596 1443//1443
f 1596//1596 1445//1445 1597//1597
f 1447//1447 1597//1597 1445//1445
f 1597//1597 1447//1447 1598//1598
f 1449//1449 1598//1598 1447//1447
f 1598//1598 1449//1449 1599//1599
f 1451//1451 1599//1599 1449//1449
f 1599//1599 1451//1451 1600//1600
f 1453//1453 1600//1600 1451//1451
f 1600//1600 1453//1453 1601//1601
f 1455//1455 1601//1601 1453//1453
f 1601//1601 1455//1455 1602//1602
f 1457//1457 1602//1602 1455//1455
f 1602//1602 1457//1457 1603//1603
f 1459//1459 1603//1603 1457//1457
f 1603//1603 1459//1459 1604//1604
f 1459//1459 1605//1605 1604//1604
f 1605//1605 1459//1459 1460//1460
f 1460//1460 1606//1606 1605//1605
f 1606//1606 1460//1460 1607//1607
f 1461//1461 1607//1607 1460//1460
f 1607//1607 1461//1461 1608//1608
f 1463//1463 1608//1608 1461//1461
f 1608//1608 1463//1463 1609//1609
f 1463//1463 1610//1610 1609//1609
f 1610//1610 1463//1463 1464//1464
f 1464//1464 1530//1530 1610//1610
f 1530//1530 1464//1464 1529//1529
f 1465//1465 1529//1529 1464//1464
f 1529//1529 1465//1465 1528//1528
f 1467//1467 1528//1528 1465//1465
f 1528//1528 1467//1467 1527//1527
f 1469//1469 1527//1527 1467//1467
f 1527//1527 1469//1469 1526//1526
f 1471//1471 1526//1526 1469//1469
f 1526//1526 1471//1471 1525//1525
f 1473//1473 1525//1525 1471//1471
f 1525//1525 1473//1473 1524//1524
f 1475//1475 1524//1524 1473//1473
f 1524//1524 1475//1475 1523//1523
f 1477//1477 1523//1523 1475//1475
f 1523//1523 1477//1477 1522//1522
f 1479//1479 1522//1522 1477//1477
f 1522//1522 1479//1479 1521//1521
f 1481//1481 1521//1521 1479//1479
f 1521//1521 1481//1481 1520//1520
f 1483//1483 1520//1520 1481//1481
f 1520//1520 1483//1483 1519//1519
f 1485//1485 1519//1519 1483//1483
f 1519//1519 1485//1485 1518//1518
f 1485//1485 1517//1517 1518//1518
f 1517//1517 1485//1485 1486//1486
f 1486//1486 1516//1516 1517//1517
f 1516//1516 1486//1486 1611//1611
f 1487//1487 1611//1611 1486//1486
f 1611//1611 1487//1487 1488//1488
f 1488//1488 1612//1612 1611//1611
f 1612//1612 1488//1488 1489//1489
f 1489//1489 1613//1613 1612//1612
f 1613//1613 1489//1489 1490//1490
f 1490//1490 1614//1614 1613//1613
f 1614//1614 1490//1490 1491//1491
f 1491//1491 1615//1615 1614//1614
f 1615//1615 1491//1491 1492//1492
f 1493//1493 1615//1615 1492//1492
f 1615//1615 1493//1493 1616//1616
f 1494//1494 1616//1616 1493//1493
f 1616//1616 1494//1494 1617//1617
f 1495//1495 1617//1617 1494//1494
f 1617//1617 1495//1495 1618//1618
f 1496//1496 1618//1618 1495//1495
f 1618//1618 1496//1496 1619//1619
f 1497//1497 1619//1619 1496//1496
f 1619//1619 1497//1497 1620//1620
f 1498//1498 1620//1620 1497//1497
f 1620//1620 1498//1498 1621//1621
f 1499//1499 1621//1621 1498//1498
f 1621//1621 1499//1499 1622//1622
f 1500//1500 1622//1622 1499//1499
f 1622//1622 1500//1500 1623//1623
f 1501//1501 1623//1623 1500//1500
f 1623//1623 1501//1501 1502//1502
f 1502//1502 1504//1504 1623//1623
f 1504//1504 1502//1502 1503//1503
f 1505//1505 1623//1623 1504//1504
f 1623//1623 1505//1505 1622//1622
f 1506//1506 1622//1622 1505//1505
f 1622//1622 1506//1506 1621//1621
f 1507//1507 1621//1621 1506//1506
f 1621//1621 1507//1507 1620//1620
f 1508//1508 1620//1620 1507//1507
f 1620//1620 1508//1508 1619//1619
f 1509//1509 1619//1619 1508//1508
f 1619//1619 1509//1509 1618//1618
f 1510//1510 1618//1618 1509//1509
f 1618//1618 1510//1510 1617//1617
f 1511//1511 1617//1617 1510//1510
f 1617//1617 1511//1511 1616//1616
f 1512//1512 1616//1616 1511//1511
f 1616//1616 1512//1512 1615//1615
f 1512//1512 1614//1614 1615//1615
f 1614//1614 1512//1512 1513//1513
f 1513//1513 1613//1613 1614//1614
f 1613//1613 1513//1513 1514//1514
f 1514//1514 1612//1612 1613//1613
f 1612//1612 1514//1514 1515//1515
f 1515//1515 1611//1611 1612//1612
f 1611//1611 1515//1515 1516//1516
f 1531//1531 1610//1610 1530//1530
f 1610//1610 1531//1531 1624//1624
f 1532//1532 1624//1624 1531//1531
f 1624//1624 1532//1532 1533//1533
f 1533//1533 1625//1625 1624//1624
f 1625//1625 1533//1533 1534//1534
f 1535//1535 1625//1625 1534//1534
f 1625//1625 1535//1535 1626//1626
f 1536//1536 1626//1626 1535//1535
f 1626//1626 1536//1536 1627//1627
f 1537//1537 1627//1627 1536//1536
f 1627//1627 1537//1537 1628//1628
f 1538//1538 1628//1628 1537//1537
f 1628//1628 1538//1538 1629//1629
f 1539//1539 1629//1629 1538//1538
f 1629//1629 1539//1539 1540//1540
f 1540//1540 1630//1630 1629//1629
f 1630//1630 1540//1540 1541//1541
f 1541//1541 1631//1631 1630//1630
f 1631//1631 1541//1541 1542//1542
f 1542//1542 1632//1632 1631//1631
f 1632//1632 1542//1542 1543//1543
f 1543//1543 1633//1633 1632//1632
f 1633//1633 1543//1543 1544//1544
f 1545//1545 1633//1633 1544//1544
f 1633//1633 1545//1545 1634//1634
f 1547//1547 1634//1634 1545//1545
f 1634//1634 1547//1547 1635//1635
f 1549//1549 1635//1635 1547//1547
f 1635//1635 1549//1549 1636//1636
f 1551//1551 1636//1636 1549//1549
f 1636//1636 1551//1551 1637//1637
f 1553//1553 1637//1637 1551//1551
f 1637//1637 1553//1553 1638//1638
f 1553//1553 1639//1639 1638//1638
f 1639//1639 1553//1553 1554//1554
f 1554//1554 1640//1640 1639//1639
f 1640//1640 1554//1554 1641//1641
f 1555//1555 1641//1641 1554//1554
f 1641//1641 1555//1555 1642//1642
f 1557//1557 1642//1642 1555//1555
f 1642//1642 1557//1557 1558//1558
f 1559//1559 1642//1642 1558//1558
f 1642//1642 1559//1559 1643//1643
f 1559//1559 1644//1644 1643//1643
f 1644//1644 1559//1559 1560//1560
f 1561//1561 1644//1644 1560//1560
f 1644//1644 1561//1561 1645//1645
f 1562//1562 1645//1645 1561//1561
f 1645//1645 1562//1562 1646//1646
f 1563//1563 1646//1646 1562//1562
f 1646//1646 1563//1563 1647//1647
f 1564//1564 1647//1647 1563//1563
f 1647//1647 1564//1564 1648//1648
f 1565//1565 1648//1648 1564//1564
f 1648//1648 1565//1565 1649//1649
f 1566//1566 1649//1649 1565//1565
f 1649//1649 1566//1566 1650//1650
f 1566//1566 1651//1651 1650//1650
f 1651//1651 1566//1566 1567//1567
f 1568//1568 1651//1651 1567//1567
f 1651//1651 1568//1568 1652//1652
f 1568//1568 1653//1653 1652//1652
f 1653//1653 1568//1568 1569//1569
f 1569//1569 1654//1654 1653//1653
f 1654//1654 1569//1569 1570//1570
f 1570//1570 1655//1655 1654//1654
f 1655//1655 1570//1570 1571//1571
f 1571//1571 1656//1656 1655//1655
f 1656//1656 1571//1571 1572//1572
f 1572//1572 1657//1657 1656//1656
f 1657//1657 1572//1572 1573//1573
f 1573//1573 1658//1658 1657//1657
f 1658//1658 1573//1573 1574//1574
f 1574//1574 1576//1576 1658//1658
f 1576//1576 1574//1574 1575//1575
f 1577//1577 1658//1658 1576//1576
f 1658//1658 1577//1577 1659//1659
f 1578//1578 1659//1659 1577//1577
f 1659//1659 1578//1578 1660//1660
f 1578//1578 1580//1580 1660//1660
f 1580//1580 1578//1578 1579//1579
f 1581//1581 1660//1660 1580//1580
f 1660//1660 1581//1581 1661//1661
f 1582//1582 1661//1661 1581//1581
f 1661//1661 1582//1582 1662//1662
f 1583//1583 1662//1662 1582//1582
f 1662//1662 1583//1583 1663//1663
f 1584//1584 1663//1663 1583//1583
f 1663//1663 1584//1584 1664//1664
f 1585//1585 1664//1664 1584//1584
f 1664//1664 1585//1585 1665//1665
f 1586//1586 1665//1665 1585//1585
f 1665//1665 1586//1586 1666//1666
f 1587//1587 1666//1666 1586//1586
f 1666//1666 1587//1587 1667//1667
f 1588//1588 1667//1667 1587//1587
f 1667//1667 1588//1588 1668//1668
f 1589//1589 1668//1668 1588//1588
f 1668//1668 1589//1589 1669//1669
f 1590//1590 1669//1669 1589//1589
f 1669//1669 1590//1590 1670//1670
f 1591//1591 1670//1670 1590//1590
f 1670//1670 1591//1591 1671//1671
f 1592//1592 1671//1671 1591//1591
f 1671//1671 1592//1592 1672//1672
f 1593//1593 1672//1672 1592//1592
f 1672//1672 1593//1593 1673//1673
f 1594//1594 1673//1673 1593//1593
f 1673//1673 1594//1594 1674//1674
f 1595//1595 1674//1674 1594//1594
f 1674//1674 1595//1595 1675//1675
f 1596//1596 1675//1675 1595//1595
f 1675//1675 1596//1596 1640//1640
f 1597//1597 1640//1640 1596//1596
f 1640//1640 1597//1597 1639//1639
f 1598//1598 1639//1639 1597//1597
f 1639//1639 1598//1598 1638//1638
f 1599//1599 1638//1638 1598//1598
f 1638//1638 1599//1599 1637//1637
f 1600//1600 1637//1637 1599//1599
f 1637//1637 1600//1600 1636//1636
f 1601//1601 1636//1636 1600//1600
f 1636//1636 1601//1601 1635//1635
f 1602//1602 1635//1635 1601//1601
f 1635//1635 1602//1602 1634//1634
f 1603//1603 1634//1634 1602//1602
f 1634//1634 1603//1603 1633//1633
f 1603//1603 1632//1632 1633//1633
f 1632//1632 1603//1603 1604//1604
f 1604//1604 1631//1631 1632//1632
f 1631//1631 1604//1604 1605//1605
f 1605//1605 1630//1630 1631//1631
f 1630//1630 1605//1605 1606//1606
f 1606//1606 1629//1629 1630//1630
f 1629//1629 1606//1606 1628//1628
f 1607//1607 1628//1628 1606//1606
f 1628//1628 1607//1607 1627//1627
f 1608//1608 1627//1627 1607//1607
f 1627//1627 1608//1608 1626//1626
f 1608//1608 1625//1625 1626//1626
f 1625//1625 1608//1608 1609//1609
f 1609//1609 1624//1624 1625//1625
f 1624//1624 1609//1609 1610//1610
f 1641//1641 1675//1675 1640//1640
f 1675//1675 1641//1641 1676//1676
f 1642//1642 1676//1676 1641//1641
f 1676//1676 1642//1642 1643//1643
f 1643//1643 1677//1677 1676//1676
f 1677//1677 1643//1643 1644//1644
f 1645//1645 1677//1677 1644//1644
f 1677//1677 1645//1645 1678//1678
f 1646//1646 1678//1678 1645//1645
f 1678//1678 1646//1646 1679//1679
f 1647//1647 1679//1679 1646//1646
f 1679//1679 1647//1647 1680//1680
f 1648//1648 1680//1680 1647//1647
f 1680//1680 1648//1648 1681//1681
f 1649//1649 1681//1681 1648//1648
f 1681//1681 1649//1649 1682//1682
f 1650//1650 1682//1682 1649//1649
f 1682//1682 1650//1650 1683//1683
f 1650//1650 1684//1684 1683//1683
f 1684//1684 1650//1650 1651//1651
f 1651//1651 1685//1685 1684//1684
f 1685//1685 1651//1651 1652//1652
f 1652//1652 1686//1686 1685//1685
f 1686//1686 1652//1652 1653//1653
f 1653//1653 1687//1687 1686//1686
f 1687//1687 1653//1653 1654//1654
f 1654//1654 1688//1688 1687//1687
f 1688//1688 1654//1654 1655//1655
f 1655//1655 1689//1689 1688//1688
f 1689//1689 1655//1655 1656//1656
f 1656//1656 1690//1690 1689//1689
f 1690//1690 1656//1656 1657//1657
f 1657//1657 1659//1659 1690//1690
f 1659//1659 1657//1657 1658//1658
f 1660//1660 1690//1690 1659//1659
f 1690//1690 1660//1660 1661//1661
f 1661//1661 1689//1689 1690//1690
f 1689//1689 1661//1661 1662//1662
f 1662//1662 1688//1688 1689//1689
f 1688//1688 1662//1662 1663//1663
f 1663//1663 1687//1687 1688//1688
f 1687//1687 1663//1663 1664//1664
f 1664//1664 1686//1686 1687//1687
f 1686//1686 1664//1664 1665//1665
f 1665//1665 1685//1685 1686//1686
f 1685//1685 1665//1665 1666//1666
f 1666//1666 1684//1684 1685//1685
f 1684//1684 1666//1666 1667//1667
f 1667//1667 1683//1683 1684//1684
f 1683//1683 1667//1667 1668//1668
f 1669//1669 1683//1683 1668//1668
f 1683//1683 1669//1669 1682//1682
f 1670//1670 1682//1682 1669//1669
f 1682//1682 1670//1670 1681//1681
f 1671//1671 1681//1681 1670//1670
f 1681//1681 1671//1671 1680//1680
f 1672//1672 1680//1680 1671//1671
f 1680//1680 1672//1672 1679//1679
f 1673//1673 1679//1679 1672//1672
f 1679//1679 1673//1673 1678//1678
f 1674//1674 1678//1678 1673//1673
f 1678//1678 1674//1674 1677//1677
f 1674//1674 1676//1676 1677//1677
f 1676//1676 1674//1674 1675//1675
f 1556//1556 1380//1380 1381//1381
f 1380//1380 1556//1556 1691//1691
f 1552//1552 1691//1691 1556//1556
f 1691//1691 1552//1552 1550//1550
f 1550//1550 1692//1692 1691//1691
f 1692//1692 1550//1550 1548//1548
f 1546//1546 1692//1692 1548//1548
f 1692//1692 1546//1546 1693//1693
f 1546//1546 1376//1376 1693//1693
f 1376//1376 1546//1546 1375//1375
f 1377//1377 1693//1693 1376//1376
f 1693//1693 1377//1377 1378//1378
f 1378//1378 1692//1692 1693//1693
f 1692//1692 1378//1378 1379//1379
f 1379//1379 1691//1691 1692//1692
f 1691//1691 1379//1379 1380//1380
f 1694//1694 534//534 591//591
f 534//534 1694//1694 532//532
f 1695//1695 532//532 1694//1694
f 532//532 1695//1695 530//530
f 1696//1696 530//530 1695//1695
f 530//530 1696//1696 528//528
f 1697//1697 528//528 1696//1696
f 528//528 1697//1697 526//526
f 1698//1698 526//526 1697//1697
f 526//526 1698//1698 524//524
f 1699//1699 524//524 1698//1698
f 524//524 1699//1699 522//522
f 1700//1700 522//522 1699//1699
f 522//522 1700//1700 520//520
f 1701//1701 520//520 1700//1700
f 520//520 1701//1701 518//518
f 1702//1702 518//518 1701//1701
f 518//518 1702//1702 516//516
f 1703//1703 516//516 1702//1702
f 516//516 1703//1703 514//514
f 1704//1704 514//514 1703//1703
f 514//514 1704//1704 512//512
f 376//376 512//512 1704//1704
f 512//512 376//376 377//377
f 1704//1704 510//510 376//376
f 510//510 1704//1704 1705//1705
f 1703//1703 1705//1705 1704//1704
f 1705//1705 1703//1703 1706//1706
f 1702//1702 1706//1706 1703//1703
f 1706//1706 1702//1702 1707//1707
f 1701//1701 1707//1707 1702//1702
f 1707//1707 1701//1701 1708//1708
f 1700//1700 1708//1708 1701//1701
f 1708//1708 1700//1700 1709//1709
f 1699//1699 1709//1709 1700//1700
f 1709//1709 1699//1699 1710//1710
f 1698//1698 1710//1710 1699//1699
f 1710//1710 1698//1698 1711//1711
f 1697//1697 1711//1711 1698//1698
f 1711//1711 1697//1697 1712//1712
f 1696//1696 1712//1712 1697//1697
f 1712//1712 1696//1696 1713//1713
f 1695//1695 1713//1713 1696//1696
f 1713//1713 1695//1695 1714//1714
f 1694//1694 1714//1714 1695//1695
f 1714//1714 1694//1694 1715//1715
f 591//591 1715//1715 1694//1694
f 1715//1715 591//591 589//589
f 589//589 583//583 1715//1715
f 583//583 589//589 585//585
f 581//581 1715//1715 583//583
f 1715//1715 581//581 1714//1714
f 579//579 1714//1714 581//581
f 1714//1714 579//579 1713//1713
f 577//577 1713//1713 579//579
f 1713//1713 577//577 1712//1712
f 575//575 1712//1712 577//577
f 1712//1712 575//575 1711//1711
f 573//573 1711//1711 575//575
f 1711//1711 573//573 1710//1710
f 571//571 1710//1710 573//573
f 1710//1710 571//571 1709//1709
f 569//569 1709//1709 571//571
f 1709//1709 569//569 1708//1708
f 567//567 1708//1708 569//569
f 1708//1708 567//567 1707//1707
f 565//565 1707//1707 567//567
f 1707//1707 565//565 1706//1706
f 563//563 1706//1706 565//565
f 1706//1706 563//563 1705//1705
f 509//509 1705//1705 563//563
f 1705//1705 509//509 510//510
f 472//472 467//467 494//494
f 467//467 472//472 468//468
f 494//494 474//474 472//472
f 474//474 494//494 492//492
f 492//492 476//476 474//474
f 476//476 492//492 490//490
f 490//490 478//478 476//476
f 478//478 490//490 488//488
f 488//488 480//480 478//478
f 480//480 488//488 484//484
f 217//217 123//123 124//124
f 123//123 217//217 122//122
f 215//215 122//122 217//217
f 122//122 215//215 121//121
f 213//213 121//121 215//215
f 121//121 213//213 120//120
f 211//211 120//120 213//213
f 120//120 211//211 119//119
f 207//207 119//119 211//211
f 119//119 207//207 118//118
# 3440 faces, 0 coords texture

# End of File
